16384
-3.20946077670574738e-22
4.88367433651307539e-21
-5.43953970814870999e-21
7.68647763118405864e-07
1.49024859157553466e-20
1.95035179118040714e-06
-1.04290931630685729e-20
1.87018655444614203e-06
4.55931209542508778e-06
3.65282958503417021e-20
3.94819175509841634e-06
4.94455482959697823e-20
7.14551259467782983e-06
8.86651762856056020e-06
1.55517817519914905e-05
-2.11758236813575085e-20
3.62674216599625125e-06
8.46413588498087700e-06
-3.98105485209521159e-20
6.33950724365932552e-06
1.42605553889428322e-05
1.56935200615852680e-05
2.64382503159408063e-05
2.53063090805887169e-05
4.09440211548736018e-05
1.15619997300211996e-19
1.18965985605105360e-05
1.42936809849163182e-19
1.85179837894812443e-05
2.53174139413046495e-05
3.87908111122838240e-05
1.66018457661842866e-19
2.72805899715338488e-05
1.42725051612349607e-19
3.84028637374304719e-05
5.65088556457008802e-05
7.89042974779030306e-05
4.17362984563138299e-05
6.25147226270575352e-05
6.25291602758968809e-05
9.12719881912717049e-05
8.95665681500479934e-05
1.23530706388934520e-04
1.28207319940052642e-04
1.74168131348865856e-04
-6.58568116490218514e-20
1.02797110507507796e-05
2.24848668932867051e-05
-9.25383494875323120e-20
1.56811615336382664e-05
3.35991361224536017e-05
3.84940576077123569e-05
6.00931905799577756e-05
5.59361101311454153e-05
8.47662139982023453e-05
-1.44842633980485358e-19
2.27346546766268913e-05
4.79801085363775357e-05
-2.08370105024557883e-19
3.15843910808132425e-05
6.59121040196950403e-05
7.81855752071297682e-05
1.15678447775704224e-04
1.05658820029195057e-04
1.53366423135986531e-04
8.89316937220407423e-05
1.26481710339254225e-04
1.22004461952358818e-04
1.69359180826073058e-04
1.74001181238525723e-04
2.32501625405747835e-04
2.28288972474723409e-04
2.99965156028150163e-04
1.62606735663186843e-04
2.20885436731489281e-04
2.11379779676520188e-04
2.81787842107514123e-04
2.92148022679821883e-04
3.77704104935544169e-04
3.66370371658459736e-04
4.66551452531853623e-04
4.70950318673390989e-19
5.20450647265444035e-05
8.48727013148808940e-19
6.83048303494378239e-05
1.06294419852413736e-04
1.38872238822314499e-04
1.37896963813000095e-18
8.72141155821421464e-05
1.07064964532943563e-18
1.08737576316916200e-04
1.76700431662616119e-04
2.19708130185467378e-04
1.64875055276953434e-04
2.13883551839624667e-04
2.29763594751053029e-04
2.95362027863798910e-04
2.70647165700530444e-04
3.35059154942720673e-04
3.71079134238201354e-04
4.56771798963224052e-04
2.13452302708083685e-18
1.32772433493272930e-04
2.15993401549846586e-18
1.59149823120914016e-04
2.67690652829825416e-04
3.20312185666213637e-04
2.15485181781494006e-18
1.87637605078224171e-04
8.26704156520197131e-19
2.17944571923822319e-04
3.77111358496151237e-04
4.37509599419763434e-04
4.06814673707050838e-04
4.85414746533634916e-04
5.52037582840635686e-04
6.56219934662455599e-04
5.70174529736914822e-04
6.60235687099477693e-04
7.68419017190997001e-04
8.87507920649800372e-04
3.02721328721345273e-04
3.85104532937961873e-04
3.85240517400949794e-04
4.84625056741757264e-04
4.79787087050416753e-04
5.86588883062570850e-04
5.98269272770174951e-04
7.25955359518233459e-04
4.78504214246896738e-04
5.95112472946576938e-04
5.83360823103092193e-04
7.17403880074066712e-04
7.27687767714349639e-04
8.75973846329322105e-04
8.68841023462252294e-04
1.03737680773251782e-03
7.05013251032353102e-04
8.34253337340327191e-04
8.67096519399740916e-04
1.02074442049084079e-03
9.73205338646809370e-04
1.12048831525753253e-03
1.18560464923010158e-03
1.36005983626197010e-03
1.03929856835920835e-03
1.21658234117548968e-03
1.22225915168798559e-03
1.42228864153418847e-03
1.40635557340885640e-03
1.60678478228367251e-03
1.63583774254201747e-03
1.86087951970118418e-03
-2.71474059595003259e-19
4.23263880792357672e-05
8.75838751785029153e-05
-3.61683068477586245e-19
5.50087436218109574e-05
1.13089146629346415e-04
1.38630842302738644e-04
1.98181830880920590e-04
1.77236107685436355e-04
2.50292690382853040e-04
-4.59091857411830784e-19
6.96335068834030374e-05
1.42430351522552362e-04
-5.61582844029601125e-19
8.61598455573519054e-05
1.75524951977158706e-04
2.21474142855560051e-04
3.09690785180709348e-04
2.71218980959328948e-04
3.76204191680995395e-04
2.68739579501452619e-04
3.52531712310790054e-04
3.34878385084074913e-04
4.33322284421746662e-04
4.51453471586982561e-04
5.67017755947800189e-04
5.47602643389486225e-04
6.79294156508630374e-04
4.09773970312780639e-04
5.24115777499266811e-04
4.93205190096329335e-04
6.24637910708155850e-04
6.54743910114982024e-04
8.03266954227718722e-04
7.72545397143909363e-04
9.38541800413043772e-04
-6.67461962436388667e-19
1.04508171093261747e-04
2.12213672174849766e-04
-8.30092288309214332e-19
1.24564886375326837e-04
2.52269978050575702e-04
3.26231468000717404e-04
4.49513607506608188e-04
3.86173443341572781e-04
5.29171186323146520e-04
-9.85946350604005595e-19
1.46187448420023513e-04
2.95410191885386668e-04
-1.07403777711845283e-18
1.69209483386010959e-04
3.41303717498690664e-04
4.50622884580343026e-04
6.14620680579949894e-04
5.19089233120990316e-04
7.05217852374461439e-04
5.84772263151379164e-04
7.34408057614459298e-04
6.83920199769879320e-04
8.52767191101496650e-04
9.00445260586905504e-04
1.08447528937521726e-03
1.03768405975120125e-03
1.24021165573820393e-03
7.89963899174697562e-04
9.78907881258113356e-04
9.02113624886279400e-04
1.11190480817835989e-03
1.18333959063752592e-03
1.40472236777632715e-03
1.33636240215002228e-03
1.57684660528536157e-03
7.00313567241800015e-04
8.51973786829874160e-04
8.29524117210016969e-04
9.98938431944189614e-04
1.02215299964235644e-03
1.21051586647325741e-03
1.18767824779913056e-03
1.39536772218947359e-03
9.70828870154946764e-04
1.15807372787882787e-03
1.12376583548395707e-03
1.32884473165503824e-03
1.36512147498985556e-03
1.59155528649923637e-03
1.55386948454877311e-03
1.79838197235893680e-03
1.41623631616696888e-03
1.63800759461797023e-03
1.62111322146960045e-03
1.86351398734883899e-03
1.87406297192340928e-03
2.12220667770231068e-03
2.12068406111932603e-03
2.39028501133455766e-03
1.83642079457851546e-03
2.09823723849313949e-03
2.06137424153792805e-03
2.34130000299860629e-03
2.37502031627614962e-03
2.66431626564149655e-03
2.63609811484146177e-03
2.94322756734322023e-03
1.28760976690663249e-03
1.51044418338411703e-03
1.46141306955852469e-03
1.70183749670108639e-03
1.75303297777819702e-03
2.01487660754245696e-03
1.96149549062714975e-03
2.23984617088883583e-03
1.64405006657126432e-03
1.90181160114113144e-03
1.83426238828166910e-03
2.10902518288913704e-03
2.17796670366274042e-03
2.47193345092873483e-03
2.40103746415963170e-03
2.70967676777905892e-03
2.29492091476552005e-03
2.59156883005830447e-03
2.53579669355874721e-03
2.84771402491666454e-03
2.90270418760081150e-03
3.22572716173841981e-03
3.17344879215603060e-03
3.51037072251777701e-03
2.78258786178911879e-03
3.10827560550743171e-03
3.03379543582500601e-03
3.37173212952694007e-03
3.44683559798973811e-03
3.79563500452623345e-03
3.72133489192700466e-03
4.07999529228236617e-03
1.62969139051727385e-18
2.49725968579720455e-04
2.26327203506349051e-18
2.82590205290507023e-04
5.00822090953727131e-04
5.66271094310675615e-04
3.13741003662992846e-18
3.16106620349980503e-04
2.52415818281781501e-18
3.49814126275731023e-04
6.33001357023147272e-04
7.00097273823896285e-04
7.54582617888307746e-04
8.52062191573034673e-04
1.01215392061865337e-03
1.14084432771909927e-03
9.51406567469458052e-04
1.05125861049260114e-03
1.27191637674951711e-03
1.40359051514062799e-03
3.80148386727729992e-18
3.83230553897491379e-04
3.33392168039292613e-18
4.15862493622728220e-04
7.66601432560246954e-04
8.31534146749062213e-04
2.86635949350855235e-18
4.47215422282149400e-04
1.74827600313287590e-18
4.76803897674130052e-04
8.93913554824350720e-04
9.52775853658835025e-04
1.15019935773349839e-03
1.24677694589573002e-03
1.53400637665451192e-03
1.66126066774400431e-03
1.33953637770945931e-03
1.42704948697406752e-03
1.78344615219289127e-03
1.89869089547534771e-03
1.27447016482901739e-03
1.43329920360364769e-03
1.54219996660967225e-03
1.72985922937903772e-03
1.59494068056742402e-03
1.75721744270765389e-03
1.92065862014042426e-03
2.11205338408896465e-03
1.81570680342994545e-03
2.03067037583462692e-03
2.09502526133333727e-03
2.33557020629216166e-03
2.24898421436943701e-03
2.46777054129142161e-03
2.57954639930396603e-03
2.82378154400889005e-03
1.91785387923564931e-03
2.07452220118646124e-03
2.30138428275102665e-03
2.48593158366918615e-03
2.22489006176256358e-03
2.36666849325610582e-03
2.66297061296395235e-03
2.82982767622891969e-03
2.68402292930785494e-03
2.89466721480343293e-03
3.06496259270734378e-03
3.29970270852610222e-03
3.09662417268048197e-03
3.28687260541819879e-03
3.52461016193109534e-03
3.73635768082969302e-03
4.54687286086108422e-18
5.04161601356523104e-04
6.50521303491302660e-18
5.28851013411297134e-04
1.00719523082407210e-03
1.05630306635911067e-03
8.36190925529445295e-18
5.50472510763525859e-04
4.84502845829459794e-18
5.68672693001335454e-04
1.09930599040930000e-03
1.13550240763757738e-03
1.50794445726560385e-03
1.58093425868314173e-03
2.00519692423120448e-03
2.10127746848232837e-03
1.64484339009726330e-03
1.69863235070520126e-03
2.18539198445232485e-03
2.25617820344222765e-03
8.82947144217882673e-18
5.83151756250479300e-04
7.46066619941587739e-18
5.93669756146722504e-04
1.16429713226958191e-03
1.18521381829894972e-03
7.08119543904595083e-18
6.00051624878238554e-04
2.62919026827734825e-18
6.02190834120585054e-04
1.19790491686937433e-03
1.20215894613930540e-03
1.74141931350507034e-03
1.77249853352011194e-03
2.31248051613100122e-03
2.35337408052771827e-03
1.79135509393006393e-03
1.79767567218015690e-03
2.37818413389720125e-03
2.38650009232027572e-03
2.49765912900656514e-03
2.61579969378765865e-03
2.98393514461253164e-03
3.12288452036387290e-03
2.71920678294736758e-03
2.80621500874970141e-03
3.24447633919459823e-03
3.34676583460418939e-03
3.46251148925612751e-03
3.62081984006287381e-03
3.93175076284861189e-03
4.10779347997799159e-03
3.75931301003960220e-03
3.87579420287881846e-03
4.26175035917247813e-03
4.39120300654127771e-03
2.87541167042974040e-03
2.92566620078592429e-03
3.42810338036542324e-03
3.48716883970149336e-03
2.95615375461181443e-03
2.96637243048095351e-03
3.52299908087559416e-03
3.53500806612070707e-03
3.96840009769940712e-03
4.03563959878728770e-03
4.49410025562537938e-03
4.56880075950968911e-03
4.07642487614629997e-03
4.09009402790583287e-03
4.61410710913824802e-03
4.62929074267573286e-03
2.37985441253337534e-03
2.64408257547366510e-03
2.66956877599116996e-03
2.95542971054746969e-03
2.91168515820766551e-03
3.17923708964128974e-03
3.24446473301806971e-03
3.53304028124784217e-03
2.96324645776452214e-03
3.26856155914099535e-03
3.25971323609308781e-03
3.58220143514835845e-03
3.57670410872235663e-03
3.88387817441833687e-03
3.90702408897017264e-03
4.23027015430784813e-03
3.44316267431071105e-03
3.69980765686271336e-03
3.81736464910545012e-03
4.09356415096042391e-03
3.94551336548902738e-03
4.17669134128280384e-03
4.35776147996132669e-03
4.60615457713381849e-03
4.18612459882515119e-03
4.47940022201898103e-03
4.54786276519032577e-03
4.85564044917858803e-03
4.75965938209337545e-03
5.02293594370717671e-03
5.14944067374148093e-03
5.42518392997646311e-03
3.55760058301939422e-03
3.89490615507149217e-03
3.85541493041391230e-03
4.20513807622219758e-03
4.23390937834741167e-03
4.57063179719138703e-03
4.55578320562416948e-03
4.90335188927528559e-03
4.15161491971657338e-03
4.51134576300068167e-03
4.44469294305249035e-03
4.81204945459606705e-03
4.87109121671645828e-03
5.22687934743702991e-03
5.17839068715121066e-03
5.53981597874239617e-03
4.90092902699885025e-03
5.22057289191694800e-03
5.24368212333377673e-03
5.57253032538373213e-03
5.52533591330299240e-03
5.81107633697828911e-03
5.88565567029903421e-03
6.17890495855975570e-03
5.57457939453487577e-03
5.90998258587623407e-03
5.89227287526728274e-03
6.23163576846920593e-03
6.22888525195468799e-03
6.52717245855024501e-03
6.55378676140764161e-03
6.85469703127030133e-03
4.38989684902621642e-03
4.58189968816467581e-03
4.83509431621765694e-03
5.04115933372623407e-03
4.74975078017558089e-03
4.89084309895422217e-03
5.22122639441188231e-03
5.37253477784258547e-03
5.26542409233777403e-03
5.48355615747926108e-03
5.67895654802557173e-03
5.90709046471730309e-03
5.67407579113690056e-03
5.83410492728292200e-03
6.10623822863473262e-03
6.27344162957010898e-03
5.00296563226445938e-03
5.08434921210896770e-03
5.49274330007747374e-03
5.57997874269408958e-03
5.13370322682342190e-03
5.15024242400737020e-03
5.63287464624654885e-03
5.65059963262422998e-03
5.96120308130947563e-03
6.05341771305684812e-03
6.40619247597922024e-03
6.50248421263810265e-03
6.10932456914998687e-03
6.12805713598976905e-03
6.56085326758472712e-03
6.58040923834197610e-03
6.07382187431655500e-03
6.30985035867592109e-03
6.44829619657976468e-03
6.69009909501853441e-03
6.51576558405071293e-03
6.68856669567229837e-03
6.90091075626339708e-03
7.07772492487146812e-03
6.80090036526005085e-03
7.04637554326982204e-03
7.13050694700346176e-03
7.37760322454629643e-03
7.26022954996189632e-03
7.43948715899793618e-03
7.59269146489551482e-03
7.77286251845052054e-03
6.82570964040431563e-03
6.92515935517062226e-03
7.21799331253729186e-03
7.31967767912355179e-03
6.98543157063817154e-03
7.00562333065053808e-03
7.38129154978134361e-03
7.40193067090380834e-03
7.58162678019168573e-03
7.68463177086378506e-03
7.91565125097500044e-03
8.01908644920793640e-03
7.74703153582827209e-03
7.76793153247416074e-03
8.08173079414614692e-03
8.10271004319662071e-03
-1.28749007982653652e-18
1.93445744567983917e-04
3.89582956477348683e-04
-1.49077798716756860e-18
2.18696759308899713e-04
4.39852604620471382e-04
5.91028268855751525e-04
8.00250306261713327e-04
6.65856061077809086e-04
8.98956101281625898e-04
-1.59919820441611904e-18
2.44753062802105319e-04
4.91698120460038477e-04
-1.67712523556351467e-18
2.71398962230639195e-04
5.44693247763089082e-04
7.42961673310304311e-04
1.00054069387997676e-03
8.21718432561253345e-04
1.10419193635911570e-03
1.01949979401872435e-03
1.25074450379600538e-03
1.14119625789250328e-03
1.39435330822712880e-03
1.49561048301527109e-03
1.75533087925464049e-03
1.65988189928694828e-03
1.93886635266518961e-03
1.26624148431910368e-03
1.54162279126428660e-03
1.39365726157856347e-03
1.69143213188690947e-03
1.82794445236844562e-03
2.12612272857153539e-03
1.99856169748354297e-03
2.31577786409409292e-03
-1.94478764689587358e-18
2.98415811873468636e-04
5.98406547906671208e-04
-2.22261445359528409e-18
3.25584808248794843e-04
6.52406955035834827e-04
9.01493683550457945e-04
1.20909300047220003e-03
9.81657034324242379e-04
1.31443321089100111e-03
-2.19212126749412928e-18
3.52689334525386881e-04
7.06268407847586888e-04
-2.33781093442186894e-18
3.79516896337113246e-04
7.59573638664550323e-04
1.06158716258448072e-03
1.41941685993625041e-03
1.14067729479556913e-03
1.52327013655066765e-03
1.52246472258241172e-03
1.84266715886141370e-03
1.65169763258331465e-03
1.99423593072329142e-03
2.17051490243736107e-03
2.50654253629114133e-03
2.34262073274654238e-03
2.69718002384673880e-03
1.78041299648864322e-03
2.14508087491333422e-03
1.90769912608265073e-03
2.29418761731730973e-03
2.51374462261507023e-03
2.88652037726395624e-03
2.68280993516777479e-03
3.07346943239905504e-03
2.03070350593578027e-03
2.32205810578895236e-03
2.23198073285768225e-03
2.53945808303006728e-03
2.62923405800278729e-03
2.95156904814109465e-03
2.86106953315575299e-03
3.19611377094760002e-03
2.43669333094219355e-03
2.75978298373661963e-03
2.64346566955239552e-03
2.98163747864896604e-03
3.09509017981868424e-03
3.44187558478150236e-03
3.32991559693706415e-03
3.68752372109490325e-03
3.28789898176035707e-03
3.63656917834517725e-03
3.54341714080675264e-03
3.90134440498133596e-03
3.99545663698655865e-03
4.36200292446914384e-03
4.26781996926942856e-03
4.64035914793614872e-03
3.79896233633306504e-03
4.16474627029965634e-03
4.05328745121124809e-03
4.42564389315460143e-03
4.53721588862256772e-03
4.91398167265292424e-03
4.80266018127508895e-03
5.18206055735992953e-03
2.85097467620561845e-03
3.20370304372981016e-03
3.05797108885851781e-03
3.42476064413010407e-03
3.56427110897871227e-03
3.93186667834929948e-03
3.79701163434742949e-03
4.17387702409180179e-03
3.26329426736033691e-03
3.64370571147692307e-03
3.46588054813207159e-03
3.85955530462941563e-03
4.02713644387088683e-03
4.41270554927082267e-03
4.25379458208869493e-03
4.64768440678545169e-03
4.30532262927096204e-03
4.68312581667048450e-03
4.55420076148904240e-03
4.93652593494084586e-03
5.06343399776203011e-03
5.44410044692785096e-03
5.31910998700700893e-03
5.69994669542962448e-03
4.79927065852426248e-03
5.18543532228239734e-03
5.04009737831714530e-03
5.42969924927749325e-03
5.56956244491411002e-03
5.94979352830631546e-03
5.81496055787356515e-03
6.19417310323049780e-03
-2.61563774112127945e-18
4.05860698075713846e-04
8.11917215668020442e-04
-2.87991202066462115e-18
4.31520911057891579e-04
8.62907940346367610e-04
1.21833949622525070e-03
1.62524634332377642e-03
1.29400792317766302e-03
1.72462959988035512e-03
-3.13063377305189405e-18
4.56305683922130737e-04
9.12170701797190581e-04
-3.21194893598830689e-18
4.80031942296199360e-04
9.59347884580433142e-04
1.36714119217030104e-03
1.82073724318110048e-03
1.43722401757359099e-03
1.91292113866156524e-03
2.03268136801418873e-03
2.44059071973408990e-03
2.15452573511890066e-03
2.58337660871093720e-03
2.84880313421981670e-03
3.25701278119423787e-03
3.01077528798155813e-03
3.43621505261706593e-03
2.27244071088551509e-03
2.72168402896738170e-03
2.38567751321579549e-03
2.85470239157976924e-03
3.16784030605528864e-03
3.61021497846238538e-03
3.31917037740142107e-03
3.77821682402427333e-03
-3.15096256378599726e-18
5.02526020074039971e-04
1.00410041903683861e-03
-3.27971157176865091e-18
5.23624159233700647e-04
1.04610855364618209e-03
1.50376826157286011e-03
2.00056811331124395e-03
1.56631352995295061e-03
2.08309971469796719e-03
-3.53720958773395822e-18
5.43172909514323199e-04
1.08507241902818007e-03
-3.89635155736978156e-18
5.61029453792342460e-04
1.12071244321147951e-03
1.62442743535776276e-03
2.15997148986676662e-03
1.67770563713301045e-03
2.23067196577392528e-03
2.49352911174239699e-03
2.98166841350274272e-03
2.59532829468424580e-03
3.10186146221498940e-03
3.46398913006583592e-03
3.93947885275385164e-03
3.60156307382304914e-03
4.09329956597828844e-03
2.69044507764279678e-03
3.21459802789358321e-03
2.77828373843330570e-03
3.31922574560815061e-03
3.73119191422316594e-03
4.23900251200194471e-03
3.85219834009784944e-03
4.37592049156567634e-03
3.66476533337913111e-03
4.07144760790571509e-03
3.85907929574806369e-03
4.27863417062737238e-03
4.47628105300337288e-03
4.87831926862818989e-03
4.69402419195037723e-03
5.10427093590263073e-03
4.04803925184358745e-03
4.48046552575918650e-03
4.23093441272619653e-03
4.67637104021056613e-03
4.90656495130409147e-03
5.32532722475853246e-03
5.11352911348478441e-03
5.54136631874032649e-03
5.27644966127643281e-03
5.66939924252884107e-03
5.50827491481948109e-03
5.90482063238498365e-03
6.05574448985684959e-03
6.43392509886398997e-03
6.29258475509971490e-03
6.67014726683157113e-03
5.73566267066301025e-03
6.13640661689383426e-03
5.95879789776194123e-03
6.36470043146081937e-03
6.52632601331805569e-03
6.90412819554615115e-03
6.75791709608392337e-03
7.13726432424233344e-03
4.40710885453894467e-03
4.86583404063280212e-03
4.57594116499379644e-03
5.04836342114021314e-03
5.31459370270029145e-03
5.75231311305507333e-03
5.50944908898046495e-03
5.95809036733069720e-03
4.73682230829932781e-03
5.22346306784236044e-03
4.88913280885234537e-03
5.39060052414176878e-03
5.69775845624483860e-03
6.15856671936802335e-03
5.87911643286830043e-03
6.35350378303540294e-03
6.17790597580267047e-03
6.59027773201219941e-03
6.39319150322697344e-03
6.81367175502716870e-03
6.98832969605735991e-03
7.37096398070337042e-03
7.21846870051116342e-03
7.60654186675888307e-03
6.60477341518182076e-03
7.03529419195045302e-03
6.81261910739497031e-03
7.25535499172349704e-03
7.44907760402807248e-03
7.84510795407565922e-03
7.68064277223223964e-03
8.08745515497351179e-03
4.73325700532256383e-03
5.10592711693539682e-03
5.01610882397497074e-03
5.39189665616230003e-03
5.47644059571539103e-03
5.84101038677728012e-03
5.76428779796587815e-03
6.12964792930852966e-03
5.29231414148028951e-03
5.66918986437374081e-03
5.56126145522690182e-03
5.93741386563831873e-03
6.04134446279810684e-03
6.40533148465523196e-03
6.30745209713374534e-03
6.66814790836205151e-03
6.19570682350932718e-03
6.53653314777776287e-03
6.48421126401689616e-03
6.82415208649078849e-03
6.85950315897906285e-03
7.16071933243880767e-03
7.14565829308617603e-03
7.44500536860417256e-03
6.75758590470339378e-03
7.09449090331495773e-03
7.01616886957562823e-03
7.34813971769020767e-03
7.41244650305248557e-03
7.70793860055209428e-03
7.66070540273279185e-03
7.95059448504690722e-03
5.82270576462453823e-03
6.19659622706818757e-03
6.07679448339544775e-03
6.44721048262644758e-03
6.56292788032618573e-03
6.91871545647560621e-03
6.80858964677173717e-03
7.15820810158023825e-03
6.32407334799405321e-03
6.69017956492935773e-03
6.56547094681399733e-03
6.92685552384028885e-03
7.04575666772522431e-03
7.38835354475128690e-03
7.27622435789957323e-03
7.61140279225631759e-03
7.26088508340839295e-03
7.58632967597301991e-03
7.49326982487181700e-03
7.81095567541857660e-03
7.89196583625983647e-03
8.17479105626659971e-03
8.10847373710525850e-03
8.38310991430311556e-03
7.71546390508321550e-03
8.02456870376092729e-03
7.93017808413887249e-03
8.23033515525136913e-03
8.31317968147224189e-03
8.57888310263544077e-03
8.50969325388414681e-03
8.76614276219180380e-03
7.43644973581391450e-03
7.68320209644529628e-03
7.71862921710229650e-03
7.96319628923572442e-03
7.89779343251070277e-03
8.07741375504559753e-03
8.17566950500704832e-03
8.35336855992463261e-03
7.97760692081539956e-03
8.21831044245550403e-03
8.21468153313097832e-03
8.45004719166773249e-03
8.42718889525993775e-03
8.60171901448297631e-03
8.65403463773359652e-03
8.82430121931588457e-03
8.21968247440306270e-03
8.32269630077487298e-03
8.49402332222312997e-03
8.59581917639505241e-03
8.38506761062126314e-03
8.40595245532006936e-03
8.65743334063273640e-03
8.67806137915698265e-03
8.73976434777228722e-03
8.83961754815793845e-03
8.95886417247053479e-03
9.05613943951402017e-03
8.90003424711536574e-03
8.92025778188727282e-03
9.11497275783498470e-03
9.13466235405996883e-03
8.43194000766995556e-03
8.66073872117192022e-03
8.63227770692859449e-03
8.85356610933277915e-03
8.85875550150439298e-03
9.02384749272320749e-03
9.04478461564806394e-03
9.20400437467226717e-03
8.81938276947609109e-03
9.03254140322305027e-03
8.99768137692604462e-03
9.20244890327164694e-03
9.21641951670093898e-03
9.36931095465466657e-03
9.37875992920264578e-03
9.52513369134980192e-03
9.15420190042521426e-03
9.24837099099328798e-03
9.32959461849960751e-03
9.42025358915770869e-03
9.30530012046066300e-03
9.32434819422922959e-03
9.47503330432058685e-03
9.49335763421832110e-03
9.48977434798934510e-03
9.57665981423541125e-03
9.64032050181758311e-03
9.72332417744679184e-03
9.62913033709657251e-03
9.64667737073945236e-03
9.77341999713243932e-03
9.79016780716601871e-03
6.80226137037378848e-03
7.15897489546802115e-03
7.03600540712607039e-03
7.38859013202819957e-03
7.50221212847027290e-03
7.83007037354451277e-03
7.72628477980141608e-03
8.04744557434505098e-03
7.26847164726363969e-03
7.61797856965448859e-03
7.50153977084718968e-03
7.84953145404720769e-03
7.95124902550430925e-03
8.26687638958353149e-03
8.18002791397435050e-03
8.49182920812207274e-03
8.14062565643467080e-03
8.43196191008561795e-03
8.35042355738585367e-03
8.63358750756462040e-03
8.70220087238797631e-03
8.94953207674695564e-03
8.89534738106568211e-03
9.13417779496837612e-03
8.56346380664113616e-03
8.83964133444912863e-03
8.78375854202792863e-03
9.05467431804824266e-03
9.09408343234832661e-03
9.32552644603232977e-03
9.30348237374785218e-03
9.52914817503133262e-03
7.73708914975713112e-03
8.08562651955450212e-03
7.97687664989049812e-03
8.32848848463588198e-03
8.41551701461378671e-03
8.72572846878749871e-03
8.66042721634023051e-03
8.97178162157752541e-03
8.22240814815857965e-03
8.58004254801142396e-03
8.47480874996046386e-03
8.84176651261264074e-03
8.91711980280977465e-03
9.23279564112113732e-03
9.18744008507882577e-03
9.51099202998023641e-03
9.01526325150639116e-03
9.28316608948464780e-03
9.26168401817356601e-03
9.52931490125977915e-03
9.52853194775287946e-03
9.75051383024923626e-03
9.77390753908087724e-03
9.99475246073690780e-03
9.52627560235499299e-03
9.79681768603288781e-03
9.81163794916683173e-03
1.00886484801896749e-02
1.00437348965770230e-02
1.02663976610959384e-02
1.03413511633674588e-02
1.05691321725695873e-02
9.17224231197056976e-03
9.36874393720216886e-03
9.34864107132295230e-03
9.53740936714885489e-03
9.53760146009567482e-03
9.67755582166052175e-03
9.69928543296879817e-03
9.83322156975637886e-03
9.53278573708006213e-03
9.71477211106720924e-03
9.73070872775664425e-03
9.90728397523516977e-03
9.87050721083851390e-03
9.99913756144045485e-03
1.00580874576589666e-02
1.01824360229250885e-02
9.78754587843948601e-03
9.86672663090168087e-03
9.93833639070363858e-03
1.00139290392230254e-02
9.91448381488502402e-03
9.93044454914210339e-03
1.00594905671186931e-02
1.00747122357617933e-02
1.00999469798694879e-02
1.01723670956141328e-02
1.02797583962670278e-02
1.03496024381674722e-02
1.02159857662565880e-02
1.02305532153277885e-02
1.03916409457465320e-02
1.04056758816465453e-02
9.94833035951437836e-03
1.01212729973226973e-02
1.01912017678866679e-02
1.03626732036880952e-02
1.02687127732984437e-02
1.03901063966025664e-02
1.05086539148808184e-02
1.06287038468742406e-02
1.04642360978307904e-02
1.06367421135238512e-02
1.07714379031478135e-02
1.09477764108279092e-02
1.07834713089747930e-02
1.09040446734402080e-02
1.10977186958177553e-02
1.12208998268952254e-02
1.04850016364674888e-02
1.05530418704780690e-02
1.07224587169134997e-02
1.07896325167499835e-02
1.05939697147676790e-02
1.06076296673997643e-02
1.08300195036078635e-02
1.08434956464682937e-02
1.09981500502916996e-02
1.10655433584399936e-02
1.13170199008076205e-02
1.13858448329338374e-02
1.11060495564202378e-02
1.11195633386760289e-02
1.14272069758287360e-02
1.14410055629776651e-02
2.92734586571086197e-18
-5.61029453792347664e-04
3.55076211489002702e-18
-5.43172909514326669e-04
-1.12071244321148861e-03
-1.08507241902819438e-03
3.58464343278019903e-18
-5.23624159233702056e-04
-1.04610855364618274e-03
-1.67770563713302888e-03
-1.62442743535777968e-03
-2.23067196577394090e-03
-2.15997148986677530e-03
-1.56631352995294389e-03
-2.08309971469796285e-03
3.26615904461258211e-18
-5.02526020074040838e-04
-1.00410041903683340e-03
2.94767465644496518e-18
-4.80031942296202125e-04
-9.59347884580438346e-04
-1.50376826157285382e-03
-2.00056811331124698e-03
-1.43722401757359966e-03
-1.91292113866156480e-03
-2.77828373843334213e-03
-2.69044507764281586e-03
-3.31922574560819181e-03
-3.21459802789360706e-03
-2.59532829468422845e-03
-3.10186146221497032e-03
-3.85219834009789758e-03
-3.73119191422319283e-03
-4.37592049156572318e-03
-4.23900251200197073e-03
-3.60156307382304046e-03
-4.09329956597828323e-03
-2.49352911174239439e-03
-2.98166841350274011e-03
-2.38567751321578769e-03
-2.85470239157975970e-03
-3.46398913006583549e-03
-3.93947885275385424e-03
-3.31917037740139722e-03
-3.77821682402425295e-03
3.04254234653744682e-18
-4.56305683922134261e-04
-9.12170701797197737e-04
2.79182059415017392e-18
-4.31520911057889952e-04
-8.62907940346364249e-04
-1.36714119217030928e-03
-1.82073724318109853e-03
-1.29400792317765499e-03
-1.72462959988034731e-03
2.49366499671666020e-18
-4.05860698075707720e-04
-8.11917215668007649e-04
2.54109884176290102e-18
-3.79516896337113354e-04
-7.59573638664550865e-04
-1.21833949622523617e-03
-1.62524634332376666e-03
-1.14067729479557520e-03
-1.52327013655068609e-03
-2.27244071088550078e-03
-2.72168402896736652e-03
-2.15452573511889459e-03
-2.58337660871092939e-03
-3.16784030605527390e-03
-3.61021497846236933e-03
-3.01077528798155336e-03
-3.43621505261705292e-03
-2.03268136801418569e-03
-2.44059071973408946e-03
-1.90769912608267783e-03
-2.29418761731734182e-03
-2.84880313421981409e-03
-3.25701278119423267e-03
-2.68280993516781426e-03
-3.07346943239909581e-03
-4.88913280885241303e-03
-4.73682230829937725e-03
-5.39060052414182256e-03
-5.22346306784242116e-03
-4.57594116499376782e-03
-5.04836342114021574e-03
-5.87911643286835421e-03
-5.69775845624490712e-03
-6.35350378303544110e-03
-6.15856671936807539e-03
-5.50944908898047363e-03
-5.95809036733071628e-03
-4.40710885453893860e-03
-4.86583404063278650e-03
-4.23093441272619133e-03
-4.67637104021056092e-03
-5.31459370270026370e-03
-5.75231311305506726e-03
-5.11352911348477573e-03
-5.54136631874031609e-03
-6.81261910739499633e-03
-6.60477341518188408e-03
-7.25535499172351526e-03
-7.03529419195054496e-03
-6.39319150322695956e-03
-6.81367175502716957e-03
-7.68064277223232724e-03
-7.44907760402818003e-03
-8.08745515497362975e-03
-7.84510795407574769e-03
-7.21846870051115648e-03
-7.60654186675885011e-03
-6.17790597580264705e-03
-6.59027773201214737e-03
-5.95879789776195337e-03
-6.36470043146081244e-03
-6.98832969605731567e-03
-7.37096398070335047e-03
-6.75791709608389475e-03
-7.13726432424228400e-03
-4.04803925184356837e-03
-4.48046552575916308e-03
-3.85907929574804808e-03
-4.27863417062733595e-03
-4.90656495130407672e-03
-5.32532722475851858e-03
-4.69402419195032866e-03
-5.10427093590258910e-03
-3.66476533337911506e-03
-4.07144760790569601e-03
-3.46588054813210932e-03
-3.85955530462944469e-03
-4.47628105300335380e-03
-4.87831926862816213e-03
-4.25379458208875391e-03
-4.64768440678547598e-03
-5.73566267066299550e-03
-6.13640661689381604e-03
-5.50827491481944379e-03
-5.90482063238495156e-03
-6.52632601331803053e-03
-6.90412819554611559e-03
-6.29258475509969061e-03
-6.67014726683157373e-03
-5.27644966127639205e-03
-5.66939924252881332e-03
-5.04009737831717566e-03
-5.42969924927756611e-03
-6.05574448985683831e-03
-6.43392509886399084e-03
-5.81496055787364928e-03
-6.19417310323059234e-03
2.26666016685250771e-18
-3.52689334525391326e-04
-7.06268407847595995e-04
2.01932654625425201e-18
-3.25584808248795981e-04
-6.52406955035832875e-04
-1.06158716258449373e-03
-1.41941685993626689e-03
-9.81657034324238259e-04
-1.31443321089099374e-03
1.99899775552014880e-18
-2.98415811873467334e-04
-5.98406547906669690e-04
1.75505226671091030e-18
-2.71398962230638761e-04
-5.44693247763091792e-04
-9.01493683550455994e-04
-1.20909300047219634e-03
-8.21718432561255297e-04
-1.10419193635911310e-03
-1.78041299648866534e-03
-2.14508087491335764e-03
-1.65169763258330490e-03
-1.99423593072328448e-03
-2.51374462261509668e-03
-2.88652037726398400e-03
-2.34262073274652764e-03
-2.69718002384672795e-03
-1.52246472258240652e-03
-1.84266715886140936e-03
-1.39365726157856260e-03
-1.69143213188690340e-03
-2.17051490243734936e-03
-2.50654253629112572e-03
-1.99856169748352996e-03
-2.31577786409407297e-03
1.50771864611265460e-18
-2.44753062802105536e-04
-4.91698120460038477e-04
1.45689666927739658e-18
-2.18696759308897111e-04
-4.39852604620466232e-04
-7.42961673310301492e-04
-1.00054069387997048e-03
-6.65856061077803340e-04
-8.98956101281620911e-04
1.24344436656931290e-18
-1.93445744567980393e-04
-3.89582956477341040e-04
1.03846239333377222e-18
-1.69209483386009957e-04
-3.41303717498687683e-04
-5.91028268855742309e-04
-8.00250306261706930e-04
-5.19089233120987713e-04
-7.05217852374461331e-04
-1.26624148431909870e-03
-1.54162279126427793e-03
-1.14119625789250003e-03
-1.39435330822712273e-03
-1.82794445236843868e-03
-2.12612272857152715e-03
-1.65988189928694980e-03
-1.93886635266519959e-03
-1.01949979401871936e-03
-1.25074450379599670e-03
-9.02113624886278099e-04
-1.11190480817835793e-03
-1.49561048301526242e-03
-1.75533087925463941e-03
-1.33636240215002141e-03
-1.57684660528536287e-03
-3.26329426736037768e-03
-3.64370571147696991e-03
-3.05797108885852865e-03
-3.42476064413013009e-03
-4.02713644387094668e-03
-4.41270554927087645e-03
-3.79701163434745335e-03
-4.17387702409182000e-03
-2.85097467620560457e-03
-3.20370304372979628e-03
-2.64346566955235519e-03
-2.98163747864892657e-03
-3.56427110897868408e-03
-3.93186667834926652e-03
-3.32991559693702035e-03
-3.68752372109488373e-03
-4.79927065852432406e-03
-5.18543532228246586e-03
-4.55420076148903806e-03
-4.93652593494082505e-03
-5.56956244491418548e-03
-5.94979352830640566e-03
-5.31910998700699592e-03
-5.69994669542960887e-03
-4.30532262927092908e-03
-4.68312581667045154e-03
-4.05328745121123594e-03
-4.42564389315458842e-03
-5.06343399776199802e-03
-5.44410044692782147e-03
-4.80266018127509763e-03
-5.18206055735990871e-03
-2.43669333094217577e-03
-2.75978298373659968e-03
-2.23198073285769960e-03
-2.53945808303008115e-03
-3.09509017981868034e-03
-3.44187558478151840e-03
-2.86106953315576513e-03
-3.19611377094760653e-03
-2.03070350593579068e-03
-2.32205810578896103e-03
-1.83426238828167474e-03
-2.10902518288913661e-03
-2.62923405800277819e-03
-2.95156904814107687e-03
-2.40103746415962563e-03
-2.70967676777906542e-03
-3.79896233633308326e-03
-4.16474627029966155e-03
-3.54341714080677736e-03
-3.90134440498133336e-03
-4.53721588862255991e-03
-4.91398167265290342e-03
-4.26781996926938259e-03
-4.64035914793613571e-03
-3.28789898176035751e-03
-3.63656917834517118e-03
-3.03379543582501989e-03
-3.37173212952696132e-03
-3.99545663698654217e-03
-4.36200292446912649e-03
-3.72133489192702374e-03
-4.07999529228237484e-03
-8.47480874996055927e-03
-8.22240814815866639e-03
-8.84176651261270839e-03
-8.58004254801153499e-03
-7.97687664989046689e-03
-8.32848848463590280e-03
-9.18744008507890904e-03
-8.91711980280990649e-03
-9.51099202998030580e-03
-9.23279564112122232e-03
-8.66042721634029122e-03
-8.97178162157758266e-03
-7.73708914975709469e-03
-8.08562651955445702e-03
-7.50153977084714284e-03
-7.84953145404717299e-03
-8.41551701461375028e-03
-8.72572846878750912e-03
-8.18002791397430540e-03
-8.49182920812203458e-03
-9.81163794916692193e-03
-9.52627560235512656e-03
-1.00886484801897790e-02
-9.79681768603299710e-03
-9.26168401817362846e-03
-9.52931490125981731e-03
-1.03413511633675612e-02
-1.00437348965771514e-02
-1.05691321725696827e-02
-1.02663976610960841e-02
-9.77390753908088938e-03
-9.99475246073693036e-03
-9.01526325150637728e-03
-9.28316608948463566e-03
-8.78375854202790608e-03
-9.05467431804823572e-03
-9.52853194775283262e-03
-9.75051383024917902e-03
-9.30348237374786953e-03
-9.52914817503128231e-03
-7.26847164726361714e-03
-7.61797856965448772e-03
-7.03600540712606519e-03
-7.38859013202816314e-03
-7.95124902550429710e-03
-8.26687638958351588e-03
-7.72628477980137878e-03
-8.04744557434501455e-03
-6.80226137037378414e-03
-7.15897489546798819e-03
-6.56547094681411616e-03
-6.92685552384040074e-03
-7.50221212847022867e-03
-7.83007037354446073e-03
-7.27622435789966777e-03
-7.61140279225635662e-03
-8.56346380664115350e-03
-8.83964133444911301e-03
-8.35042355738584673e-03
-8.63358750756459091e-03
-9.09408343234828845e-03
-9.32552644603228467e-03
-8.89534738106555894e-03
-9.13417779496830673e-03
-8.14062565643461702e-03
-8.43196191008556764e-03
-7.93017808413892106e-03
-8.23033515525139169e-03
-8.70220087238791906e-03
-8.94953207674694003e-03
-8.50969325388420059e-03
-8.76614276219186625e-03
-1.07714379031478881e-02
-1.04642360978309101e-02
-1.09477764108280133e-02
-1.06367421135239951e-02
-1.01912017678867269e-02
-1.03626732036881247e-02
-1.10977186958179218e-02
-1.07834713089749370e-02
-1.12208998268953451e-02
-1.09040446734402895e-02
-1.05086539148807855e-02
-1.06287038468742372e-02
-9.94833035951433499e-03
-1.01212729973226209e-02
-9.73070872775657486e-03
-9.90728397523512813e-03
-1.02687127732983795e-02
-1.03901063966025629e-02
-1.00580874576589752e-02
-1.01824360229250677e-02
-1.13170199008077420e-02
-1.09981500502918210e-02
-1.13858448329339484e-02
-1.10655433584401115e-02
-1.07224587169134720e-02
-1.07896325167499522e-02
-1.14272069758288124e-02
-1.11060495564202812e-02
-1.14410055629777067e-02
-1.11195633386760185e-02
-1.08300195036079225e-02
-1.08434956464683180e-02
-1.04850016364674680e-02
-1.05530418704780551e-02
-1.02797583962671007e-02
-1.03496024381675555e-02
-1.05939697147677155e-02
-1.06076296673997834e-02
-1.03916409457465875e-02
-1.04056758816465887e-02
-9.53278573708005866e-03
-9.71477211106722138e-03
-9.34864107132296271e-03
-9.53740936714883407e-03
-9.87050721083851390e-03
-9.99913756144045311e-03
-9.69928543296869755e-03
-9.83322156975631120e-03
-9.17224231197053333e-03
-9.36874393720212202e-03
-8.99768137692615218e-03
-9.20244890327173194e-03
-9.53760146009561931e-03
-9.67755582166046971e-03
-9.37875992920273946e-03
-9.52513369134985917e-03
-1.00999469798695243e-02
-1.01723670956142022e-02
-9.93833639070353797e-03
-1.00139290392229595e-02
-1.02159857662566800e-02
-1.02305532153278908e-02
-1.00594905671186410e-02
-1.00747122357617968e-02
-9.78754587843938886e-03
-9.86672663090155076e-03
-9.64032050181765771e-03
-9.72332417744685082e-03
-9.91448381488489912e-03
-9.93044454914204788e-03
-9.77341999713248095e-03
-9.79016780716604126e-03
-6.32407334799412434e-03
-6.69017956492944446e-03
-6.07679448339540525e-03
-6.44721048262641636e-03
-7.04575666772530758e-03
-7.38835354475135889e-03
-6.80858964677171375e-03
-7.15820810158026340e-03
-5.82270576462452522e-03
-6.19659622706817455e-03
-5.56126145522690268e-03
-5.93741386563829965e-03
-6.56292788032617879e-03
-6.91871545647561141e-03
-6.30745209713374968e-03
-6.66814790836207667e-03
-7.71546390508332219e-03
-8.02456870376103658e-03
-7.49326982487182394e-03
-7.81095567541862518e-03
-8.31317968147232862e-03
-8.57888310263549281e-03
-8.10847373710527584e-03
-8.38310991430313290e-03
-7.26088508340838774e-03
-7.58632967597301124e-03
-7.01616886957566552e-03
-7.34813971769016951e-03
-7.89196583625985035e-03
-8.17479105626661012e-03
-7.66070540273275629e-03
-7.95059448504685864e-03
-5.29231414148027823e-03
-5.66918986437370612e-03
-5.01610882397495079e-03
-5.39189665616229483e-03
-6.04134446279804699e-03
-6.40533148465519467e-03
-5.76428779796582438e-03
-6.12964792930847067e-03
-4.73325700532255169e-03
-5.10592711693541243e-03
-4.44469294305251724e-03
-4.81204945459610522e-03
-5.47644059571543006e-03
-5.84101038677726017e-03
-5.17839068715129393e-03
-5.53981597874244822e-03
-6.75758590470332265e-03
-7.09449090331486405e-03
-6.48421126401684499e-03
-6.82415208649079282e-03
-7.41244650305241618e-03
-7.70793860055205525e-03
-7.14565829308619598e-03
-7.44500536860420812e-03
-6.19570682350935494e-03
-6.53653314777782272e-03
-5.89227287526735821e-03
-6.23163576846926925e-03
-6.85950315897909755e-03
-7.16071933243881027e-03
-6.55378676140769105e-03
-6.85469703127032214e-03
-8.81938276947619691e-03
-9.03254140322318905e-03
-8.63227770692855806e-03
-8.85356610933276875e-03
-9.21641951670108123e-03
-9.36931095465479494e-03
-9.04478461564806741e-03
-9.20400437467233136e-03
-8.43194000766992954e-03
-8.66073872117189419e-03
-8.21468153313094362e-03
-8.45004719166776025e-03
-8.85875550150438083e-03
-9.02384749272320923e-03
-8.65403463773367111e-03
-8.82430121931588630e-03
-9.48977434798946654e-03
-9.57665981423553962e-03
-9.32959461849966476e-03
-9.42025358915771389e-03
-9.62913033709668700e-03
-9.64667737073950093e-03
-9.47503330432065624e-03
-9.49335763421838702e-03
-9.15420190042521772e-03
-9.24837099099328451e-03
-8.95886417247053306e-03
-9.05613943951406528e-03
-9.30530012046065953e-03
-9.32434819422919836e-03
-9.11497275783498470e-03
-9.13466235405994975e-03
-7.97760692081538741e-03
-8.21831044245549189e-03
-7.71862921710234247e-03
-7.96319628923570534e-03
-8.42718889525991346e-03
-8.60171901448294335e-03
-8.17566950500696853e-03
-8.35336855992456495e-03
-7.43644973581389541e-03
-7.68320209644526072e-03
-7.13050694700346696e-03
-7.37760322454630683e-03
-7.89779343251069063e-03
-8.07741375504555069e-03
-7.59269146489555992e-03
-7.77286251845056737e-03
-8.73976434777229937e-03
-8.83961754815796620e-03
-8.49402332222307620e-03
-8.59581917639497955e-03
-8.90003424711539523e-03
-8.92025778188732486e-03
-8.65743334063264966e-03
-8.67806137915693061e-03
-8.21968247440297596e-03
-8.32269630077475155e-03
-7.91565125097500044e-03
-8.01908644920791905e-03
-8.38506761062112610e-03
-8.40595245531995661e-03
-8.08173079414613305e-03
-8.10271004319659816e-03
9.18183714823661568e-19
-1.46187448420023540e-04
-2.95410191885387319e-04
7.86046575051990715e-19
-1.24564886375326403e-04
-2.52269978050575811e-04
-4.50622884580343676e-04
-6.14620680579950869e-04
-3.86173443341571913e-04
-5.29171186323143484e-04
6.43745039913268258e-19
-1.04508171093261937e-04
-2.12213672174849631e-04
5.35324822664717814e-19
-8.61598455573518918e-05
-1.75524951977157676e-04
-3.26231468000717458e-04
-4.49513607506606128e-04
-2.71218980959326401e-04
-3.76204191680992793e-04
-7.89963899174696803e-04
-9.78907881258114006e-04
-6.83920199769874008e-04
-8.52767191101488410e-04
-1.18333959063752440e-03
-1.40472236777632563e-03
-1.03768405975119280e-03
-1.24021165573819721e-03
-5.84772263151373960e-04
-7.34408057614451817e-04
-4.93205190096325540e-04
-6.24637910708154874e-04
-9.00445260586898999e-04
-1.08447528937521140e-03
-7.72545397143906652e-04
-9.38541800413038893e-04
5.09913834247088804e-19
-6.96335068834023191e-05
-1.42430351522550763e-04
4.08269880576572763e-19
-5.50087436218098732e-05
-1.13089146629344274e-04
-2.21474142855557096e-04
-3.09690785180705120e-04
-1.77236107685431910e-04
-2.50292690382847348e-04
2.96461531539005119e-19
-4.23263880792349744e-05
-8.75838751785011941e-05
2.06676039130049283e-19
-3.15843910808128901e-05
-6.59121040196944440e-05
-1.38630842302735934e-04
-1.98181830880917879e-04
-1.05658820029194800e-04
-1.53366423135986260e-04
-4.09773970312776194e-04
-5.24115777499263233e-04
-3.34878385084068028e-04
-4.33322284421738260e-04
-6.54743910114977470e-04
-8.03266954227714060e-04
-5.47602643389477335e-04
-6.79294156508621701e-04
-2.68739579501447361e-04
-3.52531712310782681e-04
-2.11379779676519700e-04
-2.81787842107512009e-04
-4.51453471586974809e-04
-5.67017755947793901e-04
-3.66370371658456592e-04
-4.66551452531851129e-04
-1.64405006657126129e-03
-1.90181160114112971e-03
-1.46141306955851558e-03
-1.70183749670107382e-03
-2.17796670366273652e-03
-2.47193345092873613e-03
-1.96149549062713240e-03
-2.23984617088881111e-03
-1.28760976690662230e-03
-1.51044418338410510e-03
-1.12376583548395360e-03
-1.32884473165504019e-03
-1.75303297777818358e-03
-2.01487660754243354e-03
-1.55386948454877549e-03
-1.79838197235893333e-03
-2.78258786178913137e-03
-3.10827560550745686e-03
-2.53579669355872726e-03
-2.84771402491664979e-03
-3.44683559798975199e-03
-3.79563500452623605e-03
-3.17344879215601759e-03
-3.51037072251773885e-03
-2.29492091476548492e-03
-2.59156883005826153e-03
-2.06137424153791503e-03
-2.34130000299859198e-03
-2.90270418760078634e-03
-3.22572716173840290e-03
-2.63609811484144963e-03
-2.94322756734322500e-03
-9.70828870154943077e-04
-1.15807372787882614e-03
-8.29524117210005151e-04
-9.98938431944174435e-04
-1.36512147498985079e-03
-1.59155528649922704e-03
-1.18767824779910996e-03
-1.39536772218945082e-03
-7.00313567241790474e-04
-8.51973786829858114e-04
-5.83360823103086989e-04
-7.17403880074061074e-04
-1.02215299964233952e-03
-1.21051586647323789e-03
-8.68841023462245355e-04
-1.03737680773250828e-03
-1.83642079457850983e-03
-2.09823723849314296e-03
-1.62111322146957400e-03
-1.86351398734881557e-03
-2.37502031627614659e-03
-2.66431626564149352e-03
-2.12068406111930998e-03
-2.39028501133455810e-03
-1.41623631616693960e-03
-1.63800759461793424e-03
-1.22225915168797409e-03
-1.42228864153417546e-03
-1.87406297192337741e-03
-2.12220667770228986e-03
-1.63583774254199340e-03
-1.86087951970116097e-03
1.45901425164553233e-19
-2.27346546766268202e-05
-4.79801085363773527e-05
1.00796920723261740e-19
-1.56811615336380564e-05
-3.35991361224531002e-05
-7.81855752071293074e-05
-1.15678447775703532e-04
-5.59361101311447783e-05
-8.47662139982012204e-05
6.46921413465471884e-20
-1.02797110507505780e-05
-2.24848668932862511e-05
4.00752463169690848e-20
-6.33950724365919677e-06
-1.42605553889425544e-05
-3.84940576077117064e-05
-6.00931905799567727e-05
-2.53063090805882425e-05
-4.09440211548730393e-05
-1.62606735663187033e-04
-2.20885436731490338e-04
-1.22004461952356961e-04
-1.69359180826071160e-04
-2.92148022679821991e-04
-3.77704104935543301e-04
-2.28288972474721349e-04
-2.99965156028147561e-04
-8.89316937220383029e-05
-1.26481710339250214e-04
-6.25291602758955121e-05
-9.12719881912695636e-05
-1.74001181238520953e-04
-2.32501625405743661e-04
-1.28207319940049254e-04
-1.74168131348862007e-04
2.26051917798491403e-20
-3.62674216599616062e-06
-8.46413588498072622e-06
1.10511329837084497e-20
-1.87018655444607173e-06
-4.55931209542495479e-06
-1.56935200615850512e-05
-2.64382503159405455e-05
-8.86651762856035691e-06
-1.55517817519912025e-05
4.59912420579483387e-21
-7.68647763118380665e-07
-1.95035179118034107e-06
-3.94819175509830030e-06
-7.14551259467766127e-06
-4.17362984563133624e-05
-6.25147226270568441e-05
-2.53174139413041074e-05
-3.87908111122830040e-05
-8.95665681500470447e-05
-1.23530706388933246e-04
-5.65088556456996876e-05
-7.89042974779020142e-05
-1.18965985605101955e-05
-1.85179837894807225e-05
-2.72805899715331982e-05
-3.84028637374299230e-05
-4.78504214246895437e-04
-5.95112472946577806e-04
-3.85240517400946216e-04
-4.84625056741754120e-04
-7.27687767714350290e-04
-8.75973846329320695e-04
-5.98269272770169096e-04
-7.25955359518226629e-04
-3.02721328721340069e-04
-3.85104532937955856e-04
-2.29763594751047906e-04
-2.95362027863793489e-04
-4.79787087050408730e-04
-5.86588883062560658e-04
-3.71079134238195987e-04
-4.56771798963216517e-04
-1.03929856835921226e-03
-1.21658234117549510e-03
-8.67096519399734628e-04
-1.02074442049084079e-03
-1.40635557340886160e-03
-1.60678478228367468e-03
-1.18560464923010592e-03
-1.36005983626197205e-03
-7.05013251032342043e-04
-8.34253337340319602e-04
-5.52037582840627446e-04
-6.56219934662445625e-04
-9.73205338646801130e-04
-1.12048831525752603e-03
-7.68419017190987027e-04
-8.87507920649791807e-04
-1.64875055276950751e-04
-2.13883551839620927e-04
-1.06294419852411459e-04
-1.38872238822310324e-04
-2.70647165700525023e-04
-3.35059154942712921e-04
-1.76700431662609857e-04
-2.19708130185459626e-04
-5.20450647265425806e-05
-6.83048303494346526e-05
-8.72141155821377418e-05
-1.08737576316911755e-04
-4.06814673707042544e-04
-4.85414746533627760e-04
-2.67690652829815712e-04
-3.20312185666203934e-04
-5.70174529736906582e-04
-6.60235687099468261e-04
-3.77111358496139745e-04
-4.37509599419752537e-04
-1.32772433493266045e-04
-1.59149823120906535e-04
-1.87637605078216528e-04
-2.17944571923818145e-04
-4.15161491971657165e-03
-4.51134576300067907e-03
-3.85541493041385505e-03
-4.20513807622215595e-03
-4.87109121671646349e-03
-5.22687934743705333e-03
-4.55578320562411397e-03
-4.90335188927522227e-03
-3.55760058301937470e-03
-3.89490615507146701e-03
-3.25971323609310342e-03
-3.58220143514835412e-03
-4.23390937834738999e-03
-4.57063179719136015e-03
-3.90702408897016656e-03
-4.23027015430783512e-03
-5.57457939453488878e-03
-5.90998258587625315e-03
-5.24368212333370821e-03
-5.57253032538368529e-03
-6.22888525195470274e-03
-6.52717245855025108e-03
-5.88565567029901079e-03
-6.17890495855972621e-03
-4.90092902699883204e-03
-5.22057289191691590e-03
-4.54786276519032230e-03
-4.85564044917859150e-03
-5.52533591330295684e-03
-5.81107633697825268e-03
-5.14944067374147139e-03
-5.42518392997646919e-03
-2.96324645776451781e-03
-3.26856155914097843e-03
-2.66956877599115999e-03
-2.95542971054744193e-03
-3.57670410872232194e-03
-3.88387817441829437e-03
-3.24446473301802244e-03
-3.53304028124779013e-03
-2.37985441253334715e-03
-2.64408257547363345e-03
-2.09502526133331732e-03
-2.33557020629215125e-03
-2.91168515820762822e-03
-3.17923708964125678e-03
-2.57954639930395562e-03
-2.82378154400889005e-03
-4.18612459882510869e-03
-4.47940022201895587e-03
-3.81736464910538637e-03
-4.09356415096034671e-03
-4.75965938209336765e-03
-5.02293594370717498e-03
-4.35776147996126510e-03
-4.60615457713375431e-03
-3.44316267431067115e-03
-3.69980765686266219e-03
-3.06496259270734334e-03
-3.29970270852609875e-03
-3.94551336548897014e-03
-4.17669134128276307e-03
-3.52461016193108320e-03
-3.73635768082967784e-03
-6.80090036526006039e-03
-7.04637554326986021e-03
-6.44829619657971611e-03
-6.69009909501848670e-03
-7.26022954996192061e-03
-7.43948715899795786e-03
-6.90091075626336151e-03
-7.07772492487144037e-03
-6.07382187431652724e-03
-6.30985035867587252e-03
-5.67895654802561337e-03
-5.90709046471732131e-03
-6.51576558405067563e-03
-6.68856669567228015e-03
-6.10623822863473435e-03
-6.27344162957012026e-03
-7.58162678019171088e-03
-7.68463177086381195e-03
-7.21799331253726063e-03
-7.31967767912353878e-03
-7.74703153582830765e-03
-7.76793153247417635e-03
-7.38129154978133320e-03
-7.40193067090376151e-03
-6.82570964040431043e-03
-6.92515935517061098e-03
-6.40619247597927488e-03
-6.50248421263812520e-03
-6.98543157063816200e-03
-7.00562333065049992e-03
-6.56085326758472104e-03
-6.58040923834198911e-03
-5.26542409233776449e-03
-5.48355615747925067e-03
-4.83509431621756500e-03
-5.04115933372616381e-03
-5.67407579113689275e-03
-5.83410492728291073e-03
-5.22122639441181726e-03
-5.37253477784250307e-03
-4.38989684902615050e-03
-4.58189968816460989e-03
-3.93175076284859367e-03
-4.10779347997797771e-03
-4.74975078017551497e-03
-4.89084309895416666e-03
-4.26175035917246339e-03
-4.39120300654128118e-03
-5.96120308130948691e-03
-6.05341771305687327e-03
-5.49274330007737746e-03
-5.57997874269405836e-03
-6.10932456914999988e-03
-6.12805713598979854e-03
-5.63287464624656273e-03
-5.65059963262423866e-03
-5.00296563226436571e-03
-5.08434921210887750e-03
-4.49410025562537417e-03
-4.56880075950964314e-03
-5.13370322682335598e-03
-5.15024242400733811e-03
-4.61410710913818037e-03
-4.62929074267569990e-03
-1.81570680342995477e-03
-2.03067037583464297e-03
-1.54219996660967008e-03
-1.72985922937903100e-03
-2.24898421436943961e-03
-2.46777054129141511e-03
-1.92065862014041320e-03
-2.11205338408894903e-03
-1.27447016482900568e-03
-1.43329920360362297e-03
-1.01215392061864101e-03
-1.14084432771908409e-03
-1.59494068056739843e-03
-1.75721744270764067e-03
-1.27191637674950063e-03
-1.40359051514061563e-03
-2.68402292930786145e-03
-2.89466721480344680e-03
-2.30138428275099890e-03
-2.48593158366916403e-03
-3.09662417268049368e-03
-3.28687260541819489e-03
-2.66297061296394497e-03
-2.82982767622890884e-03
-1.91785387923561787e-03
-2.07452220118641917e-03
-1.53400637665449110e-03
-1.66126066774398068e-03
-2.22489006176252975e-03
-2.36666849325608240e-03
-1.78344615219286893e-03
-1.89869089547532819e-03
-7.54582617888296904e-04
-8.52062191573026650e-04
-5.00822090953711952e-04
-5.66271094310661412e-04
-9.51406567469447752e-04
-1.05125861049259117e-03
-6.33001357023133611e-04
-7.00097273823885227e-04
-2.49725968579712920e-04
-2.82590205290497753e-04
-3.16106620349971342e-04
-3.49814126275723000e-04
-1.15019935773348755e-03
-1.24677694589571896e-03
-7.66601432560232534e-04
-8.31534146749045950e-04
-1.33953637770944825e-03
-1.42704948697405321e-03
-8.93913554824332613e-04
-9.52775853658822665e-04
-3.83230553897480754e-04
-4.15862493622716402e-04
-4.47215422282138612e-04
-4.76803897674123384e-04
-3.46251148925613966e-03
-3.62081984006288942e-03
-2.98393514461251647e-03
-3.12288452036386640e-03
-3.75931301003961434e-03
-3.87579420287882757e-03
-3.24447633919460127e-03
-3.34676583460418158e-03
-2.49765912900654346e-03
-2.61579969378763523e-03
-2.00519692423118323e-03
-2.10127746848230365e-03
-2.71920678294734373e-03
-2.80621500874967756e-03
-2.18539198445229666e-03
-2.25617820344220423e-03
-3.96840009769942187e-03
-4.03563959878730418e-03
-3.42810338036540242e-03
-3.48716883970148338e-03
-4.07642487614631906e-03
-4.09009402790583548e-03
-3.52299908087559677e-03
-3.53500806612068539e-03
-2.87541167042971437e-03
-2.92566620078589914e-03
-2.31248051613098041e-03
-2.35337408052769268e-03
-2.95615375461179102e-03
-2.96637243048092662e-03
-2.37818413389718260e-03
-2.38650009232026748e-03
-1.50794445726558130e-03
-1.58093425868311745e-03
-1.00719523082405085e-03
-1.05630306635908096e-03
-1.64484339009723858e-03
-1.69863235070517329e-03
-1.09930599040926899e-03
-1.13550240763754572e-03
-5.04161601356505865e-04
-5.28851013411273389e-04
-5.50472510763501356e-04
-5.68672693001317240e-04
-1.74141931350504388e-03
-1.77249853352008570e-03
-1.16429713226954851e-03
-1.18521381829891524e-03
-1.79135509393003748e-03
-1.79767567218013760e-03
-1.19790491686933790e-03
-1.20215894613927743e-03
-5.83151756250453171e-04
-5.93669756146694965e-04
-6.00051624878213618e-04
-6.02190834120573020e-04
-2.07523072077303583e-20
-4.38763066677727576e-19
1.96511643762997679e-19
-4.13955459433997807e-05
-7.04731412115577882e-19
-8.36037659944049961e-05
4.67562186884373787e-19
-8.26048036700059620e-05
-1.66817859366383297e-04
-1.31798326592769133e-18
-1.27415625761478630e-04
-1.26377315730341611e-18
-1.73579153695395914e-04
-2.54204423099123940e-04
-3.46244709291054168e-04
7.36918664111241295e-19
-1.23442581975976445e-04
-2.49255254258959737e-04
9.97804811865565799e-19
-1.63725873749531313e-04
-3.30534184859157228e-04
-3.79744654637816938e-04
-5.17091918684251407e-04
-5.03424681149567668e-04
-6.85233559800322353e-04
-1.42301535138722457e-18
-2.22779161700915288e-04
-1.76182853028894471e-18
-2.75618363851691983e-04
-4.44293725476446830e-04
-5.49543876295861605e-04
-2.19889753107216368e-18
-3.32600311705353376e-04
-2.73083422194786429e-18
-3.94114525296715076e-04
-6.62991165725102622e-04
-7.85405748396492435e-04
-6.63293405254699502e-04
-8.20105509359447642e-04
-8.78556223450669381e-04
-1.08567536378120170e-03
-9.88994785875232279e-04
-1.17109449233361541e-03
-1.30849596725368580e-03
-1.54848868747424202e-03
1.27054942088145051e-18
-2.03274923371019490e-04
-4.10280692532071683e-04
1.52127117326872341e-18
-2.41914265061114199e-04
-4.88131075785739710e-04
-6.24647803114704932e-04
-8.49808269902067133e-04
-7.42836859806834753e-04
-1.00998837766397330e-03
1.77538105744501351e-18
-2.79473723350807826e-04
-5.63734214427374708e-04
2.27343643043054211e-18
-3.15789367553589854e-04
-6.36753742335644229e-04
-8.57438515740333441e-04
-1.16498709042121037e-03
-9.67927173002118210e-04
-1.31406491209901891e-03
-1.08890188691764672e-03
-1.34468895432856444e-03
-1.29320425593217785e-03
-1.59566400548586057e-03
-1.61947140787232287e-03
-1.91502410417470703e-03
-1.92001676541184250e-03
-2.26830180202431146e-03
-1.49040264785964206e-03
-1.83721733463863596e-03
-1.67951175286618981e-03
-2.06807945969715665e-03
-2.20837079472818417e-03
-2.60612136700856967e-03
-2.48293601421753062e-03
-2.92650914250431465e-03
-3.13063377305189405e-18
-4.60424151239029189e-04
-3.48299947910968299e-18
-5.31656424517553089e-04
-9.17307486490796234e-04
-1.05894706004169294e-03
-3.96411419315012559e-18
-6.07796149704215244e-04
-5.37357701738128135e-18
-6.88682351774491186e-04
-1.21029305795405072e-03
-1.37102534720252118e-03
-1.36716851971469553e-03
-1.57758351983063472e-03
-1.80664284707408255e-03
-2.08343012300393586e-03
-1.80228985996805065e-03
-2.04081184382496478e-03
-2.37877973723854986e-03
-2.69206572510760807e-03
-8.15862134795342087e-18
-7.74008177887091525e-04
-7.23704950134074210e-18
-8.63324060883999397e-04
-1.54053488135951475e-03
-1.71792996975342728e-03
-9.97465998686664079e-18
-9.56044084411783414e-04
-8.72782748850831069e-18
-1.05145541998895092e-03
-1.90204888820717701e-03
-2.09147857449365135e-03
-2.29224743657644586e-03
-2.55527752549014175e-03
-3.02210659121805508e-03
-3.36717739388865765e-03
-2.82818454035818102e-03
-3.10888005460235785e-03
-3.72503402900717373e-03
-4.09294921909092099e-03
-2.23253779491910378e-03
-2.57257506912664290e-03
-2.64188253731151897e-03
-3.04139558748371371e-03
-2.93504026130563585e-03
-3.31916402002312757e-03
-3.46671596645286130e-03
-3.91693925811213706e-03
-3.03197240306085245e-03
-3.48661535995753967e-03
-3.40040627899323511e-03
-3.90535276582324679e-03
-3.96989095861821108e-03
-4.48076930604815460e-03
-4.44114969047185865e-03
-5.00665233811614478e-03
-3.72350291310700673e-03
-4.14595411909710748e-03
-4.39038119279821885e-03
-4.88459468528970511e-03
-4.58378492680117013e-03
-5.03367644297327173e-03
-5.39640401230835967e-03
-5.92195543496096613e-03
-5.01734946794708293e-03
-5.57687855567767614e-03
-5.59976978744373532e-03
-6.21748571933340623e-03
-6.15578996756925567e-03
-6.74976000818303633e-03
-6.85590004687071028e-03
-7.51029052254359626e-03
2.64274279543341706e-18
-3.50704412969139430e-04
-7.06870046921888534e-04
2.73083422194786429e-18
-3.84070062517724695e-04
-7.73782077473986630e-04
-1.07380845829074009e-03
-1.45653518994673598e-03
-1.17462224506712908e-03
-1.59176871357668203e-03
2.61563774112127945e-18
-4.15746283571274793e-04
-8.37208949044932686e-04
2.88668828424265556e-18
-4.45602515884855200e-04
-8.96891333230566325e-04
-1.26994518370476817e-03
-1.71919731708761810e-03
-1.35939272550981765e-03
-1.83831646332544268e-03
-1.85962998131675378e-03
-2.28710663886537695e-03
-2.02994610987529845e-03
-2.49329012951734737e-03
-2.74229545851485592e-03
-3.22774081913949863e-03
-2.98522519744739111e-03
-3.50835792665649994e-03
-2.18974414418359386e-03
-2.68576253815932696e-03
-2.33840636861334418e-03
-2.86380122132139526e-03
-3.21070243244634800e-03
-3.76717796181218808e-03
-3.41790911721505386e-03
-4.00329808343128941e-03
3.30681662608078852e-18
-4.73518307713965557e-04
-9.52592631939319276e-04
3.59819595993626784e-18
-4.99383878400996416e-04
-1.00409993495295842e-03
-1.44262063954905340e-03
-1.94868681766566547e-03
-1.51932603396336130e-03
-2.04993484616671677e-03
3.45589442479754538e-18
-5.23100606901247440e-04
-1.05122476657894021e-03
3.25938278103454770e-18
-5.44581446869196414e-04
-1.09380363087798545e-03
-1.58924790546408805e-03
-2.14175249865859729e-03
-1.65216725164496155e-03
-2.22389606048677309e-03
-2.47541460619352767e-03
-3.02682878495223826e-03
-2.60034976265915638e-03
-3.17441081453405339e-03
-3.60623118472538310e-03
-4.21609250223806391e-03
-3.77525359298748302e-03
-4.40520388234405102e-03
-2.71288977598207071e-03
-3.30625104688410647e-03
-2.81280613520320730e-03
-3.42218426489647237e-03
-3.92475152315428875e-03
-4.57052924691373885e-03
-4.05467817140130193e-03
-4.71220103676219144e-03
-3.74511623695917076e-03
-4.29515879160107753e-03
-4.06438875917020798e-03
-4.65404377900495436e-03
-4.87762441400801505e-03
-5.49126507335185622e-03
-5.27702824872806984e-03
-5.93200294948401444e-03
-4.35687720121967839e-03
-4.98049253747693231e-03
-4.62160540541039361e-03
-5.27346771252167404e-03
-5.63767326063003161e-03
-6.32700147945554174e-03
-5.95847341886451484e-03
-6.67513863013217967e-03
-6.13382842447352840e-03
-6.80207998941464997e-03
-6.61658390902324610e-03
-7.32736559411571557e-03
-7.49184745689935108e-03
-8.19808620277103980e-03
-8.05996713375372459e-03
-8.80910063879253996e-03
-7.04599195872059221e-03
-7.79111595606771668e-03
-7.42090711758838437e-03
-8.19217443716689295e-03
-8.55784861470671072e-03
-9.34073895585337162e-03
-8.98433574678995928e-03
-9.79185635957807374e-03
-4.85796264938067376e-03
-5.53240166447846633e-03
-5.06569037719873175e-03
-5.75717746206865638e-03
-6.23893276678300600e-03
-6.97601865430429353e-03
-6.47911959610641530e-03
-7.22993837598189491e-03
-5.24486140325644470e-03
-5.94809991923161713e-03
-5.39585249537408683e-03
-6.10585789163327342e-03
-6.67962783179746125e-03
-7.43783745600924955e-03
-6.84152720697546804e-03
-7.60123463260320778e-03
-7.74106164002819931e-03
-8.53042770341177863e-03
-8.00702285715918644e-03
-8.80675320815271605e-03
-9.33949401404043748e-03
-1.01627189737264270e-02
-9.62454726489380200e-03
-1.04549290540647058e-02
-8.22013091080342484e-03
-9.02294307356942341e-03
-8.38241931528658363e-03
-9.18160734308146737e-03
-9.84178654679048609e-03
-1.06713177409524830e-02
-9.99445457562239681e-03
-1.08158094698239463e-02
-1.21295118046815809e-17
-1.14873063955599881e-03
-1.11401773222885581e-17
-1.24694264449001866e-03
-2.28457901935203052e-03
-2.47951284000351565e-03
-1.45418616384618282e-17
-1.34508189510074432e-03
-1.04354459101729802e-17
-1.44207557448147857e-03
-2.67427941026978982e-03
-2.86675282207610226e-03
-3.39494079264875690e-03
-3.68365228628622209e-03
-4.46775945882424159e-03
-4.84592192997373473e-03
-3.97205925618123942e-03
-4.25702164812581142e-03
-5.22358018150776218e-03
-5.59663717967051437e-03
-1.02728155843001545e-17
-1.53680827835526242e-03
-1.11672823766006957e-17
-1.62814378914645248e-03
-3.05472286946607743e-03
-3.23593818007918057e-03
-1.15196480826584846e-17
-1.71494746864724653e-03
-1.21701693861497873e-17
-1.79610878985261803e-03
-3.40815057177796827e-03
-3.56915968478713642e-03
-4.53527513012296629e-03
-4.80349475874028691e-03
-5.96083417182515212e-03
-6.31183368057039798e-03
-5.05836045340204640e-03
-5.29662287696043392e-03
-6.64530485370974471e-03
-6.95700934308618891e-03
-5.49178059918926671e-03
-5.95378925963650427e-03
-6.45678321395718510e-03
-6.99588963050730255e-03
-6.41501396803108130e-03
-6.87047463993213474e-03
-7.53383732079795226e-03
-8.06485196346936294e-03
-7.35378170949818610e-03
-7.96225430364977393e-03
-8.17519304397857673e-03
-8.84449897263988455e-03
-8.56908645596746003e-03
-9.16781106701035353e-03
-9.51156740933676269e-03
-1.01693500441934499e-02
-7.31499531136546068e-03
-7.74330490013015738e-03
-8.58293313339310304e-03
-9.08197095617247104e-03
-8.15014082579064089e-03
-8.53035327054913091e-03
-9.55586607003518912e-03
-9.99865032793437712e-03
-9.75170919957297176e-03
-1.03139404867217538e-02
-1.08105259240022754e-02
-1.14276432625531627e-02
-1.08476772341457653e-02
-1.13462393475688740e-02
-1.20132652643236051e-02
-1.25601168421922531e-02
-1.28749007982653652e-17
-1.87056352510710407e-03
-1.31730563956988789e-17
-1.93731511471730814e-03
-3.71685693291200995e-03
-3.84926783129060706e-03
-1.34170018845081174e-17
-1.99545475748428430e-03
-1.60461921527854656e-17
-2.04417979182656235e-03
-3.96459179240177002e-03
-4.06123853596202476e-03
-5.51516831085874151e-03
-5.71108113369621449e-03
-7.24288587222711791e-03
-7.49913167946152787e-03
-5.88170256258503145e-03
-6.02468439626116341e-03
-7.72227908910245054e-03
-7.90926556700446981e-03
-2.24158799161378042e-17
-2.08280997270982515e-03
-1.81874914434443369e-17
-2.11080129468269864e-03
-4.13786033073211806e-03
-4.19337937555442491e-03
-2.24429849704499418e-17
-2.12775706396528324e-03
-1.79977560632593736e-17
-2.13343598160882150e-03
-4.22700973122430278e-03
-4.23827333180808261e-03
-6.13803660575563785e-03
-6.22016775023921491e-03
-8.05749575607293302e-03
-8.16489415910411076e-03
-6.26991734957264152e-03
-6.28657951779974106e-03
-8.22994733696020761e-03
-8.25173471519375160e-03
-8.87900784733292384e-03
-9.19148447386555420e-03
-1.04046056543183763e-02
-1.07683785085781521e-02
-9.46357033152709498e-03
-9.69154491371301309e-03
-1.10850874998269303e-02
-1.13504218434076747e-02
-1.18032271954606610e-02
-1.22126495592549192e-02
-1.30612290875494128e-02
-1.35100783968133738e-02
-1.25690439268344636e-02
-1.28675865479323248e-02
-1.39007172709412763e-02
-1.42278939816142501e-02
-9.87225533745912480e-03
-1.00031803006539223e-02
-1.15607285452139601e-02
-1.17130864413180612e-02
-1.00824813106994635e-02
-1.01090400837462509e-02
-1.18053655023044723e-02
-1.18362701280179464e-02
-1.31041898888167897e-02
-1.32755853934398618e-02
-1.44871585355584517e-02
-1.46749526617922597e-02
-1.33793897733034944e-02
-1.34141534018238952e-02
-1.47886818891241317e-02
-1.48267681655628748e-02
-8.91496467280373725e-03
-9.63596783698811646e-03
-9.56866020298649013e-03
-1.03318297201667551e-02
-1.03540165307013359e-02
-1.10616001516363333e-02
-1.10912072423231204e-02
-1.18389432424794386e-02
-1.01335010231414016e-02
-1.09291242706967377e-02
-1.06083635758587209e-02
-1.14267578734879843e-02
-1.17200008671810782e-02
-1.24980672189658991e-02
-1.22393411140163961e-02
-1.30379590507983898e-02
-1.17509198894996166e-02
-1.24140394346079746e-02
-1.25668898423094630e-02
-1.32667578240125636e-02
-1.30430399466311998e-02
-1.36301759694174695e-02
-1.39302780742675027e-02
-1.45493640088370946e-02
-1.32549567046899245e-02
-1.39821603675203080e-02
-1.38141551123151587e-02
-1.45593321865285265e-02
-1.46711921358073996e-02
-1.53137550413121153e-02
-1.52649189553755900e-02
-1.59225372263856746e-02
-1.09937333331895978e-02
-1.18254504804030727e-02
-1.12916178759557180e-02
-1.21276360894315809e-02
-1.26501935796521775e-02
-1.34598368724044362e-02
-1.29554333336587071e-02
-1.37670245621891122e-02
-1.15054227180404495e-02
-1.23373210092325367e-02
-1.16397946161967483e-02
-1.24599052929843697e-02
-1.31596852281832110e-02
-1.39647739560691923e-02
-1.32691229738009422e-02
-1.40600413974380396e-02
-1.42459581411904217e-02
-1.49999990925676237e-02
-1.45541389625894000e-02
-1.53083765956111249e-02
-1.57134302401980216e-02
-1.63779167679119313e-02
-1.60213694170978915e-02
-1.66849432471282456e-02
-1.47445750838253488e-02
-1.54909565670313647e-02
-1.48250025331121468e-02
-1.55562395565934375e-02
-1.61958213847058566e-02
-1.68512633983916305e-02
-1.62460237971364524e-02
-1.68868125252825338e-02
-1.41680289541667222e-02
-1.46496551017092861e-02
-1.51162715017557799e-02
-1.56237528935436066e-02
-1.50687243542600956e-02
-1.54196475551681006e-02
-1.60652017774673729e-02
-1.64347854588216893e-02
-1.59019048789932789e-02
-1.64282078040257143e-02
-1.65241666830688236e-02
-1.70623035277463683e-02
-1.68858884891715869e-02
-1.72689656660915576e-02
-1.75301096187585811e-02
-1.79215489057104535e-02
-1.56976890478068495e-02
-1.58990622963918193e-02
-1.67275622453016415e-02
-1.69395810510940097e-02
-1.60210064754242390e-02
-1.60618423827878290e-02
-1.70679611763100147e-02
-1.71109505486283404e-02
-1.75723721433350133e-02
-1.77920567257685500e-02
-1.82315082372684900e-02
-1.84558999501235263e-02
-1.79250658479126468e-02
-1.79696031686778154e-02
-1.85917440378806122e-02
-1.86372281363850964e-02
-1.69854818275527730e-02
-1.75286637779548601e-02
-1.72912772264425391e-02
-1.78330573505381465e-02
-1.80006639984921016e-02
-1.83954821105040099e-02
-1.83036207958601899e-02
-1.86970879475890674e-02
-1.74497207844299673e-02
-1.79841237607478166e-02
-1.74713944293866941e-02
-1.79930296746252973e-02
-1.84480334487775628e-02
-1.88357688987229946e-02
-1.84455815512818248e-02
-1.88236368968483225e-02
-1.87080357082488186e-02
-1.89342620320447214e-02
-1.90084793004173941e-02
-1.92338147267632764e-02
-1.90711994027863083e-02
-1.91170466707146700e-02
-1.93701929840938147e-02
-1.94158497562885654e-02
-1.91425195582269267e-02
-1.93644407751459718e-02
-1.91226127150880970e-02
-1.93388467095172989e-02
-1.94987302878778072e-02
-1.95436840636815448e-02
-1.94696697924259914e-02
-1.95134590161440864e-02
3.36780299828309815e-18
-5.63751270014414721e-04
-1.13169836870364096e-03
3.95056166599405678e-18
-5.80547140441403458e-04
-1.16479634301879962e-03
-1.70790679027347896e-03
-2.29618427651623498e-03
-1.75633033758465593e-03
-2.35849586702931375e-03
4.32325616278594893e-18
-5.94918523588726248e-04
-1.19301047158061808e-03
3.51688079699985501e-18
-6.06827434162451104e-04
-1.21627912805191262e-03
-1.79734190358035836e-03
-2.41076656687814464e-03
-1.83088456629614416e-03
-2.45298582638681009e-03
-2.89995916855215500e-03
-3.52216725606373845e-03
-2.97429232962265807e-03
-3.60626822267261660e-03
-4.16514966719923156e-03
-4.83056410241288012e-03
-4.25642772224155662e-03
-4.92614951334292839e-03
-3.03582573094724872e-03
-3.67465506472194241e-03
-3.08464918615646054e-03
-3.72758297500738961e-03
-4.32890066429635241e-03
-4.99964613971354277e-03
-4.38306353731403048e-03
-5.05187099993917917e-03
3.19162014525420368e-18
-6.16248528102284030e-04
-1.23456593386736882e-03
4.44522890719056818e-18
-6.23169144112678411e-04
-1.24785946373887329e-03
-1.85693918886225065e-03
-2.48519331490998623e-03
-1.87552304294979415e-03
-2.50747536567193664e-03
5.08897394710383644e-18
-6.27589300624521165e-04
-1.25617288752608697e-03
3.75405002223105910e-18
-6.29521654215712601e-04
-1.25954357034327794e-03
-1.88668839991372071e-03
-2.51996149371464797e-03
-1.89052114673887890e-03
-2.52282110779967041e-03
-3.12091502480528124e-03
-3.76538178912372030e-03
-3.14483093799310066e-03
-3.78844352154917175e-03
-4.41949795275226737e-03
-5.08373937130663072e-03
-4.43885235762050273e-03
-5.09623563105140922e-03
-3.15665309848892420e-03
-3.79721049320639985e-03
-3.15667977687002482e-03
-3.79216441712274758e-03
-4.44182334334315611e-03
-5.09038573354667415e-03
-4.42913855807714960e-03
-5.06723213835446988e-03
-5.51931142551805986e-03
-6.23147929143541904e-03
-5.61611971872722111e-03
-6.32628046782955731e-03
-6.96630411975178877e-03
-7.72215232428476346e-03
-7.05579530732662955e-03
-7.80303228840706700e-03
-5.68735242900706393e-03
-6.39181173082273724e-03
-5.73423632248491310e-03
-6.42980086335730519e-03
-7.11211663978290106e-03
-7.84664523791148670e-03
-7.13758942228222022e-03
-7.85599742646627894e-03
-8.49652129001626094e-03
-9.28606015908456199e-03
-8.56556518122946094e-03
-9.34019287245814282e-03
-1.00866100563160137e-02
-1.08932629613731104e-02
-1.01229766057753419e-02
-1.09092943364452275e-02
-8.59306254808264031e-03
-9.34833839911068838e-03
-8.58279261950952062e-03
-9.31513129611913696e-03
-1.01087813944851848e-02
-1.08700883256190352e-02
-1.00495888084912270e-02
-1.07822037587958705e-02
-5.75810785210448869e-03
-6.44209647084981445e-03
-5.76037226534663240e-03
-6.43061295871261325e-03
-7.13466659827857209e-03
-7.83423721584982496e-03
-7.10586116933120768e-03
-7.78456454114608183e-03
-5.74246509932350383e-03
-6.39727881065450376e-03
-5.70581719003488124e-03
-6.34398966885363260e-03
-7.05367899340142521e-03
-7.71014599445623509e-03
-6.98055790007826200e-03
-7.61403796515945815e-03
-8.53868683166897867e-03
-9.24536803300264783e-03
-8.46471703360812677e-03
-9.14387178510087453e-03
-9.95113443594368083e-03
-1.06523795219844539e-02
-9.81916450521618835e-03
-1.04873469607572514e-02
-8.36479070769683038e-03
-9.01536578404468422e-03
-8.24265620227953785e-03
-8.86435883803082976e-03
-9.65928555447098484e-03
-1.02936543038795857e-02
-9.47682861101922618e-03
-1.00775080945974416e-02
4.05220561966457282e-18
-6.28991425500430865e-04
-1.25803265124962548e-03
4.18773089122526088e-18
-6.26036298286807426e-04
-1.25172461871590583e-03
-1.88713947792807204e-03
-2.51626052237855294e-03
-1.87669270694665563e-03
-2.50052035781620548e-03
3.76082628580909351e-18
-6.20706297387027929e-04
-1.24072689831599141e-03
4.91279109407494197e-18
-6.13063649827075025e-04
-1.22516946479884819e-03
-1.85936023198413048e-03
-2.47587339653232647e-03
-1.83535068085505021e-03
-2.44262294027761595e-03
-3.14524564609459760e-03
-3.77381675863290404e-03
-3.12271693206799981e-03
-3.74270062692099413e-03
-4.40154170613428399e-03
-5.02781188759517626e-03
-4.35978002473441390e-03
-4.97313839397571858e-03
-3.08948752838068483e-03
-3.69936438778808215e-03
-3.04597615083890098e-03
-3.64436711572153297e-03
-4.30459452395172935e-03
-4.90418734806157518e-03
-4.23671316418089763e-03
-4.82188699057342542e-03
4.62818802379749705e-18
-6.03182633324325017e-04
-1.20520448688946329e-03
3.74727375865302470e-18
-5.91149414753296392e-04
-1.18100600886843730e-03
-1.80490124907739394e-03
-2.40110169004908005e-03
-1.76827723375872587e-03
-2.35167114581579916e-03
3.02221355580334361e-18
-5.77061879871797407e-04
-1.15276966820044083e-03
-1.72577175408876503e-03
-2.29472149887214802e-03
-2.99262456305981247e-03
-3.57827592907318699e-03
-2.92989685960875178e-03
-3.50166517782751459e-03
-4.15684703063439256e-03
-4.72711282841239283e-03
-4.06568945013537596e-03
-4.62068670750126649e-03
-2.85827974919365549e-03
-3.41511738133957500e-03
-3.96391788546470586e-03
-4.50337999685435000e-03
-5.65182415989062392e-03
-6.27256749858088464e-03
-5.58182115620525256e-03
-6.18472686316534712e-03
-6.88881477727376797e-03
-7.49911991602355242e-03
-6.78060195080995923e-03
-7.36803945391258097e-03
-5.49706340054023287e-03
-6.08204905014709564e-03
-5.39871288236445316e-03
-5.96596448664287425e-03
-6.65787380875835881e-03
-7.22317038762280289e-03
-6.52236423018478801e-03
-7.06658447097011089e-03
-8.10182053135818578e-03
-8.69504609959866406e-03
-7.94548177754637007e-03
-8.51122753213777450e-03
-9.27673152378470818e-03
-9.84463587538748908e-03
-9.06344234889772810e-03
-9.60017350417942741e-03
-7.77647755999633788e-03
-8.31624583259366057e-03
-7.59725042007647518e-03
-8.11294483289714749e-03
-8.84084586562712028e-03
-9.34857951968515351e-03
-8.61221442852446242e-03
-9.09357795678282337e-03
-5.28783129865207681e-03
-5.83774357232196960e-03
-5.16537911182209271e-03
-5.69849575286915898e-03
-6.37557497738127331e-03
-6.90003702474255732e-03
-6.21877481596994595e-03
-6.72496613455629208e-03
-5.03222037958032248e-03
-5.54917636585308422e-03
-6.05300875209731273e-03
-6.54250465033575333e-03
-7.40983035662899810e-03
-7.90364865359474353e-03
-7.21583413197814712e-03
-7.69016114700945847e-03
-8.38018347398129457e-03
-8.83812997751558423e-03
-8.14675112748255992e-03
-8.58443366669726579e-03
-7.01648039091198363e-03
-7.47378446997557823e-03
-7.91330053255251582e-03
-8.33395037949015427e-03
-1.17004380281701768e-02
-1.25019737715618487e-02
-1.16939110977773014e-02
-1.24710639277853773e-02
-1.32912341946942042e-02
-1.40612266253288334e-02
-1.32345595860419545e-02
-1.39778830105803109e-02
-1.16274080334255060e-02
-1.23754184063755990e-02
-1.15085349932601590e-02
-1.22237302333819547e-02
-1.31084149157510814e-02
-1.38204088358278854e-02
-1.29226049248802703e-02
-1.35997296606301821e-02
-1.48047287725258624e-02
-1.55144223118653165e-02
-1.46943142287708495e-02
-1.53770512495141308e-02
-1.61830301623109643e-02
-1.68034545340213712e-02
-1.60193363308900154e-02
-1.66145829404797489e-02
-1.45052330836868137e-02
-1.51566534448718399e-02
-1.42495243449022140e-02
-1.48663571168268782e-02
-1.57684828308521999e-02
-1.63346961448151799e-02
-1.54446459443708783e-02
-1.59789607385747504e-02
-1.13450865913254546e-02
-1.20248888193172400e-02
-1.11448298992978465e-02
-1.17877345471200413e-02
-1.26871381807823740e-02
-1.33269818118969038e-02
-1.24119516298699661e-02
-1.30132066984016866e-02
-1.09153023505498391e-02
-1.15208292142199142e-02
-1.06636292785185442e-02
-1.12322488312609197e-02
-1.21066529996531527e-02
-1.26690649850465312e-02
-1.17802883391002616e-02
-1.23045787074300157e-02
-1.39394442150569779e-02
-1.45195135822790873e-02
-1.35871304026251062e-02
-1.41293322457531848e-02
-1.50622304200015451e-02
-1.55627766046863049e-02
-1.46354762725723394e-02
-1.51013570999348791e-02
-1.32042882888926388e-02
-1.37085393974098191e-02
-1.28019078167444858e-02
-1.32690704521386434e-02
-1.41780912693928000e-02
-1.46093366977398335e-02
-1.37029194727237708e-02
-1.41004171571778060e-02
-1.73689128057169725e-02
-1.78730683330732623e-02
-1.71565007066088043e-02
-1.76392156981568585e-02
-1.83101533951163416e-02
-1.86750816514641982e-02
-1.80573834675177777e-02
-1.84062924436616190e-02
-1.68495433152246223e-02
-1.73076580922050596e-02
-1.64641238226839320e-02
-1.68953066224572165e-02
-1.77041602894050243e-02
-1.80347492916463452e-02
-1.72681205216775012e-02
-1.75786999490448771e-02
-1.89635477059204166e-02
-1.91721116465611921e-02
-1.86819554667778526e-02
-1.88811875082432017e-02
-1.92982667531367835e-02
-1.93404889224043121e-02
-1.90016679142045036e-02
-1.90419858415393078e-02
-1.82957868334342466e-02
-1.84843672812765834e-02
-1.78237759265740779e-02
-1.80007385117972249e-02
-1.85983739188298816e-02
-1.86365200324003707e-02
-1.81076868021337496e-02
-1.81434654346264955e-02
-1.60165629855289413e-02
-1.64193136781624824e-02
-1.55229746865975134e-02
-1.58966062630453327e-02
-1.67671452609008398e-02
-1.70566391913581084e-02
-1.62188738995528887e-02
-1.64868062812013674e-02
-1.49988505977890398e-02
-1.53434499121658120e-02
-1.44586856543780281e-02
-1.47750554838882771e-02
-1.56402498696825328e-02
-1.58867154109175214e-02
-1.50471110696486568e-02
-1.52727323507166560e-02
-1.72849059039025671e-02
-1.74496392242879002e-02
-1.66978933799441717e-02
-1.68501328634801106e-02
-1.75491599431481758e-02
-1.75824476204166982e-02
-1.69420672554136328e-02
-1.69728110571968141e-02
-1.60807066938147732e-02
-1.62205177168223622e-02
-1.54501315940423767e-02
-1.55778846342654251e-02
-1.63049072420380844e-02
-1.63331213634411165e-02
-1.56549558822558638e-02
-1.56807165750632305e-02
-1.03963659676505633e-02
-1.09294043103411349e-02
-1.01193680966198980e-02
-1.06188944416281926e-02
-1.14411408982328967e-02
-1.19289081999006119e-02
-1.10965662756109650e-02
-1.15501692988425279e-02
-9.83769334867451266e-03
-1.03063943027966801e-02
-9.55553579463778655e-03
-9.99658091837602250e-03
-1.07528673552477437e-02
-1.11752947221191324e-02
-1.04152110658127257e-02
-1.08099418745424541e-02
-1.23900186412442097e-02
-1.28218038211466243e-02
-1.19774895324754257e-02
-1.23763429230077174e-02
-1.32216546560457310e-02
-1.35870616268562779e-02
-1.27446055974978940e-02
-1.30802441556020933e-02
-1.15718763077965296e-02
-1.19408509788185256e-02
-1.11793207585207874e-02
-1.15219412665698989e-02
-1.22805182483020515e-02
-1.25892599411359836e-02
-1.18364576531495257e-02
-1.21215993842244719e-02
-9.27619346359695104e-03
-9.69309663503459089e-03
-9.00206834787753776e-03
-9.39854935320169962e-03
-1.00875874800161278e-02
-1.04584476493084829e-02
-9.77281028600317236e-03
-1.01238291478060825e-02
-8.73469698415878237e-03
-9.11454750256736682e-03
-9.47255625856241110e-03
-9.80782768407375410e-03
-1.08045011924606579e-02
-1.11246235063857408e-02
-1.04506334060799830e-02
-1.07523050841004733e-02
-1.14177503423795422e-02
-1.16828867135500298e-02
-1.10279858011898407e-02
-1.12768816899624733e-02
-1.01195191929935105e-02
-1.04068439662569831e-02
-1.06690736250678458e-02
-1.09055407689930273e-02
-1.39156542961217516e-02
-1.42052392756371847e-02
-1.33813453804872608e-02
-1.36461447599312367e-02
-1.44538358548111541e-02
-1.46597085470698031e-02
-1.38730532312783903e-02
-1.40606815988915026e-02
-1.28655614074428305e-02
-1.31080318583826506e-02
-1.23761852994544279e-02
-1.25991371562762019e-02
-1.33154234140880224e-02
-1.34866484780410446e-02
-1.27894922916593715e-02
-1.29464151531716240e-02
-1.48213958746589731e-02
-1.49377347899006530e-02
-1.42078621195780713e-02
-1.43136668091804302e-02
-1.50078802216372757e-02
-1.50313193373082382e-02
-1.43774220908389240e-02
-1.43987194809433831e-02
-1.36207950850084948e-02
-1.37171399100431569e-02
-1.30692074721648066e-02
-1.31573168779289887e-02
-1.37751586731627417e-02
-1.37945337271327597e-02
-1.32103437820049133e-02
-1.32280463958520198e-02
-1.19191155438800704e-02
-1.21256059027484361e-02
-1.14982681170489806e-02
-1.16914941351363606e-02
-1.23016206746446935e-02
-1.24465235229066131e-02
-1.18559865970156979e-02
-1.19912538666154308e-02
-1.11156413558546000e-02
-1.12988369009727491e-02
-1.14546564743553334e-02
-1.15826984758707601e-02
-1.25597850184009704e-02
-1.26409878188993192e-02
-1.20968890676371524e-02
-1.21725728172829024e-02
-1.26898308021642977e-02
-1.27061320750830042e-02
-1.22180754005293043e-02
-1.22332583493004014e-02
-1.16826321702594056e-02
-1.17541989660012638e-02
-1.17972134245212558e-02
-1.18115639889417538e-02
-3.58464343278019903e-18
5.77061879871799250e-04
1.15276966820044820e-03
-3.54398585131199262e-18
5.91149414753301921e-04
1.18100600886845010e-03
1.72577175408877262e-03
2.29472149887216146e-03
1.76827723375874712e-03
2.35167114581581477e-03
-4.39101879856629296e-18
6.03182633324325125e-04
1.20520448688946546e-03
-4.33003242636398333e-18
6.13063649827075567e-04
1.22516946479884516e-03
1.80490124907740392e-03
2.40110169004908395e-03
1.83535068085503459e-03
2.44262294027760033e-03
2.85827974919366590e-03
3.41511738133957934e-03
2.92989685960877780e-03
3.50166517782752630e-03
3.96391788546470239e-03
4.50337999685435086e-03
4.06568945013539330e-03
4.62068670750127343e-03
2.99262456305982635e-03
3.57827592907320347e-03
3.04597615083888190e-03
3.64436711572154208e-03
4.15684703063441078e-03
4.72711282841241625e-03
4.23671316418089243e-03
4.82188699057342803e-03
-4.05898188324260722e-18
6.20706297387029447e-04
1.24072689831599119e-03
-4.09963946471081364e-18
6.26036298286808727e-04
1.25172461871590692e-03
1.85936023198412636e-03
2.47587339653232690e-03
1.87669270694667970e-03
2.50052035781623714e-03
-4.10641572828884804e-18
6.28991425500425336e-04
1.25803265124961876e-03
-4.08608693755474484e-18
6.29521654215710975e-04
1.25954357034327230e-03
1.88713947792806423e-03
2.51626052237854730e-03
1.89052114673886242e-03
2.52282110779964526e-03
3.08948752838067355e-03
3.69936438778807651e-03
3.12271693206803234e-03
3.74270062692099500e-03
4.30459452395173109e-03
4.90418734806157518e-03
4.35978002473445033e-03
4.97313839397575935e-03
3.14524564609460367e-03
3.77381675863289016e-03
3.15667977687001094e-03
3.79216441712271765e-03
4.40154170613427445e-03
5.02781188759518407e-03
4.42913855807710276e-03
5.06723213835444733e-03
5.03222037958032248e-03
5.54917636585309289e-03
5.16537911182210312e-03
5.69849575286917806e-03
6.05300875209733615e-03
6.54250465033578716e-03
6.21877481596997371e-03
6.72496613455633892e-03
5.28783129865210370e-03
5.83774357232199562e-03
5.39871288236445836e-03
5.96596448664292456e-03
6.37557497738132882e-03
6.90003702474259288e-03
6.52236423018483745e-03
7.06658447097011175e-03
7.01648039091200878e-03
7.47378446997560598e-03
7.21583413197815580e-03
7.69016114700944026e-03
7.91330053255254184e-03
8.33395037949015427e-03
8.14675112748256686e-03
8.58443366669728661e-03
7.40983035662899549e-03
7.90364865359474353e-03
7.59725042007650467e-03
8.11294483289718912e-03
8.38018347398130498e-03
8.83812997751561372e-03
8.61221442852448324e-03
9.09357795678283204e-03
5.49706340054022594e-03
6.08204905014711646e-03
5.58182115620527598e-03
6.18472686316533064e-03
6.65787380875834407e-03
7.22317038762281070e-03
6.78060195080995836e-03
7.36803945391261393e-03
5.65182415989066381e-03
6.27256749858089331e-03
5.70581719003490119e-03
6.34398966885367337e-03
6.88881477727376797e-03
7.49911991602351686e-03
6.98055790007829930e-03
7.61403796515947376e-03
7.77647755999638559e-03
8.31624583259370567e-03
7.94548177754640476e-03
8.51122753213782481e-03
8.84084586562715151e-03
9.34857951968517432e-03
9.06344234889779922e-03
9.60017350417950027e-03
8.10182053135820313e-03
8.69504609959869876e-03
8.24265620227953785e-03
8.86435883803086792e-03
9.27673152378472726e-03
9.84463587538747867e-03
9.47682861101929210e-03
1.00775080945974937e-02
-3.76760254938712791e-18
6.27589300624524960e-04
1.25617288752609109e-03
-3.46944695195361419e-18
6.23169144112680471e-04
1.24785946373887741e-03
1.88668839991373545e-03
2.51996149371464797e-03
1.87552304294979740e-03
2.50747536567194141e-03
-4.21483594553739849e-18
6.16248528102287933e-04
1.23456593386737402e-03
-4.13352078260098565e-18
6.06827434162453706e-04
1.21627912805191999e-03
1.85693918886224805e-03
2.48519331490999968e-03
1.83088456629615284e-03
2.45298582638682440e-03
3.15665309848890598e-03
3.79721049320638424e-03
3.14483093799310196e-03
3.78844352154918997e-03
4.44182334334314571e-03
5.09038573354667415e-03
4.43885235762054089e-03
5.09623563105141616e-03
3.12091502480530466e-03
3.76538178912374632e-03
3.08464918615645968e-03
3.72758297500740046e-03
4.41949795275228992e-03
5.08373937130664894e-03
4.38306353731403916e-03
5.05187099993920780e-03
-3.32714541681489173e-18
5.94918523588731560e-04
1.19301047158062393e-03
-3.97766672030619439e-18
5.80547140441403783e-04
1.16479634301879442e-03
1.79734190358036726e-03
2.41076656687814941e-03
1.75633033758464292e-03
2.35849586702930767e-03
-4.28937484489577692e-18
5.63751270014408758e-04
1.13169836870363489e-03
-3.90312782094781596e-18
5.44581446869191427e-04
1.09380363087798306e-03
1.70790679027347050e-03
2.29618427651622501e-03
1.65216725164496177e-03
2.22389606048678089e-03
3.03582573094724828e-03
3.67465506472195716e-03
2.97429232962266891e-03
3.60626822267261747e-03
4.32890066429637496e-03
4.99964613971355318e-03
4.25642772224156269e-03
4.92614951334293533e-03
2.89995916855214936e-03
3.52216725606371937e-03
2.81280613520321510e-03
3.42218426489646500e-03
4.16514966719920120e-03
4.83056410241285497e-03
4.05467817140126724e-03
4.71220103676213854e-03
5.74246509932349776e-03
6.39727881065453152e-03
5.76037226534663674e-03
6.43061295871266009e-03
7.05367899340147899e-03
7.71014599445633310e-03
7.10586116933124932e-03
7.78456454114612173e-03
5.75810785210451211e-03
6.44209647084985522e-03
5.73423632248495213e-03
6.42980086335732254e-03
7.13466659827862153e-03
7.83423721584984405e-03
7.13758942228224797e-03
7.85599742646633098e-03
8.36479070769691364e-03
9.01536578404473800e-03
8.46471703360817535e-03
9.14387178510089015e-03
9.65928555447103342e-03
1.02936543038796534e-02
9.81916450521617794e-03
1.04873469607572115e-02
8.53868683166900296e-03
9.24536803300269466e-03
8.58279261950962991e-03
9.31513129611921849e-03
9.95113443594372940e-03
1.06523795219844886e-02
1.00495888084913537e-02
1.07822037587959624e-02
5.68735242900708388e-03
6.39181173082278061e-03
5.61611971872722632e-03
6.32628046782957726e-03
7.11211663978292448e-03
7.84664523791150925e-03
7.05579530732664342e-03
7.80303228840707047e-03
5.51931142551798787e-03
6.23147929143532450e-03
5.39585249537399836e-03
6.10585789163316413e-03
6.96630411975171851e-03
7.72215232428464897e-03
6.84152720697537003e-03
7.60123463260311584e-03
8.59306254808267327e-03
9.34833839911071093e-03
8.56556518122941410e-03
9.34019287245806476e-03
1.01087813944852022e-02
1.08700883256190733e-02
1.01229766057752621e-02
1.09092943364452119e-02
8.49652129001611522e-03
9.28606015908443015e-03
8.38241931528650383e-03
9.18160734308146390e-03
1.00866100563158784e-02
1.08932629613729993e-02
9.99445457562234130e-03
1.08158094698238491e-02
8.73469698415877370e-03
9.11454750256736682e-03
9.00206834787753082e-03
9.39854935320168575e-03
9.47255625856240589e-03
9.80782768407377492e-03
9.77281028600320706e-03
1.01238291478061519e-02
9.27619346359697533e-03
9.69309663503460824e-03
9.55553579463781257e-03
9.99658091837607454e-03
1.00875874800161643e-02
1.04584476493085575e-02
1.04152110658128089e-02
1.08099418745425356e-02
1.01195191929935313e-02
1.04068439662569675e-02
1.04506334060800871e-02
1.07523050841004993e-02
1.06690736250678493e-02
1.09055407689930290e-02
1.10279858011898494e-02
1.12768816899624785e-02
1.08045011924606978e-02
1.11246235063857616e-02
1.11793207585208533e-02
1.15219412665699839e-02
1.14177503423795682e-02
1.16828867135500628e-02
1.18364576531496124e-02
1.21215993842245413e-02
9.83769334867454388e-03
1.03063943027967495e-02
1.01193680966199743e-02
1.06188944416282776e-02
1.07528673552478513e-02
1.11752947221192105e-02
1.10965662756110466e-02
1.15501692988425903e-02
1.03963659676505026e-02
1.09294043103410881e-02
1.06636292785186430e-02
1.12322488312610151e-02
1.14411408982328325e-02
1.19289081999005113e-02
1.17802883391003952e-02
1.23045787074300521e-02
1.15718763077966129e-02
1.19408509788185950e-02
1.19774895324754656e-02
1.23763429230078041e-02
1.22805182483021382e-02
1.25892599411360374e-02
1.27446055974979652e-02
1.30802441556021644e-02
1.23900186412441229e-02
1.28218038211465723e-02
1.28019078167446003e-02
1.32690704521387405e-02
1.32216546560456494e-02
1.35870616268562779e-02
1.37029194727238401e-02
1.41004171571778823e-02
1.11156413558546035e-02
1.12988369009727752e-02
1.14982681170490118e-02
1.16914941351363832e-02
1.14546564743553524e-02
1.15826984758707514e-02
1.18559865970156841e-02
1.19912538666154291e-02
1.19191155438800895e-02
1.21256059027484344e-02
1.23761852994544747e-02
1.25991371562762453e-02
1.23016206746446796e-02
1.24465235229066946e-02
1.27894922916594080e-02
1.29464151531716379e-02
1.16826321702594264e-02
1.17541989660012447e-02
1.20968890676371732e-02
1.21725728172828573e-02
1.17972134245212263e-02
1.18115639889417590e-02
1.22180754005293372e-02
1.22332583493004448e-02
1.25597850184009929e-02
1.26409878188993678e-02
1.30692074721648274e-02
1.31573168779290650e-02
1.26898308021643445e-02
1.27061320750828984e-02
1.32103437820049394e-02
1.32280463958519817e-02
1.28655614074429485e-02
1.31080318583827356e-02
1.33813453804874083e-02
1.36461447599313807e-02
1.33154234140881143e-02
1.34866484780410741e-02
1.38730532312786922e-02
1.40606815988916743e-02
1.39156542961217048e-02
1.42052392756371430e-02
1.44586856543780576e-02
1.47750554838883275e-02
1.44538358548111437e-02
1.46597085470697615e-02
1.50471110696486221e-02
1.52727323507165693e-02
1.36207950850085156e-02
1.37171399100432245e-02
1.42078621195781216e-02
1.43136668091804805e-02
1.37751586731627539e-02
1.37945337271328829e-02
1.43774220908389865e-02
1.43987194809434803e-02
1.48213958746589557e-02
1.49377347899005784e-02
1.54501315940423212e-02
1.55778846342653574e-02
1.50078802216372497e-02
1.50313193373081758e-02
1.56549558822557840e-02
1.56807165750631507e-02
1.09153023505499745e-02
1.15208292142200998e-02
1.11448298992977909e-02
1.17877345471200743e-02
1.21066529996533279e-02
1.26690649850466665e-02
1.24119516298699349e-02
1.30132066984016831e-02
1.13450865913255067e-02
1.20248888193172851e-02
1.15085349932602214e-02
1.22237302333819946e-02
1.26871381807824469e-02
1.33269818118969870e-02
1.29226049248802738e-02
1.35997296606301422e-02
1.32042882888928296e-02
1.37085393974100134e-02
1.35871304026250299e-02
1.41293322457531918e-02
1.41780912693930151e-02
1.46093366977400503e-02
1.46354762725723897e-02
1.51013570999350127e-02
1.39394442150570768e-02
1.45195135822791897e-02
1.42495243449022799e-02
1.48663571168269545e-02
1.50622304200015780e-02
1.55627766046862979e-02
1.54446459443709216e-02
1.59789607385747087e-02
1.16274080334255667e-02
1.23754184063756961e-02
1.16939110977772962e-02
1.24710639277853929e-02
1.31084149157511508e-02
1.38204088358278628e-02
1.32345595860420447e-02
1.39778830105804341e-02
1.17004380281700206e-02
1.25019737715616926e-02
1.16397946161966130e-02
1.24599052929842777e-02
1.32912341946940515e-02
1.40612266253287710e-02
1.32691229738008138e-02
1.40600413974379546e-02
1.45052330836867860e-02
1.51566534448718520e-02
1.46943142287709206e-02
1.53770512495141325e-02
1.57684828308521721e-02
1.63346961448151903e-02
1.60193363308900050e-02
1.66145829404797732e-02
1.48047287725257930e-02
1.55144223118651968e-02
1.48250025331120444e-02
1.55562395565933386e-02
1.61830301623108776e-02
1.68034545340212983e-02
1.62460237971363344e-02
1.68868125252824089e-02
1.49988505977892463e-02
1.53434499121660566e-02
1.55229746865977389e-02
1.58966062630454888e-02
1.56402498696827895e-02
1.58867154109176151e-02
1.62188738995529859e-02
1.64868062812014333e-02
1.60165629855289759e-02
1.64193136781625171e-02
1.64641238226838627e-02
1.68953066224572061e-02
1.67671452609008467e-02
1.70566391913582263e-02
1.72681205216775081e-02
1.75786999490449951e-02
1.60807066938147836e-02
1.62205177168223760e-02
1.66978933799442342e-02
1.68501328634801453e-02
1.63049072420380498e-02
1.63331213634411478e-02
1.69420672554136328e-02
1.69728110571968280e-02
1.72849059039027302e-02
1.74496392242880632e-02
1.78237759265741924e-02
1.80007385117974018e-02
1.75491599431483840e-02
1.75824476204167572e-02
1.81076868021339821e-02
1.81434654346265996e-02
1.68495433152245841e-02
1.73076580922049937e-02
1.71565007066087002e-02
1.76392156981566711e-02
1.77041602894049688e-02
1.80347492916463903e-02
1.80573834675176077e-02
1.84062924436615531e-02
1.73689128057168962e-02
1.78730683330732450e-02
1.74713944293866177e-02
1.79930296746253354e-02
1.83101533951163312e-02
1.86750816514641149e-02
1.84455815512818838e-02
1.88236368968483468e-02
1.82957868334343299e-02
1.84843672812766702e-02
1.86819554667778734e-02
1.88811875082432815e-02
1.85983739188299614e-02
1.86365200324004957e-02
1.90016679142045557e-02
1.90419858415394640e-02
1.89635477059203333e-02
1.91721116465611296e-02
1.91226127150880484e-02
1.93388467095171913e-02
1.92982667531366933e-02
1.93404889224042774e-02
1.94696697924258630e-02
1.95134590161439858e-02
-3.51010453342182061e-18
5.23100606901246573e-04
1.05122476657893891e-03
-3.11708124589582525e-18
4.99383878401001187e-04
1.00409993495296384e-03
1.58924790546408653e-03
2.14175249865860206e-03
1.51932603396336846e-03
2.04993484616671981e-03
-2.99510850149120600e-18
4.73518307713968701e-04
9.52592631939323939e-04
-2.84603070277444914e-18
4.45602515884854062e-04
8.96891333230566759e-04
1.44262063954905990e-03
1.94868681766567110e-03
1.35939272550981765e-03
1.83831646332543877e-03
2.71288977598207505e-03
3.30625104688411602e-03
2.60034976265916679e-03
3.17441081453407247e-03
3.92475152315430870e-03
4.57052924691374231e-03
3.77525359298750991e-03
4.40520388234409005e-03
2.47541460619354198e-03
3.02682878495225084e-03
2.33840636861332380e-03
2.86380122132138615e-03
3.60623118472539177e-03
4.21609250223807172e-03
3.41790911721506080e-03
4.00329808343128941e-03
-2.66984784974555467e-18
4.15746283571274467e-04
8.37208949044932361e-04
-2.50721752387272900e-18
3.84070062517723665e-04
7.73782077473985654e-04
1.26994518370476795e-03
1.71919731708761766e-03
1.17462224506712865e-03
1.59176871357668052e-03
-2.35475159336695494e-18
3.50704412969135310e-04
7.06870046921880078e-04
-2.20567379465019808e-18
3.15789367553586655e-04
6.36753742335636639e-04
1.07380845829072751e-03
1.45653518994671907e-03
9.67927173002106718e-04
1.31406491209900525e-03
2.18974414418358736e-03
2.68576253815931872e-03
2.02994610987529411e-03
2.49329012951734130e-03
3.21070243244634887e-03
3.76717796181219719e-03
2.98522519744738070e-03
3.50835792665649387e-03
1.85962998131673166e-03
2.28710663886535137e-03
1.67951175286617333e-03
2.06807945969713410e-03
2.74229545851482643e-03
3.22774081913946740e-03
2.48293601421750634e-03
2.92650914250428993e-03
5.24486140325644036e-03
5.94809991923160673e-03
5.06569037719876037e-03
5.75717746206867113e-03
6.67962783179745778e-03
7.43783745600929205e-03
6.47911959610643177e-03
7.22993837598192354e-03
4.85796264938069197e-03
5.53240166447848715e-03
4.62160540541039621e-03
5.27346771252168358e-03
6.23893276678301988e-03
6.97601865430430915e-03
5.95847341886453219e-03
6.67513863013218141e-03
8.22013091080349249e-03
9.02294307356953616e-03
8.00702285715922807e-03
8.80675320815277676e-03
9.84178654679060405e-03
1.06713177409525316e-02
9.62454726489385577e-03
1.04549290540647336e-02
7.74106164002820625e-03
8.53042770341177689e-03
7.42090711758833926e-03
8.19217443716685825e-03
9.33949401404039585e-03
1.01627189737263455e-02
8.98433574678991070e-03
9.79185635957801476e-03
4.35687720121968013e-03
4.98049253747692711e-03
4.06438875917019583e-03
4.65404377900495089e-03
5.63767326063004202e-03
6.32700147945554695e-03
5.27702824872806030e-03
5.93200294948400663e-03
3.74511623695912999e-03
4.29515879160103677e-03
3.40040627899321777e-03
3.90535276582321643e-03
4.87762441400797081e-03
5.49126507335180244e-03
4.44114969047183089e-03
5.00665233811610488e-03
7.04599195872057660e-03
7.79111595606769847e-03
6.61658390902323916e-03
7.32736559411568435e-03
8.55784861470672981e-03
9.34073895585341499e-03
8.05996713375372459e-03
8.80910063879254863e-03
6.13382842447345467e-03
6.80207998941457538e-03
5.59976978744368241e-03
6.21748571933333771e-03
7.49184745689927649e-03
8.19808620277094960e-03
6.85590004687063916e-03
7.51029052254351820e-03
-1.79909797996813392e-18
2.79473723350807555e-04
5.63734214427373623e-04
-1.53143556863577501e-18
2.41914265061113522e-04
4.88131075785737758e-04
8.57438515740331598e-04
1.16498709042120864e-03
7.42836859806831717e-04
1.00998837766397005e-03
-1.33492392487277733e-18
2.03274923371016888e-04
4.10280692532066804e-04
-1.07403777711845283e-18
1.63725873749528847e-04
3.30534184859152241e-04
6.24647803114697451e-04
8.49808269902057375e-04
5.03424681149560621e-04
6.85233559800313462e-04
1.49040264785964098e-03
1.83721733463863227e-03
1.29320425593217568e-03
1.59566400548585819e-03
2.20837079472818200e-03
2.60612136700856881e-03
1.92001676541183968e-03
2.26830180202430495e-03
1.08890188691763371e-03
1.34468895432854774e-03
8.78556223450657238e-04
1.08567536378118652e-03
1.61947140787230032e-03
1.91502410417468297e-03
1.30849596725366585e-03
1.54848868747421730e-03
-7.94516904524533718e-19
1.23442581975975686e-04
2.49255254258958002e-04
-5.38712954453735016e-19
8.26048036700048101e-05
1.66817859366380505e-04
3.79744654637814011e-04
5.17091918684245335e-04
2.54204423099120417e-04
3.46244709291048855e-04
-2.66815378385104607e-19
4.13955459433981883e-05
8.36037659944018926e-05
1.27415625761474158e-04
1.73579153695391984e-04
6.63293405254690611e-04
8.20105509359436041e-04
4.44293725476439783e-04
5.49543876295852714e-04
9.88994785875217750e-04
1.17109449233359741e-03
6.62991165725090805e-04
7.85405748396477907e-04
2.22779161700910897e-04
2.75618363851686779e-04
3.32600311705346491e-04
3.94114525296705915e-04
3.03197240306084682e-03
3.48661535995752839e-03
2.64188253731150033e-03
3.04139558748369853e-03
3.96989095861821021e-03
4.48076930604816674e-03
3.46671596645285740e-03
3.91693925811214920e-03
2.23253779491907473e-03
2.57257506912660690e-03
1.80664284707405393e-03
2.08343012300390637e-03
2.93504026130559639e-03
3.31916402002309981e-03
2.37877973723851560e-03
2.69206572510757381e-03
5.01734946794709247e-03
5.57687855567766053e-03
4.39038119279822406e-03
4.88459468528969643e-03
6.15578996756924526e-03
6.74976000818303720e-03
5.39640401230835186e-03
5.92195543496096700e-03
3.72350291310697247e-03
4.14595411909705544e-03
3.02210659121802038e-03
3.36717739388861037e-03
4.58378492680110855e-03
5.03367644297322142e-03
3.72503402900711692e-03
4.09294921909087762e-03
1.36716851971467471e-03
1.57758351983061261e-03
9.17307486490780621e-04
1.05894706004167451e-03
1.80228985996802810e-03
2.04081184382494396e-03
1.21029305795403142e-03
1.37102534720250080e-03
4.60424151239019431e-04
5.31656424517543006e-04
6.07796149704203535e-04
6.88682351774473948e-04
2.29224743657643242e-03
2.55527752549012136e-03
1.54053488135949415e-03
1.71792996975339693e-03
2.82818454035816021e-03
3.10888005460235178e-03
1.90204888820715142e-03
2.09147857449363790e-03
7.74008177887063661e-04
8.63324060883968389e-04
9.56044084411748827e-04
1.05145541998892360e-03
1.15054227180404808e-02
1.23373210092325280e-02
1.12916178759558429e-02
1.21276360894316190e-02
1.31596852281832353e-02
1.39647739560692773e-02
1.29554333336587314e-02
1.37670245621892093e-02
1.09937333331895822e-02
1.18254504804031230e-02
1.06083635758586307e-02
1.14267578734879669e-02
1.26501935796522400e-02
1.34598368724045091e-02
1.22393411140164221e-02
1.30379590507984019e-02
1.47445750838254008e-02
1.54909565670313804e-02
1.45541389625894035e-02
1.53083765956111041e-02
1.61958213847058843e-02
1.68512633983916756e-02
1.60213694170979470e-02
1.66849432471283983e-02
1.42459581411904287e-02
1.49999990925676202e-02
1.38141551123152021e-02
1.45593321865285716e-02
1.57134302401980668e-02
1.63779167679119868e-02
1.52649189553756212e-02
1.59225372263856399e-02
1.01335010231414051e-02
1.09291242706967134e-02
9.56866020298649533e-03
1.03318297201667551e-02
1.17200008671810973e-02
1.24980672189659303e-02
1.10912072423231516e-02
1.18389432424794543e-02
8.91496467280362276e-03
9.63596783698801931e-03
8.17519304397846744e-03
8.84449897263979434e-03
1.03540165307012301e-02
1.10616001516362049e-02
9.51156740933664820e-03
1.01693500441933128e-02
1.32549567046899835e-02
1.39821603675203479e-02
1.25668898423094630e-02
1.32667578240125601e-02
1.46711921358074412e-02
1.53137550413121638e-02
1.39302780742675061e-02
1.45493640088370998e-02
1.17509198894994761e-02
1.24140394346078150e-02
1.08105259240021297e-02
1.14276432625530066e-02
1.30430399466310350e-02
1.36301759694173290e-02
1.20132652643234489e-02
1.25601168421921351e-02
1.74497207844300194e-02
1.79841237607478444e-02
1.72912772264427646e-02
1.78330573505382887e-02
1.84480334487775594e-02
1.88357688987230501e-02
1.83036207958603078e-02
1.86970879475891610e-02
1.69854818275528285e-02
1.75286637779549469e-02
1.65241666830687195e-02
1.70623035277463475e-02
1.80006639984922195e-02
1.83954821105040967e-02
1.75301096187585569e-02
1.79215489057104743e-02
1.91425195582269753e-02
1.93644407751460100e-02
1.90084793004175329e-02
1.92338147267634360e-02
1.94987302878778107e-02
1.95436840636815205e-02
1.93701929840939466e-02
1.94158497562885793e-02
1.87080357082488984e-02
1.89342620320448012e-02
1.82315082372684692e-02
1.84558999501234985e-02
1.90711994027864262e-02
1.91170466707147081e-02
1.85917440378806538e-02
1.86372281363851623e-02
1.59019048789933032e-02
1.64282078040257039e-02
1.51162715017557833e-02
1.56237528935436170e-02
1.68858884891715660e-02
1.72689656660915472e-02
1.60652017774673903e-02
1.64347854588216928e-02
1.41680289541665904e-02
1.46496551017091334e-02
1.30612290875492809e-02
1.35100783968132229e-02
1.50687243542599429e-02
1.54196475551679271e-02
1.39007172709411306e-02
1.42278939816140940e-02
1.75723721433350133e-02
1.77920567257685361e-02
1.67275622453016484e-02
1.69395810510939958e-02
1.79250658479126607e-02
1.79696031686778987e-02
1.70679611763099801e-02
1.71109505486283717e-02
1.56976890478067212e-02
1.58990622963917187e-02
1.44871585355582921e-02
1.46749526617921105e-02
1.60210064754241210e-02
1.60618423827877388e-02
1.47886818891239998e-02
1.48267681655627689e-02
7.35378170949817309e-03
7.96225430364978434e-03
6.45678321395717555e-03
6.99588963050729127e-03
8.56908645596744963e-03
9.16781106701033618e-03
7.53383732079792971e-03
8.06485196346933865e-03
5.49178059918920946e-03
5.95378925963642794e-03
4.46775945882418087e-03
4.84592192997365927e-03
6.41501396803098849e-03
6.87047463993202892e-03
5.22358018150768325e-03
5.59663717967042416e-03
9.75170919957297003e-03
1.03139404867217399e-02
8.58293313339309957e-03
9.08197095617246930e-03
1.08476772341457653e-02
1.13462393475688827e-02
9.55586607003517524e-03
9.99865032793434937e-03
7.31499531136536700e-03
7.74330490013007064e-03
5.96083417182506799e-03
6.31183368057031124e-03
8.15014082579053507e-03
8.53035327054902336e-03
6.64530485370964496e-03
6.95700934308608743e-03
3.39494079264873868e-03
3.68365228628619694e-03
2.28457901935200059e-03
2.47951284000346925e-03
3.97205925618120820e-03
4.25702164812574724e-03
2.67427941026974862e-03
2.86675282207605499e-03
1.14873063955595674e-03
1.24694264448996879e-03
1.34508189510069379e-03
1.44207557448144908e-03
4.53527513012290124e-03
4.80349475874022446e-03
3.05472286946602278e-03
3.23593818007912246e-03
5.05836045340196921e-03
5.29662287696036019e-03
3.40815057177790929e-03
3.56915968478707657e-03
1.53680827835523076e-03
1.62814378914641561e-03
1.71494746864721162e-03
1.79610878985258116e-03
1.18032271954606506e-02
1.22126495592549313e-02
1.04046056543183503e-02
1.07683785085781192e-02
1.25690439268344584e-02
1.28675865479323196e-02
1.10850874998268921e-02
1.13504218434076348e-02
8.87900784733279547e-03
9.19148447386541542e-03
7.24288587222700515e-03
7.49913167946141164e-03
9.46357033152696661e-03
9.69154491371288646e-03
7.72227908910233171e-03
7.90926556700435185e-03
1.31041898888167533e-02
1.32755853934398288e-02
1.15607285452139323e-02
1.17130864413180508e-02
1.33793897733034805e-02
1.34141534018238761e-02
1.18053655023044497e-02
1.18362701280178978e-02
9.87225533745900510e-03
1.00031803006538078e-02
8.05749575607282026e-03
8.16489415910400494e-03
1.00824813106993524e-02
1.01090400837461139e-02
8.22994733696009832e-03
8.25173471519365619e-03
5.51516831085866431e-03
5.71108113369613209e-03
3.71685693291194316e-03
3.84926783129053811e-03
5.88170256258494471e-03
6.02468439626108448e-03
3.96459179240170236e-03
4.06123853596195364e-03
1.87056352510706330e-03
1.93731511471726650e-03
1.99545475748424310e-03
2.04417979182651074e-03
6.13803660575558928e-03
6.22016775023917067e-03
4.13786033073205300e-03
4.19337937555435119e-03
6.26991734957260509e-03
6.28657951779974713e-03
4.22700973122424901e-03
4.23827333180806266e-03
2.08280997270974709e-03
2.11080129468261928e-03
2.12775706396520518e-03
2.13343598160876773e-03
3.82181265801140313e-18
6.00051624878230423e-04
4.65529307810963466e-18
5.93669756146714264e-04
1.19790491686937129e-03
1.18521381829894451e-03
3.93023287525995357e-18
5.83151756250470735e-04
1.90413006542766716e-18
5.68672693001331009e-04
1.16429713226957345e-03
1.13550240763756502e-03
1.79135509393005873e-03
1.77249853352010435e-03
2.37818413389719475e-03
2.35337408052771740e-03
1.74141931350506231e-03
1.69863235070518760e-03
2.31248051613099992e-03
2.25617820344221854e-03
3.58464343278019903e-18
5.50472510763518053e-04
4.05898188324260722e-18
5.28851013411287918e-04
1.09930599040929176e-03
1.05630306635910308e-03
3.27293530819061651e-18
5.04161601356518767e-04
1.74149973955484150e-18
4.76803897674131895e-04
1.00719523082407275e-03
9.52775853658838169e-04
1.64484339009725593e-03
1.58093425868313306e-03
2.18539198445233613e-03
2.10127746848233488e-03
1.50794445726559648e-03
1.42704948697407251e-03
2.00519692423120491e-03
1.89869089547535226e-03
2.95615375461181487e-03
2.92566620078592819e-03
3.52299908087560631e-03
3.48716883970150160e-03
2.87541167042974083e-03
2.80621500874970271e-03
3.42810338036542844e-03
3.34676583460420370e-03
4.07642487614630258e-03
4.03563959878727990e-03
4.61410710913823328e-03
4.56880075950968304e-03
3.96840009769941320e-03
3.87579420287883884e-03
4.49410025562537764e-03
4.39120300654127944e-03
2.71920678294739187e-03
2.61579969378768120e-03
3.24447633919460994e-03
3.12288452036388548e-03
2.49765912900658509e-03
2.36666849325611493e-03
2.98393514461253642e-03
2.82982767622892966e-03
3.75931301003961001e-03
3.62081984006286774e-03
4.26175035917248160e-03
4.10779347997798465e-03
3.46251148925612925e-03
3.28687260541821050e-03
3.93175076284861362e-03
3.73635768082970212e-03
3.99799551104029760e-18
4.47215422282153303e-04
5.10930273783793965e-18
4.15862493622734617e-04
8.93913554824350611e-04
8.31534146749068610e-04
6.13251853812113445e-18
3.83230553897497125e-04
3.41184871154032177e-18
3.49814126275732487e-04
7.66601432560253459e-04
7.00097273823900405e-04
1.33953637770946625e-03
1.24677694589573609e-03
1.78344615219289170e-03
1.66126066774399867e-03
1.15019935773350403e-03
1.05125861049260353e-03
1.53400637665450368e-03
1.40359051514062322e-03
5.03815197026857842e-18
3.16106620349986521e-04
3.87602276663567835e-18
2.82590205290512986e-04
6.33001357023154319e-04
5.66271094310682988e-04
2.96122718360103399e-18
2.49725968579723328e-04
8.77526133355455151e-19
2.17944571923821696e-04
5.00822090953727457e-04
4.37509599419761861e-04
9.51406567469465642e-04
8.52062191573045623e-04
1.27191637674952144e-03
1.14084432771911163e-03
7.54582617888308396e-04
6.60235687099474224e-04
1.01215392061865467e-03
8.87507920649796903e-04
2.22489006176254667e-03
2.07452220118643609e-03
2.66297061296395018e-03
2.48593158366917054e-03
1.91785387923563175e-03
1.75721744270764695e-03
2.30138428275101581e-03
2.11205338408894643e-03
3.09662417268048284e-03
2.89466721480342859e-03
3.52461016193109274e-03
3.29970270852609788e-03
2.68402292930784584e-03
2.46777054129140036e-03
3.06496259270733944e-03
2.82378154400887618e-03
1.59494068056742402e-03
1.43329920360365376e-03
1.92065862014041862e-03
1.72985922937904271e-03
1.27447016482901869e-03
1.12048831525752993e-03
1.54219996660966987e-03
1.36005983626196554e-03
2.24898421436943398e-03
2.03067037583464166e-03
2.57954639930397297e-03
2.33557020629218031e-03
1.81570680342994740e-03
1.60678478228366492e-03
2.09502526133334335e-03
1.86087951970117724e-03
5.13370322682340976e-03
5.08434921210895903e-03
5.63287464624653064e-03
5.57997874269408611e-03
5.00296563226445938e-03
4.89084309895423085e-03
5.49274330007748762e-03
5.37253477784259501e-03
6.10932456914996258e-03
6.05341771305684898e-03
6.56085326758470890e-03
6.50248421263810699e-03
5.96120308130948864e-03
5.83410492728292807e-03
6.40619247597921763e-03
6.27344162957009597e-03
4.74975078017558956e-03
4.58189968816466887e-03
5.22122639441189966e-03
5.04115933372623927e-03
4.38989684902622249e-03
4.17669134128282292e-03
4.83509431621766041e-03
4.60615457713383497e-03
5.67407579113691791e-03
5.48355615747926628e-03
6.10623822863474042e-03
5.90709046471731697e-03
5.26542409233777750e-03
5.02293594370719493e-03
5.67895654802557694e-03
5.42518392997647786e-03
6.98543157063817241e-03
6.92515935517062052e-03
7.38129154978134708e-03
7.31967767912355266e-03
6.82570964040430782e-03
6.68856669567228709e-03
7.21799331253727538e-03
7.07772492487146118e-03
7.74703153582826688e-03
7.68463177086375470e-03
8.08173079414614345e-03
8.01908644920793640e-03
7.58162678019167358e-03
7.43948715899794312e-03
7.91565125097500911e-03
7.77286251845053094e-03
6.51576558405072160e-03
6.30985035867592803e-03
6.90091075626341963e-03
6.69009909501854134e-03
6.07382187431656367e-03
5.81107633697830993e-03
6.44829619657977249e-03
6.17890495855977651e-03
7.26022954996191020e-03
7.04637554326981511e-03
7.59269146489552002e-03
7.37760322454629035e-03
6.80090036526005345e-03
6.52717245855027189e-03
7.13050694700347650e-03
6.85469703127032648e-03
3.94551336548902305e-03
3.69980765686270729e-03
4.35776147996132755e-03
4.09356415096041263e-03
3.44316267431070367e-03
3.17923708964127413e-03
3.81736464910543711e-03
3.53304028124782656e-03
4.75965938209337198e-03
4.47940022201897929e-03
5.14944067374148006e-03
4.85564044917858109e-03
4.18612459882513731e-03
3.88387817441831085e-03
4.54786276519031103e-03
4.23027015430782125e-03
2.91168515820767158e-03
2.64408257547368115e-03
3.24446473301807752e-03
2.95542971054749051e-03
2.37985441253337838e-03
2.12220667770230504e-03
2.66956877599117386e-03
2.39028501133455116e-03
3.57670410872236487e-03
3.26856155914102180e-03
3.90702408897018044e-03
3.58220143514838404e-03
2.96324645776452735e-03
2.66431626564148788e-03
3.25971323609309215e-03
2.94322756734321242e-03
5.52533591330299327e-03
5.22057289191693672e-03
5.88565567029903942e-03
5.57253032538372346e-03
4.90092902699883638e-03
4.57063179719136015e-03
5.24368212333376198e-03
4.90335188927526044e-03
6.22888525195469146e-03
5.90998258587622713e-03
6.55378676140764508e-03
6.23163576846920073e-03
5.57457939453485929e-03
5.22687934743700563e-03
5.89227287526727320e-03
5.53981597874236495e-03
4.23390937834741774e-03
3.89490615507152209e-03
4.55578320562417816e-03
4.20513807622223228e-03
3.55760058301940289e-03
3.22572716173841157e-03
3.85541493041391230e-03
3.51037072251776270e-03
4.87109121671647737e-03
4.51134576300071810e-03
5.17839068715122974e-03
4.81204945459610609e-03
4.15161491971657078e-03
3.79563500452621393e-03
4.44469294305249122e-03
4.07999529228234275e-03
1.20617491689012368e-18
1.87637605078222762e-04
1.27563161856497631e-18
1.59149823120913067e-04
3.77111358496152701e-04
3.20312185666214396e-04
1.30781887056063972e-18
1.32772433493270762e-04
7.60635586634361704e-19
1.08737576316914573e-04
2.67690652829822922e-04
2.19708130185463583e-04
5.70174529736916774e-04
4.85414746533636488e-04
7.68419017190998086e-04
6.56219934662458310e-04
4.06814673707048182e-04
3.35059154942716011e-04
5.52037582840634927e-04
4.56771798963221071e-04
8.54656243779589042e-19
8.72141155821404659e-05
5.50571415715295220e-19
6.83048303494366313e-05
1.76700431662613815e-04
1.38872238822313198e-04
3.42201310690737337e-19
5.20450647265440443e-05
1.38913403349705256e-19
3.84028637374307023e-05
1.06294419852413980e-04
7.89042974779035456e-05
2.70647165700527734e-04
2.13883551839623231e-04
3.71079134238201463e-04
2.95362027863798693e-04
1.64875055276952974e-04
1.23530706388935306e-04
2.29763594751053435e-04
1.74168131348867076e-04
9.73205338646811972e-04
8.34253337340334347e-04
1.18560464923010830e-03
1.02074442049085185e-03
7.05013251032353969e-04
5.86588883062568790e-04
8.67096519399745036e-04
7.25955359518233568e-04
1.40635557340886008e-03
1.21658234117549835e-03
1.63583774254201682e-03
1.42228864153419649e-03
1.03929856835921334e-03
8.75973846329321671e-04
1.22225915168798689e-03
1.03737680773251435e-03
4.79787087050418325e-04
3.85104532937963879e-04
5.98269272770174301e-04
4.84625056741757861e-04
3.02721328721348038e-04
2.32501625405749678e-04
3.85240517400951366e-04
2.99965156028152331e-04
7.27687767714348338e-04
5.95112472946575854e-04
8.68841023462250234e-04
7.17403880074066170e-04
4.78504214246898419e-04
3.77704104935546717e-04
5.83360823103093928e-04
4.66551452531856659e-04
2.33357576968559743e-19
2.72805899715341334e-05
2.17899225681168762e-19
1.85179837894814814e-05
5.65088556457009344e-05
3.87908111122840002e-05
1.79570984817911672e-19
1.18965985605107240e-05
5.86570315973602985e-20
7.14551259467790776e-06
2.53174139413048731e-05
1.55517817519917006e-05
8.95665681500485626e-05
6.25147226270577385e-05
1.28207319940052805e-04
9.12719881912714339e-05
4.17362984563141484e-05
2.64382503159411113e-05
6.25291602758967454e-05
4.09440211548737644e-05
5.49512624531227345e-20
3.94819175509850613e-06
2.39022109803322877e-20
1.95035179118045373e-06
8.86651762856071436e-06
4.55931209542515300e-06
9.01957739927821377e-21
7.68647763118418252e-07
2.28301849064635638e-22
6.93508225564458403e-21
1.87018655444614733e-06
1.69935985042894006e-20
1.56935200615854984e-05
8.46413588498100405e-06
2.53063090805889405e-05
1.42605553889430236e-05
3.62674216599626353e-06
3.70576914423756398e-20
6.33950724365936025e-06
6.24686798600046500e-20
1.74001181238524747e-04
1.26481710339252897e-04
2.28288972474723626e-04
1.69359180826071946e-04
8.89316937220400918e-05
6.00931905799577078e-05
1.22004461952358439e-04
8.47662139982019794e-05
2.92148022679822263e-04
2.20885436731488603e-04
3.66370371658460007e-04
2.81787842107513093e-04
1.62606735663186599e-04
1.15678447775703858e-04
2.11379779676519781e-04
1.53366423135986314e-04
3.84940576077125534e-05
2.24848668932868542e-05
5.59361101311454763e-05
3.35991361224537711e-05
1.02797110507507948e-05
1.10220162261465832e-19
1.56811615336382258e-05
1.47807249295875409e-19
7.81855752071298360e-05
4.79801085363778948e-05
1.05658820029195423e-04
6.59121040196955553e-05
2.27346546766269557e-05
1.77029885976148771e-19
3.15843910808134051e-05
1.78723951870657372e-19
1.87406297192341297e-03
1.63800759461797847e-03
2.12068406111933123e-03
1.86351398734885070e-03
1.41623631616697105e-03
1.21051586647325697e-03
1.62111322146960370e-03
1.39536772218947229e-03
2.37502031627615309e-03
2.09823723849315120e-03
2.63609811484146308e-03
2.34130000299861713e-03
1.83642079457851893e-03
1.59155528649923507e-03
2.06137424153793325e-03
1.79838197235893376e-03
1.02215299964235340e-03
8.51973786829872100e-04
1.18767824779912709e-03
9.98938431944186144e-04
7.00313567241801641e-04
5.67017755947803550e-04
8.29524117210018162e-04
6.79294156508634603e-04
1.36512147498985123e-03
1.15807372787882223e-03
1.55386948454876704e-03
1.32884473165503368e-03
9.70828870154949366e-04
8.03266954227724686e-04
1.12376583548396162e-03
9.38541800413049843e-04
2.90270418760081627e-03
2.59156883005831487e-03
3.17344879215604187e-03
2.84771402491667842e-03
2.29492091476552005e-03
2.01487660754245306e-03
2.53579669355874244e-03
2.23984617088882846e-03
3.44683559798975026e-03
3.10827560550744906e-03
3.72133489192701160e-03
3.37173212952695959e-03
2.78258786178911619e-03
2.47193345092872920e-03
3.03379543582500948e-03
2.70967676777905285e-03
1.75303297777819290e-03
1.51044418338411356e-03
1.96149549062714281e-03
1.70183749670108206e-03
1.28760976690663704e-03
1.08447528937522463e-03
1.46141306955852859e-03
1.24021165573821174e-03
2.17796670366273174e-03
1.90181160114112299e-03
2.40103746415962519e-03
2.10902518288913574e-03
1.64405006657126758e-03
1.40472236777633452e-03
1.83426238828167431e-03
1.57684660528537718e-03
4.51453471586982561e-04
3.52531712310788590e-04
5.47602643389486551e-04
4.33322284421745470e-04
2.68739579501452294e-04
1.98181830880920454e-04
3.34878385084074262e-04
2.50292690382852932e-04
6.54743910114982349e-04
5.24115777499264751e-04
7.72545397143909037e-04
6.24637910708153140e-04
4.09773970312779664e-04
3.09690785180709186e-04
4.93205190096328251e-04
3.76204191680995178e-04
1.38630842302739159e-04
8.75838751785034981e-05
1.77236107685437168e-04
1.13089146629347364e-04
4.23263880792358485e-05
3.50248123689653190e-19
5.50087436218111404e-05
5.35324822664717814e-19
2.21474142855560891e-04
1.42430351522553528e-04
2.71218980959329978e-04
1.75524951977159871e-04
6.96335068834032678e-05
5.64970975818618326e-19
8.61598455573520680e-05
4.50621527939287780e-19
9.00445260586906155e-04
7.34408057614457130e-04
1.03768405975120234e-03
8.52767191101493722e-04
5.84772263151377321e-04
4.49513607506608133e-04
6.83920199769877802e-04
5.29171186323146195e-04
1.18333959063752570e-03
9.78907881258107718e-04
1.33636240215002878e-03
1.11190480817835902e-03
7.89963899174695719e-04
6.14620680579949352e-04
9.02113624886281460e-04
7.05217852374464150e-04
3.26231468000719193e-04
2.12213672174851393e-04
3.86173443341574570e-04
2.52269978050577979e-04
1.04508171093261964e-04
8.85996462827998155e-19
1.24564886375327379e-04
1.22819777351873549e-18
4.50622884580344977e-04
2.95410191885389596e-04
5.19089233120994761e-04
3.41303717498694622e-04
1.46187448420024137e-04
1.15704700594937426e-18
1.69209483386011664e-04
9.19877780718170168e-19
8.38506761062124406e-03
8.32269630077486083e-03
8.65743334063269129e-03
8.59581917639502639e-03
8.21968247440305229e-03
8.07741375504560100e-03
8.49402332222313691e-03
8.35336855992464822e-03
8.90003424711532411e-03
8.83961754815792630e-03
9.11497275783497429e-03
9.05613943951406007e-03
8.73976434777230977e-03
8.60171901448299886e-03
8.95886417247053479e-03
8.82430121931585335e-03
7.89779343251071492e-03
7.68320209644528674e-03
8.17566950500706047e-03
7.96319628923573483e-03
7.43644973581392317e-03
7.16071933243883022e-03
7.71862921710229737e-03
7.44500536860417950e-03
8.42718889525995683e-03
8.21831044245550750e-03
8.65403463773363121e-03
8.45004719166774637e-03
7.97760692081539956e-03
7.70793860055212030e-03
8.21468153313097832e-03
7.95059448504693324e-03
9.30530012046067168e-03
9.24837099099330012e-03
9.47503330432057644e-03
9.42025358915768093e-03
9.15420190042520385e-03
9.02384749272318321e-03
9.32959461849958670e-03
9.20400437467226717e-03
9.62913033709656210e-03
9.57665981423536095e-03
9.77341999713245840e-03
9.72332417744680919e-03
9.48977434798932082e-03
9.36931095465467524e-03
9.64032050181759873e-03
9.52513369134980366e-03
8.85875550150441032e-03
8.66073872117193062e-03
9.04478461564809863e-03
8.85356610933278436e-03
8.43194000766996077e-03
8.17479105626663441e-03
8.63227770692855979e-03
8.38310991430313637e-03
9.21641951670096153e-03
9.03254140322303986e-03
9.37875992920261456e-03
9.20244890327161225e-03
8.81938276947609283e-03
8.57888310263546332e-03
8.99768137692604462e-03
8.76614276219182115e-03
6.85950315897906112e-03
6.53653314777775506e-03
7.14565829308612920e-03
6.82415208649076246e-03
6.19570682350929682e-03
5.84101038677721854e-03
6.48421126401681897e-03
6.12964792930843425e-03
7.41244650305247516e-03
7.09449090331491436e-03
7.66070540273281874e-03
7.34813971769019813e-03
6.75758590470337123e-03
6.40533148465521115e-03
7.01616886957566552e-03
6.66814790836209488e-03
5.47644059571540231e-03
5.10592711693544105e-03
5.76428779796583218e-03
5.39189665616230090e-03
4.73325700532255950e-03
4.36200292446912215e-03
5.01610882397494212e-03
4.64035914793612531e-03
6.04134446279810510e-03
5.66918986437374255e-03
6.30745209713382514e-03
5.93741386563839679e-03
5.29231414148025915e-03
4.91398167265291036e-03
5.56126145522692523e-03
5.18206055735992346e-03
7.89196583625984167e-03
7.58632967597301817e-03
8.10847373710527064e-03
7.81095567541858354e-03
7.26088508340838427e-03
6.91871545647558886e-03
7.49326982487180573e-03
7.15820810158019228e-03
8.31317968147221587e-03
8.02456870376092035e-03
8.50969325388410344e-03
8.23033515525132403e-03
7.71546390508319468e-03
7.38835354475123225e-03
7.93017808413884473e-03
7.61140279225625428e-03
6.56292788032622736e-03
6.19659622706826216e-03
6.80858964677172589e-03
6.44721048262647013e-03
5.82270576462457813e-03
5.44410044692783795e-03
6.07679448339543647e-03
5.69994669542961060e-03
7.04575666772521390e-03
6.69017956492938201e-03
7.27622435789958364e-03
6.92685552384034869e-03
6.32407334799403413e-03
5.94979352830629638e-03
6.56547094681403549e-03
6.19417310323049260e-03
9.91448381488500320e-03
9.86672663090167219e-03
1.00594905671186272e-02
1.00139290392229803e-02
9.78754587843949121e-03
9.67755582166053216e-03
9.93833639070361430e-03
9.83322156975639274e-03
1.02159857662565412e-02
1.01723670956141120e-02
1.03916409457464991e-02
1.03496024381674982e-02
1.00999469798694879e-02
9.99913756144048087e-03
1.02797583962670278e-02
1.01824360229250451e-02
9.53760146009567655e-03
9.36874393720212723e-03
9.69928543296886755e-03
9.53740936714890172e-03
9.17224231197053853e-03
8.94953207674697993e-03
9.34864107132299567e-03
9.13417779496839867e-03
9.87050721083856247e-03
9.71477211106725261e-03
1.00580874576589527e-02
9.90728397523515936e-03
9.53278573708010030e-03
9.32552644603237488e-03
9.73070872775660262e-03
9.52914817503134476e-03
1.05939697147676808e-02
1.05530418704780880e-02
1.08300195036079034e-02
1.07896325167500060e-02
1.04850016364674871e-02
1.03901063966025248e-02
1.07224587169135188e-02
1.06287038468742233e-02
1.11060495564202291e-02
1.10655433584399433e-02
1.14272069758286944e-02
1.13858448329337905e-02
1.09981500502916805e-02
1.09040446734402323e-02
1.13170199008075893e-02
1.12208998268952358e-02
1.02687127732984437e-02
1.01212729973227007e-02
1.05086539148808306e-02
1.03626732036881022e-02
9.94833035951438356e-03
9.75051383024926922e-03
1.01912017678866748e-02
9.99475246073692689e-03
1.07834713089748225e-02
1.06367421135238338e-02
1.10977186958177553e-02
1.09477764108279613e-02
1.04642360978307938e-02
1.02663976610959835e-02
1.07714379031478777e-02
1.05691321725696619e-02
8.70220087238795723e-03
8.43196191008559540e-03
8.89534738106568558e-03
8.63358750756463601e-03
8.14062565643464825e-03
7.83007037354446246e-03
8.35042355738583805e-03
8.04744557434501455e-03
9.09408343234835784e-03
8.83964133444911475e-03
9.30348237374785912e-03
9.05467431804821490e-03
8.56346380664111707e-03
8.26687638958350894e-03
8.78375854202790435e-03
8.49182920812202591e-03
7.50221212847029199e-03
7.15897489546807233e-03
7.72628477980145771e-03
7.38859013202825682e-03
6.80226137037381710e-03
6.43392509886398043e-03
7.03600540712609815e-03
6.67014726683154858e-03
7.95124902550432139e-03
7.61797856965454757e-03
8.18002791397431928e-03
7.84953145404721983e-03
7.26847164726365444e-03
6.90412819554613033e-03
7.50153977084716365e-03
7.13726432424232476e-03
9.52853194775287599e-03
9.28316608948464433e-03
9.77390753908085122e-03
9.52931490125977394e-03
9.01526325150638942e-03
8.72572846878744493e-03
9.26168401817355214e-03
8.97178162157748378e-03
1.00437348965770196e-02
9.79681768603287914e-03
1.03413511633674987e-02
1.00886484801896454e-02
9.52627560235496870e-03
9.23279564112108875e-03
9.81163794916680397e-03
9.51099202998018610e-03
8.41551701461378844e-03
8.08562651955456284e-03
8.66042721634028428e-03
8.32848848463596525e-03
7.73708914975714153e-03
7.37096398070334786e-03
7.97687664989052067e-03
7.60654186675884837e-03
8.91711980280982322e-03
8.58004254801148641e-03
9.18744008507885526e-03
8.84176651261273788e-03
8.22240814815858485e-03
7.84510795407562453e-03
8.47480874996046560e-03
8.08745515497346842e-03
3.99545663698656385e-03
3.63656917834519200e-03
4.26781996926943116e-03
3.90134440498136935e-03
3.28789898176036575e-03
2.95156904814110289e-03
3.54341714080678907e-03
3.19611377094762734e-03
4.53721588862259547e-03
4.16474627029969104e-03
4.80266018127509155e-03
4.42564389315459536e-03
3.79896233633308846e-03
3.44187558478151277e-03
4.05328745121122293e-03
3.68752372109486899e-03
2.62923405800280204e-03
2.32205810578896797e-03
2.86106953315577554e-03
2.53945808303008419e-03
2.03070350593580282e-03
1.75533087925466976e-03
2.23198073285770784e-03
1.93886635266521693e-03
3.09509017981867253e-03
2.75978298373660271e-03
3.32991559693702251e-03
2.98163747864892657e-03
2.43669333094219268e-03
2.12612272857154710e-03
2.64346566955239119e-03
2.31577786409410203e-03
5.06343399776201450e-03
4.68312581667047929e-03
5.31910998700701673e-03
4.93652593494086495e-03
4.30532262927094036e-03
3.93186667834926565e-03
4.55420076148904673e-03
4.17387702409179225e-03
5.56956244491413517e-03
5.18543532228243204e-03
5.81496055787357208e-03
5.42969924927751580e-03
4.79927065852426941e-03
4.41270554927081487e-03
5.04009737831713402e-03
4.64768440678543782e-03
3.56427110897867975e-03
3.20370304372980062e-03
3.79701163434743080e-03
3.42476064413011275e-03
2.85097467620562322e-03
2.50654253629115607e-03
3.05797108885853038e-03
2.69718002384675267e-03
4.02713644387088249e-03
3.64370571147691136e-03
4.25379458208868279e-03
3.85955530462940869e-03
3.26329426736033214e-03
2.88652037726395711e-03
3.46588054813205988e-03
3.07346943239906502e-03
1.49561048301528584e-03
1.25074450379601167e-03
1.65988189928696042e-03
1.39435330822712555e-03
1.01949979401873042e-03
8.00250306261716254e-04
1.14119625789249743e-03
8.98956101281622321e-04
1.82794445236844280e-03
1.54162279126427403e-03
1.99856169748353560e-03
1.69143213188690253e-03
1.26624148431909870e-03
1.00054069387997720e-03
1.39365726157856910e-03
1.10419193635912048e-03
5.91028268855756512e-04
3.89582956477353508e-04
6.65856061077808870e-04
4.39852604620473225e-04
1.93445744567985624e-04
1.70084215808663508e-18
2.18696759308900174e-04
2.15823994960395726e-18
7.42961673310305829e-04
4.91698120460041079e-04
8.21718432561257249e-04
5.44693247763093310e-04
2.44753062802105319e-04
2.58514455502012463e-18
2.71398962230640333e-04
2.88668828424265556e-18
2.17051490243735977e-03
1.84266715886140936e-03
2.34262073274653544e-03
1.99423593072328232e-03
1.52246472258241129e-03
1.20909300047220046e-03
1.65169763258330858e-03
1.31443321089099938e-03
2.51374462261506242e-03
2.14508087491331600e-03
2.68280993516777349e-03
2.29418761731729282e-03
1.78041299648863151e-03
1.41941685993624261e-03
1.90769912608264357e-03
1.52327013655066614e-03
9.01493683550461306e-04
5.98406547906675653e-04
9.81657034324245632e-04
6.52406955035841223e-04
2.98415811873468961e-04
3.28987596713570252e-18
3.25584808248795656e-04
3.26277091282356491e-18
1.06158716258448462e-03
7.06268407847593068e-04
1.14067729479557455e-03
7.59573638664553792e-04
3.52689334525387640e-04
2.87313575708658675e-18
3.79516896337113029e-04
2.05998412772245842e-18
6.05574448985684959e-03
5.66939924252887317e-03
6.29258475509971663e-03
5.90482063238501748e-03
5.27644966127644235e-03
4.87831926862818122e-03
5.50827491481948196e-03
5.10427093590259777e-03
6.52632601331806349e-03
6.13640661689385074e-03
6.75791709608394766e-03
6.36470043146084540e-03
5.73566267066300504e-03
5.32532722475851251e-03
5.95879789776196725e-03
5.54136631874033170e-03
4.47628105300336594e-03
4.07144760790571335e-03
4.69402419195033820e-03
4.27863417062734376e-03
3.66476533337914499e-03
3.25701278119427126e-03
3.85907929574808278e-03
3.43621505261709195e-03
4.90656495130407325e-03
4.48046552575916308e-03
5.11352911348480262e-03
4.67637104021057480e-03
4.04803925184359613e-03
3.61021497846240489e-03
4.23093441272621128e-03
3.77821682402429502e-03
6.98832969605737032e-03
6.59027773201221589e-03
7.21846870051118944e-03
6.81367175502719385e-03
6.17790597580267220e-03
5.75231311305505685e-03
6.39319150322696476e-03
5.95809036733066944e-03
7.44907760402809850e-03
7.03529419195047905e-03
7.68064277223224918e-03
7.25535499172354041e-03
6.60477341518181903e-03
6.15856671936799646e-03
6.81261910739497725e-03
6.35350378303538646e-03
5.31459370270027237e-03
4.86583404063280125e-03
5.50944908898041985e-03
5.04836342114019666e-03
4.40710885453895074e-03
3.93947885275386118e-03
4.57594116499379210e-03
4.09329956597829451e-03
5.69775845624480477e-03
5.22346306784233529e-03
5.87911643286828395e-03
5.39060052414175230e-03
4.73682230829933736e-03
4.23900251200197420e-03
4.88913280885236185e-03
4.37592049156571104e-03
2.84880313421983014e-03
2.44059071973409206e-03
3.01077528798157981e-03
2.58337660871094501e-03
2.03268136801419350e-03
1.62524634332377837e-03
2.15452573511890847e-03
1.72462959988035577e-03
3.16784030605528908e-03
2.72168402896737520e-03
3.31917037740141587e-03
2.85470239157976924e-03
2.27244071088551682e-03
1.82073724318110482e-03
2.38567751321580764e-03
1.91292113866157413e-03
1.21833949622525460e-03
8.11917215668025538e-04
1.29400792317766996e-03
8.62907940346377151e-04
4.05860698075714876e-04
3.34747420754899494e-18
4.31520911057893639e-04
4.20128341838132968e-18
1.36714119217031644e-03
9.12170701797203917e-04
1.43722401757360313e-03
9.59347884580442900e-04
4.56305683922133935e-04
5.06186889279169883e-18
4.80031942296202233e-04
5.46844470747376299e-18
3.46398913006583202e-03
2.98166841350273578e-03
3.60156307382303179e-03
3.10186146221495774e-03
2.49352911174239742e-03
2.00056811331124264e-03
2.59532829468421631e-03
2.08309971469795114e-03
3.73119191422316161e-03
3.21459802789354938e-03
3.85219834009785812e-03
3.31922574560813196e-03
2.69044507764276469e-03
2.15997148986674841e-03
2.77828373843329833e-03
2.23067196577392398e-03
1.50376826157286076e-03
1.00410041903684208e-03
1.56631352995294779e-03
1.04610855364618317e-03
5.02526020074038886e-04
5.47522097105179739e-18
5.23624159233698804e-04
4.93311988480904517e-18
1.62442743535776190e-03
1.08507241902818592e-03
1.67770563713301869e-03
1.12071244321148818e-03
5.43172909514324067e-04
4.49266275223680900e-18
5.61029453792343978e-04
2.71728169479179549e-18
-1.14272069758287985e-02
-1.11060495564202482e-02
-1.13858448329338825e-02
-1.10655433584400248e-02
-1.08300195036078930e-02
-1.07896325167500355e-02
-1.13170199008076535e-02
-1.09981500502917585e-02
-1.12208998268953468e-02
-1.09040446734402791e-02
-1.07224587169135830e-02
-1.06287038468742667e-02
-1.05939697147676842e-02
-1.05530418704781193e-02
-1.03916409457465546e-02
-1.03496024381675520e-02
-1.04850016364675599e-02
-1.03901063966025942e-02
-1.02797583962671094e-02
-1.01824360229251371e-02
-1.10977186958179305e-02
-1.07834713089749509e-02
-1.09477764108280237e-02
-1.06367421135239830e-02
-1.05086539148808063e-02
-1.03626732036881108e-02
-1.07714379031479783e-02
-1.04642360978309135e-02
-1.05691321725697972e-02
-1.02663976610961015e-02
-1.01912017678866523e-02
-9.99475246073687658e-03
-1.02687127732984020e-02
-1.01212729973226261e-02
-1.00580874576590915e-02
-9.90728397523525650e-03
-9.94833035951433672e-03
-9.75051383024923279e-03
-9.73070872775673099e-03
-9.52914817503144190e-03
-1.02159857662566626e-02
-1.01723670956141952e-02
-1.00594905671186410e-02
-1.00139290392229543e-02
-1.00999469798695226e-02
-9.99913756144052424e-03
-9.93833639070353624e-03
-9.83322156975636671e-03
-9.91448381488491473e-03
-9.86672663090157678e-03
-9.77341999713247575e-03
-9.72332417744683694e-03
-9.78754587843942356e-03
-9.67755582166050267e-03
-9.64032050181762648e-03
-9.52513369134978458e-03
-9.87050721083869258e-03
-9.71477211106739312e-03
-9.69928543296880163e-03
-9.53740936714890346e-03
-9.53278573708021305e-03
-9.32552644603243039e-03
-9.34864107132298006e-03
-9.13417779496842469e-03
-9.53760146009566094e-03
-9.36874393720213416e-03
-9.37875992920261456e-03
-9.20244890327160531e-03
-9.17224231197054374e-03
-8.94953207674696258e-03
-8.99768137692600820e-03
-8.76614276219177951e-03
-1.03413511633676236e-02
-1.00437348965771341e-02
-1.00886484801897720e-02
-9.79681768603299016e-03
-9.77390753908083387e-03
-9.52931490125976874e-03
-9.81163794916695316e-03
-9.52627560235508840e-03
-9.51099202998030580e-03
-9.23279564112116161e-03
-9.26168401817352265e-03
-8.97178162157746470e-03
-9.52853194775284650e-03
-9.28316608948460270e-03
-9.30348237374795800e-03
-9.05467431804829470e-03
-9.01526325150634085e-03
-8.72572846878745707e-03
-8.78375854202799629e-03
-8.49182920812210917e-03
-9.18744008507897669e-03
-8.91711980280992904e-03
-8.84176651261278992e-03
-8.58004254801160438e-03
-8.66042721634023745e-03
-8.32848848463594790e-03
-8.47480874996057315e-03
-8.22240814815868373e-03
-8.08745515497360720e-03
-7.84510795407571300e-03
-7.97687664989048251e-03
-7.60654186675881541e-03
-8.41551701461375548e-03
-8.08562651955451947e-03
-8.18002791397443897e-03
-7.84953145404730657e-03
-7.73708914975710250e-03
-7.37096398070331924e-03
-7.50153977084720616e-03
-7.13726432424227966e-03
-9.09408343234845498e-03
-8.83964133444924312e-03
-8.89534738106572027e-03
-8.63358750756463775e-03
-8.56346380664124718e-03
-8.26687638958355925e-03
-8.35042355738583458e-03
-8.04744557434496945e-03
-8.70220087238791386e-03
-8.43196191008555550e-03
-8.50969325388411559e-03
-8.23033515525131709e-03
-8.14062565643460141e-03
-7.83007037354441562e-03
-7.93017808413883953e-03
-7.61140279225627683e-03
-7.95124902550436476e-03
-7.61797856965459354e-03
-7.72628477980140827e-03
-7.38859013202821172e-03
-7.26847164726367265e-03
-6.90412819554609564e-03
-7.03600540712605999e-03
-6.67014726683153730e-03
-7.50221212847024775e-03
-7.15897489546802462e-03
-7.27622435789956890e-03
-6.92685552384037125e-03
-6.80226137037375118e-03
-6.43392509886396048e-03
-6.56547094681410402e-03
-6.19417310323056719e-03
-9.62913033709665578e-03
-9.57665981423547197e-03
-9.47503330432061981e-03
-9.42025358915769308e-03
-9.48977434798940235e-03
-9.36931095465470820e-03
-9.32959461849961792e-03
-9.20400437467226717e-03
-9.30530012046061963e-03
-9.24837099099328104e-03
-9.11497275783496215e-03
-9.05613943951410691e-03
-9.15420190042522813e-03
-9.02384749272320229e-03
-8.95886417247059030e-03
-8.82430121931586549e-03
-9.21641951670093204e-03
-9.03254140322300170e-03
-9.04478461564805179e-03
-8.85356610933273752e-03
-8.81938276947606160e-03
-8.57888310263548934e-03
-8.63227770692855112e-03
-8.38310991430310341e-03
-8.85875550150439818e-03
-8.66073872117190287e-03
-8.65403463773363121e-03
-8.45004719166770994e-03
-8.43194000766993475e-03
-8.17479105626659798e-03
-8.21468153313088811e-03
-7.95059448504686558e-03
-8.90003424711539176e-03
-8.83961754815795406e-03
-8.65743334063268782e-03
-8.59581917639496047e-03
-8.73976434777228375e-03
-8.60171901448292427e-03
-8.49402332222302416e-03
-8.35336855992458230e-03
-8.38506761062112610e-03
-8.32269630077471165e-03
-8.08173079414609315e-03
-8.01908644920790864e-03
-8.21968247440293086e-03
-8.07741375504556457e-03
-7.91565125097500738e-03
-7.77286251845055870e-03
-8.42718889525986836e-03
-8.21831044245541383e-03
-8.17566950500707088e-03
-7.96319628923574697e-03
-7.97760692081532150e-03
-7.70793860055207693e-03
-7.71862921710236675e-03
-7.44500536860423761e-03
-7.89779343251077043e-03
-7.68320209644533531e-03
-7.59269146489554084e-03
-7.37760322454632939e-03
-7.43644973581396827e-03
-7.16071933243882242e-03
-7.13050694700350859e-03
-6.85469703127032301e-03
-8.31317968147227658e-03
-8.02456870376093249e-03
-8.10847373710521339e-03
-7.81095567541858701e-03
-7.71546390508317994e-03
-7.38835354475126868e-03
-7.49326982487179098e-03
-7.15820810158018187e-03
-7.89196583625982259e-03
-7.58632967597300083e-03
-7.66070540273273027e-03
-7.34813971769015997e-03
-7.26088508340842244e-03
-6.91871545647561141e-03
-7.01616886957564904e-03
-6.66814790836207059e-03
-7.04575666772526595e-03
-6.69017956492948263e-03
-6.80858964677175538e-03
-6.44721048262650830e-03
-6.32407334799416684e-03
-5.94979352830638224e-03
-6.07679448339543040e-03
-5.69994669542958719e-03
-6.56292788032622997e-03
-6.19659622706822746e-03
-6.30745209713379565e-03
-5.93741386563832740e-03
-5.82270576462453390e-03
-5.44410044692779805e-03
-5.56126145522686712e-03
-5.18206055735987228e-03
-7.41244650305240404e-03
-7.09449090331484931e-03
-7.14565829308617430e-03
-6.82415208649073558e-03
-6.75758590470330184e-03
-6.40533148465515824e-03
-6.48421126401681463e-03
-6.12964792930843771e-03
-6.85950315897900301e-03
-6.53653314777771603e-03
-6.55378676140759651e-03
-6.23163576846917124e-03
-6.19570682350926646e-03
-5.84101038677718645e-03
-5.89227287526722810e-03
-5.53981597874234240e-03
-6.04134446279805566e-03
-5.66918986437369571e-03
-5.76428779796581657e-03
-5.39189665616230350e-03
-5.29231414148022532e-03
-4.91398167265287913e-03
-5.01610882397496727e-03
-4.64035914793613658e-03
-5.47644059571538843e-03
-5.10592711693541763e-03
-5.17839068715119071e-03
-4.81204945459607920e-03
-4.73325700532255256e-03
-4.36200292446911261e-03
-4.44469294305247821e-03
-4.07999529228235402e-03
-7.68064277223234979e-03
-7.44907760402819218e-03
-7.25535499172355776e-03
-7.03529419195055884e-03
-7.21846870051115561e-03
-6.81367175502720253e-03
-6.81261910739498246e-03
-6.60477341518188842e-03
-6.35350378303538819e-03
-6.15856671936805718e-03
-6.39319150322698471e-03
-5.95809036733072755e-03
-6.98832969605733129e-03
-6.59027773201218033e-03
-6.75791709608391470e-03
-6.36470043146083585e-03
-6.17790597580264531e-03
-5.75231311305505859e-03
-5.95879789776194817e-03
-5.54136631874030307e-03
-5.87911643286833079e-03
-5.69775845624489758e-03
-5.39060052414180608e-03
-5.22346306784241595e-03
-5.50944908898046582e-03
-5.04836342114020273e-03
-4.88913280885243037e-03
-4.73682230829938940e-03
-4.37592049156574486e-03
-4.23900251200199328e-03
-4.57594116499376695e-03
-4.09329956597828237e-03
-5.31459370270024635e-03
-4.86583404063277263e-03
-5.11352911348476272e-03
-4.67637104021054791e-03
-4.40710885453893600e-03
-3.93947885275385337e-03
-4.23093441272620347e-03
-3.77821682402430673e-03
-6.52632601331803487e-03
-6.13640661689384814e-03
-6.29258475509969495e-03
-5.90482063238498018e-03
-5.73566267066300071e-03
-5.32532722475849776e-03
-5.50827491481945507e-03
-5.10427093590257695e-03
-6.05574448985684785e-03
-5.66939924252884454e-03
-5.81496055787365535e-03
-5.42969924927759560e-03
-5.27644966127640853e-03
-4.87831926862815519e-03
-5.04009737831717739e-03
-4.64768440678543088e-03
-4.90656495130405938e-03
-4.48046552575915528e-03
-4.69402419195031739e-03
-4.27863417062733335e-03
-4.04803925184358919e-03
-3.61021497846241313e-03
-3.85907929574805762e-03
-3.43621505261706636e-03
-4.47628105300334426e-03
-4.07144760790569080e-03
-4.25379458208870360e-03
-3.85955530462943081e-03
-3.66476533337911983e-03
-3.25701278119425218e-03
-3.46588054813208851e-03
-3.07346943239907673e-03
-3.85219834009787156e-03
-3.73119191422319630e-03
-3.31922574560817359e-03
-3.21459802789359622e-03
-3.60156307382303569e-03
-3.10186146221495731e-03
-2.77828373843333563e-03
-2.69044507764280979e-03
-2.23067196577393916e-03
-2.15997148986677139e-03
-2.59532829468422281e-03
-2.08309971469796112e-03
-3.46398913006582942e-03
-2.98166841350272754e-03
-3.31917037740142584e-03
-2.85470239157975232e-03
-2.49352911174239005e-03
-2.00056811331124568e-03
-2.38567751321578335e-03
-1.91292113866156155e-03
-1.67770563713304016e-03
-1.62442743535778358e-03
-1.12071244321150293e-03
-1.08507241902820002e-03
-1.56631352995294693e-03
-1.04610855364618187e-03
-5.61029453792349399e-04
-5.43172909514327211e-04
-2.73083422194786429e-18
-4.49266275223680900e-18
-5.23624159233701731e-04
-5.26515680013273091e-18
-1.50376826157286271e-03
-1.00410041903684164e-03
-1.43722401757360270e-03
-9.59347884580446695e-04
-5.02526020074041597e-04
-5.51587855252000381e-18
-4.80031942296203806e-04
-5.00765878416742360e-18
-3.16784030605528084e-03
-2.72168402896735698e-03
-3.01077528798153428e-03
-2.58337660871091465e-03
-2.27244071088549687e-03
-1.82073724318109701e-03
-2.15452573511888722e-03
-1.72462959988034471e-03
-2.84880313421981496e-03
-2.44059071973408079e-03
-2.68280993516781295e-03
-2.29418761731733575e-03
-2.03268136801418222e-03
-1.62524634332376363e-03
-1.90769912608267480e-03
-1.52327013655067438e-03
-1.36714119217031253e-03
-9.12170701797204134e-04
-1.29400792317766020e-03
-8.62907940346369995e-04
-4.56305683922136321e-04
-5.02798757490152681e-18
-4.31520911057891362e-04
-4.33680868994201774e-18
-1.21833949622524073e-03
-8.11917215668014045e-04
-1.14067729479557715e-03
-7.59573638664556286e-04
-4.05860698075708533e-04
-3.37457926186113255e-18
-3.79516896337114113e-04
-2.03287907341032081e-18
-5.56956244491420022e-03
-5.18543532228249622e-03
-5.31910998700700632e-03
-4.93652593494084847e-03
-4.79927065852432753e-03
-4.41270554927084089e-03
-4.55420076148904760e-03
-4.17387702409183908e-03
-5.06343399776199975e-03
-4.68312581667047582e-03
-4.80266018127504558e-03
-4.42564389315457107e-03
-4.30532262927094123e-03
-3.93186667834928821e-03
-4.05328745121121339e-03
-3.68752372109485685e-03
-4.02713644387089724e-03
-3.64370571147693868e-03
-3.79701163434746853e-03
-3.42476064413012749e-03
-3.26329426736035686e-03
-2.88652037726395885e-03
-3.05797108885853992e-03
-2.69718002384674790e-03
-3.56427110897870230e-03
-3.20370304372980972e-03
-3.32991559693700777e-03
-2.98163747864892484e-03
-2.85097467620563363e-03
-2.50654253629116908e-03
-2.64346566955239335e-03
-2.31577786409411851e-03
-4.53721588862255470e-03
-4.16474627029964680e-03
-4.26781996926944070e-03
-3.90134440498135461e-03
-3.79896233633304770e-03
-3.44187558478147590e-03
-3.54341714080675134e-03
-3.19611377094758745e-03
-3.99545663698655344e-03
-3.63656917834518549e-03
-3.72133489192704022e-03
-3.37173212952698777e-03
-3.28789898176035534e-03
-2.95156904814108554e-03
-3.03379543582503854e-03
-2.70967676777907323e-03
-3.09509017981865215e-03
-2.75978298373659144e-03
-2.86106953315573564e-03
-2.53945808303005383e-03
-2.43669333094218791e-03
-2.12612272857154970e-03
-2.23198073285768529e-03
-1.93886635266520067e-03
-2.62923405800277342e-03
-2.32205810578894152e-03
-2.40103746415963864e-03
-2.10902518288914268e-03
-2.03070350593577680e-03
-1.75533087925464504e-03
-1.83426238828167778e-03
-1.57684660528537588e-03
-2.51374462261507456e-03
-2.14508087491334593e-03
-2.34262073274652677e-03
-1.99423593072327494e-03
-1.78041299648866056e-03
-1.41941685993626451e-03
-1.65169763258330360e-03
-1.31443321089100393e-03
-2.17051490243737408e-03
-1.84266715886140567e-03
-1.99856169748353647e-03
-1.69143213188688670e-03
-1.52246472258240457e-03
-1.20909300047219569e-03
-1.39365726157855674e-03
-1.10419193635911007e-03
-1.06158716258449633e-03
-7.06268407847600440e-04
-9.81657034324248451e-04
-6.52406955035839706e-04
-3.52689334525391543e-04
-2.87652388887560395e-18
-3.25584808248797065e-04
-3.27632343997963371e-18
-9.01493683550457837e-04
-5.98406547906673485e-04
-8.21718432561252370e-04
-5.44693247763093093e-04
-2.98415811873468310e-04
-3.26954717640159931e-18
-2.71398962230639032e-04
-2.86297136171953515e-18
-1.82794445236843239e-03
-1.54162279126426123e-03
-1.65988189928694438e-03
-1.39435330822711774e-03
-1.26624148431908655e-03
-1.00054069387996809e-03
-1.14119625789249439e-03
-8.98956101281616683e-04
-1.49561048301526437e-03
-1.25074450379599410e-03
-1.33636240215002445e-03
-1.11190480817835750e-03
-1.01949979401871720e-03
-8.00250306261705521e-04
-9.02113624886275930e-04
-7.05217852374461765e-04
-7.42961673310305395e-04
-4.91698120460042163e-04
-6.65856061077804207e-04
-4.39852604620470514e-04
-2.44753062802105970e-04
-2.85958322993051794e-18
-2.18696759308898710e-04
-2.24971950790742170e-18
-5.91028268855744478e-04
-3.89582956477344672e-04
-5.19089233120990749e-04
-3.41303717498690393e-04
-1.93445744567980908e-04
-1.45350853748837938e-18
-1.69209483386009550e-04
-8.33480420098231534e-19
-7.74703153582829290e-03
-7.68463177086380587e-03
-7.38129154978129937e-03
-7.31967767912351797e-03
-7.58162678019174124e-03
-7.43948715899797261e-03
-7.21799331253728492e-03
-7.07772492487142996e-03
-6.98543157063810129e-03
-6.92515935517057802e-03
-6.56085326758470196e-03
-6.50248421263811566e-03
-6.82570964040429568e-03
-6.68856669567227929e-03
-6.40619247597920983e-03
-6.27344162957010204e-03
-7.26022954996192842e-03
-7.04637554326984807e-03
-6.90091075626335718e-03
-6.69009909501848583e-03
-6.80090036526006560e-03
-6.52717245855027970e-03
-6.44829619657970310e-03
-6.17890495855972360e-03
-6.51576558405066869e-03
-6.30985035867585517e-03
-6.10623822863473869e-03
-5.90709046471731176e-03
-6.07382187431651423e-03
-5.81107633697829605e-03
-5.67895654802560122e-03
-5.42518392997649347e-03
-6.10932456915000161e-03
-6.05341771305686720e-03
-5.63287464624654278e-03
-5.57997874269404708e-03
-5.96120308130946869e-03
-5.83410492728288991e-03
-5.49274330007741389e-03
-5.37253477784252129e-03
-5.13370322682338027e-03
-5.08434921210889398e-03
-4.61410710913820118e-03
-4.56880075950967524e-03
-5.00296563226439520e-03
-4.89084309895419268e-03
-4.49410025562537938e-03
-4.39120300654127077e-03
-5.67407579113689189e-03
-5.48355615747924980e-03
-5.22122639441185456e-03
-5.04115933372619070e-03
-5.26542409233776796e-03
-5.02293594370718105e-03
-4.83509431621760057e-03
-4.60615457713380028e-03
-4.74975078017555834e-03
-4.58189968816463677e-03
-4.26175035917246599e-03
-4.10779347997798465e-03
-4.38989684902618693e-03
-4.17669134128279169e-03
-3.93175076284862316e-03
-3.73635768082970342e-03
-6.22888525195468019e-03
-5.90998258587621499e-03
-5.88565567029897003e-03
-5.57253032538366274e-03
-5.57457939453485235e-03
-5.22687934743699609e-03
-5.24368212333370561e-03
-4.90335188927519885e-03
-5.52533591330298807e-03
-5.22057289191693846e-03
-5.14944067374150868e-03
-4.85564044917863313e-03
-4.90092902699883811e-03
-4.57063179719135321e-03
-4.54786276519036133e-03
-4.23027015430785681e-03
-4.87109121671644961e-03
-4.51134576300070943e-03
-4.55578320562412872e-03
-4.20513807622219671e-03
-4.15161491971656471e-03
-3.79563500452622434e-03
-3.85541493041388367e-03
-3.51037072251774059e-03
-4.23390937834740647e-03
-3.89490615507149737e-03
-3.90702408897020733e-03
-3.58220143514838881e-03
-3.55760058301937427e-03
-3.22572716173838642e-03
-3.25971323609308694e-03
-2.94322756734321503e-03
-4.75965938209338586e-03
-4.47940022201899664e-03
-4.35776147996131367e-03
-4.09356415096038227e-03
-4.18612459882515726e-03
-3.88387817441830955e-03
-3.81736464910540719e-03
-3.53304028124779880e-03
-3.94551336548898575e-03
-3.69980765686266349e-03
-3.52461016193108970e-03
-3.29970270852609571e-03
-3.44316267431066855e-03
-3.17923708964124637e-03
-3.06496259270733510e-03
-2.82378154400887227e-03
-3.57670410872237268e-03
-3.26856155914102744e-03
-3.24446473301806234e-03
-2.95542971054748053e-03
-2.96324645776453212e-03
-2.66431626564149308e-03
-2.66956877599117473e-03
-2.39028501133454205e-03
-2.91168515820763602e-03
-2.64408257547364516e-03
-2.57954639930396690e-03
-2.33557020629216730e-03
-2.37985441253334585e-03
-2.12220667770227425e-03
-2.09502526133331776e-03
-1.86087951970115165e-03
-4.07642487614630258e-03
-4.03563959878729030e-03
-3.52299908087557161e-03
-3.48716883970147818e-03
-3.96840009769941666e-03
-3.87579420287882280e-03
-3.42810338036543018e-03
-3.34676583460419633e-03
-2.95615375461178017e-03
-2.92566620078589957e-03
-2.37818413389718607e-03
-2.35337408052769832e-03
-2.87541167042972348e-03
-2.80621500874969143e-03
-2.31248051613097260e-03
-2.25617820344220076e-03
-3.75931301003962172e-03
-3.62081984006289159e-03
-3.24447633919460951e-03
-3.12288452036386813e-03
-3.46251148925614226e-03
-3.28687260541821137e-03
-2.98393514461251213e-03
-2.82982767622890841e-03
-2.71920678294734807e-03
-2.61579969378762005e-03
-2.18539198445230056e-03
-2.10127746848229801e-03
-2.49765912900652915e-03
-2.36666849325607590e-03
-2.00519692423116631e-03
-1.89869089547531605e-03
-1.79135509393003813e-03
-1.77249853352008982e-03
-1.19790491686933877e-03
-1.18521381829891762e-03
-1.74141931350504172e-03
-1.69863235070516786e-03
-1.16429713226954461e-03
-1.13550240763754637e-03
-6.00051624878213401e-04
-5.93669756146693230e-04
-5.83151756250453821e-04
-5.68672693001323203e-04
-1.64484339009724314e-03
-1.58093425868312482e-03
-1.09930599040927073e-03
-1.05630306635908617e-03
-1.50794445726558368e-03
-1.42704948697405885e-03
-1.00719523082405302e-03
-9.52775853658825700e-04
-5.50472510763504500e-04
-5.28851013411272739e-04
-5.04161601356506190e-04
-4.76803897674125336e-04
-3.09662417268048110e-03
-2.89466721480343726e-03
-2.66297061296393023e-03
-2.48593158366915840e-03
-2.68402292930785321e-03
-2.46777054129140513e-03
-2.30138428275100497e-03
-2.11205338408893776e-03
-2.22489006176251457e-03
-2.07452220118640399e-03
-1.78344615219285570e-03
-1.66126066774397113e-03
-1.91785387923560247e-03
-1.75721744270762722e-03
-1.53400637665448416e-03
-1.40359051514060565e-03
-2.24898421436943961e-03
-2.03067037583464904e-03
-1.92065862014040604e-03
-1.72985922937903707e-03
-1.81570680342995347e-03
-1.60678478228366796e-03
-1.54219996660966922e-03
-1.36005983626196446e-03
-1.59494068056740797e-03
-1.43329920360364162e-03
-1.27191637674950626e-03
-1.14084432771909710e-03
-1.27447016482900807e-03
-1.12048831525752061e-03
-1.01215392061864253e-03
-8.87507920649787578e-04
-1.33953637770944673e-03
-1.24677694589571636e-03
-8.93913554824332180e-04
-8.31534146749043999e-04
-1.15019935773348300e-03
-1.05125861049258336e-03
-7.66601432560226896e-04
-7.00097273823878071e-04
-4.47215422282138233e-04
-4.15862493622715481e-04
-3.83230553897477609e-04
-3.49814126275718664e-04
-9.51406567469448078e-04
-8.52062191573031312e-04
-6.33001357023132202e-04
-5.66271094310664882e-04
-7.54582617888296687e-04
-6.60235687099465117e-04
-5.00822090953711844e-04
-4.37509599419750586e-04
-3.16106620349970420e-04
-2.82590205290499433e-04
-2.49725968579712866e-04
-2.17944571923817142e-04
-3.44683559798978105e-03
-3.10827560550748071e-03
-3.17344879215602062e-03
-2.84771402491666280e-03
-2.78258786178914308e-03
-2.47193345092874047e-03
-2.53579669355873593e-03
-2.23984617088881848e-03
-2.90270418760079328e-03
-2.59156883005829449e-03
-2.63609811484147305e-03
-2.34130000299862667e-03
-2.29492091476550314e-03
-2.01487660754243961e-03
-2.06137424153793412e-03
-1.79838197235892964e-03
-2.17796670366274822e-03
-1.90181160114114099e-03
-1.96149549062712633e-03
-1.70183749670107056e-03
-1.64405006657128015e-03
-1.40472236777633777e-03
-1.46141306955851688e-03
-1.24021165573820241e-03
-1.75303297777817924e-03
-1.51044418338410185e-03
-1.55386948454877636e-03
-1.32884473165504127e-03
-1.28760976690662663e-03
-1.08447528937521682e-03
-1.12376583548396531e-03
-9.38541800413049084e-04
-2.37502031627616003e-03
-2.09823723849315597e-03
-2.12068406111930521e-03
-1.86351398734882425e-03
-1.83642079457851828e-03
-1.59155528649922769e-03
-1.62111322146957356e-03
-1.39536772218944866e-03
-1.87406297192337134e-03
-1.63800759461793814e-03
-1.63583774254199969e-03
-1.42228864153418327e-03
-1.41623631616694047e-03
-1.21051586647324245e-03
-1.22225915168798298e-03
-1.03737680773251500e-03
-1.36512147498984689e-03
-1.15807372787881833e-03
-1.18767824779910432e-03
-9.98938431944167279e-04
-9.70828870154944270e-04
-8.03266954227720782e-04
-8.29524117210000923e-04
-6.79294156508622460e-04
-1.02215299964233627e-03
-8.51973786829854536e-04
-8.68841023462250343e-04
-7.17403880074061725e-04
-7.00313567241788630e-04
-5.67017755947794876e-04
-5.83360823103089808e-04
-4.66551452531853894e-04
-1.18333959063752917e-03
-9.78907881258114006e-04
-1.03768405975120017e-03
-8.52767191101491662e-04
-7.89963899174698646e-04
-6.14620680579949460e-04
-6.83920199769877694e-04
-5.29171186323142508e-04
-9.00445260586901384e-04
-7.34408057614450624e-04
-7.72545397143907086e-04
-6.24637910708153248e-04
-5.84772263151373526e-04
-4.49513607506603959e-04
-4.93205190096326625e-04
-3.76204191680993660e-04
-4.50622884580346170e-04
-2.95410191885389596e-04
-3.86173443341571968e-04
-2.52269978050575919e-04
-1.46187448420024137e-04
-1.23836216888578710e-18
-1.24564886375326430e-04
-1.35525271560688054e-18
-3.26231468000715724e-04
-2.12213672174849224e-04
-2.71218980959329057e-04
-1.75524951977159682e-04
-1.04508171093260920e-04
-1.09097843606353884e-18
-8.61598455573520816e-05
-8.32633387150977233e-19
-6.54743910114978880e-04
-5.24115777499263883e-04
-5.47602643389474624e-04
-4.33322284421735929e-04
-4.09773970312777333e-04
-3.09690785180707939e-04
-3.34878385084066618e-04
-2.50292690382848378e-04
-4.51453471586973833e-04
-3.52531712310781000e-04
-3.66370371658457079e-04
-2.81787842107510274e-04
-2.68739579501446873e-04
-1.98181830880917690e-04
-2.11379779676517857e-04
-1.53366423135985799e-04
-2.21474142855560783e-04
-1.42430351522553582e-04
-1.77236107685434377e-04
-1.13089146629345765e-04
-6.96335068834032543e-05
-7.78423278526702012e-19
-5.50087436218102391e-05
-5.23466361403157610e-19
-1.38630842302736476e-04
-8.75838751785017633e-05
-1.05658820029195098e-04
-6.59121040196948912e-05
-4.23263880792350421e-05
-3.27378234113787081e-19
-3.15843910808128630e-05
-1.55854062294791262e-19
-1.40635557340886485e-03
-1.21658234117550399e-03
-1.18560464923010396e-03
-1.02074442049084665e-03
-1.03929856835921508e-03
-8.75973846329319503e-04
-8.67096519399739832e-04
-7.25955359518226520e-04
-9.73205338646801347e-04
-8.34253337340320469e-04
-7.68419017190988219e-04
-6.56219934662447793e-04
-7.05013251032342476e-04
-5.86588883062562068e-04
-5.52037582840625928e-04
-4.56771798963216517e-04
-7.27687767714348338e-04
-5.95112472946577372e-04
-5.98269272770166169e-04
-4.84625056741753199e-04
-4.78504214246899449e-04
-3.77704104935546825e-04
-3.85240517400949197e-04
-2.99965156028150488e-04
-4.79787087050410140e-04
-3.85104532937956560e-04
-3.71079134238196150e-04
-2.95362027863794356e-04
-3.02721328721342671e-04
-2.32501625405746453e-04
-2.29763594751050156e-04
-1.74168131348864663e-04
-5.70174529736907449e-04
-4.85414746533630254e-04
-3.77111358496140503e-04
-3.20312185666205994e-04
-4.06814673707044496e-04
-3.35059154942713518e-04
-2.67690652829817447e-04
-2.19708130185460222e-04
-1.87637605078216934e-04
-1.59149823120907619e-04
-1.32772433493266913e-04
-1.08737576316912215e-04
-2.70647165700525077e-04
-2.13883551839621117e-04
-1.76700431662610372e-04
-1.38872238822310433e-04
-1.64875055276951347e-04
-1.23530706388934005e-04
-1.06294419852411717e-04
-7.89042974779024885e-05
-8.72141155821380400e-05
-6.83048303494346797e-05
-5.20450647265427433e-05
-3.84028637374301805e-05
-2.92148022679822696e-04
-2.20885436731489362e-04
-2.28288972474722650e-04
-1.69359180826071404e-04
-1.62606735663186843e-04
-1.15678447775703519e-04
-1.22004461952358086e-04
-8.47662139982012204e-05
-1.74001181238522145e-04
-1.26481710339250376e-04
-1.28207319940050013e-04
-9.12719881912692655e-05
-8.89316937220382487e-05
-6.00931905799567795e-05
-6.25291602758952004e-05
-4.09440211548730190e-05
-7.81855752071295378e-05
-4.79801085363777525e-05
-5.59361101311444734e-05
-3.35991361224532967e-05
-2.27346546766269015e-05
-1.75759336555267320e-19
-1.56811615336381004e-05
-1.49924831664011160e-19
-3.84940576077118894e-05
-2.24848668932864239e-05
-2.53063090805884695e-05
-1.42605553889426831e-05
-1.02797110507505949e-05
-1.12761261103228733e-19
-6.33950724365921371e-06
-6.58568116490218514e-20
-8.95665681500470854e-05
-6.25147226270565866e-05
-5.65088556456997418e-05
-3.87908111122828414e-05
-4.17362984563133014e-05
-2.64382503159405488e-05
-2.53174139413040701e-05
-1.55517817519912127e-05
-2.72805899715332321e-05
-1.85179837894806446e-05
-1.18965985605101718e-05
-7.14551259467766805e-06
-1.56935200615851426e-05
-8.46413588498079907e-06
-8.86651762856041281e-06
-4.55931209542499630e-06
-3.62674216599616824e-06
-3.74547381364010931e-20
-1.87018655444607808e-06
-1.73112358595097632e-20
-3.94819175509832401e-06
-1.95035179118035759e-06
-7.68647763118382677e-07
-6.27333776560216189e-21
-2.21719344273285657e-17
-2.12775706396527760e-03
-1.87566975839992267e-17
-2.11080129468269517e-03
-4.22700973122428283e-03
-4.19337937555441971e-03
-2.23074596988892537e-17
-2.08280997270982558e-03
-1.53685657949820254e-17
-2.04417979182656539e-03
-4.13786033073212500e-03
-4.06123853596202563e-03
-6.26991734957261376e-03
-6.22016775023920710e-03
-8.22994733696019026e-03
-8.16489415910412117e-03
-6.13803660575564826e-03
-6.02468439626116948e-03
-8.05749575607292955e-03
-7.90926556700445593e-03
-1.29833210155139156e-17
-1.99545475748428864e-03
-1.26309553094561267e-17
-1.93731511471730488e-03
-3.96459179240177609e-03
-3.84926783129061140e-03
-1.21159592775255121e-17
-1.87056352510710450e-03
-1.15738581912827598e-17
-1.79610878985262670e-03
-3.71685693291201125e-03
-3.56915968478714899e-03
-5.88170256258504186e-03
-5.71108113369622056e-03
-7.72227908910247222e-03
-7.49913167946154348e-03
-5.51516831085874758e-03
-5.29662287696045474e-03
-7.24288587222712311e-03
-6.95700934308621319e-03
-1.00824813106994635e-02
-1.00031803006539136e-02
-1.18053655023044740e-02
-1.17130864413180612e-02
-9.87225533745910919e-03
-9.69154491371298707e-03
-1.15607285452139393e-02
-1.13504218434076383e-02
-1.33793897733034788e-02
-1.32755853934398167e-02
-1.47886818891241265e-02
-1.46749526617922545e-02
-1.31041898888167516e-02
-1.28675865479323439e-02
-1.44871585355584431e-02
-1.42278939816142553e-02
-9.46357033152711059e-03
-9.19148447386555420e-03
-1.10850874998269493e-02
-1.07683785085781747e-02
-8.87900784733292557e-03
-8.53035327054916734e-03
-1.04046056543184509e-02
-9.99865032793442049e-03
-1.25690439268345035e-02
-1.22126495592549140e-02
-1.39007172709412867e-02
-1.35100783968133548e-02
-1.18032271954606784e-02
-1.13462393475689226e-02
-1.30612290875493399e-02
-1.25601168421922791e-02
-1.09233368877914572e-17
-1.71494746864724696e-03
-1.07336015076064939e-17
-1.62814378914644619e-03
-3.40815057177796740e-03
-3.23593818007916799e-03
-1.02186054756758793e-17
-1.53680827835525786e-03
-1.07471540347625627e-17
-1.44207557448147402e-03
-3.05472286946606875e-03
-2.86675282207609705e-03
-5.05836045340203946e-03
-4.80349475874027737e-03
-6.64530485370974124e-03
-6.31183368057038844e-03
-4.53527513012295849e-03
-4.25702164812579147e-03
-5.96083417182513911e-03
-5.59663717967046927e-03
-1.40946282423115576e-17
-1.34508189510074692e-03
-1.07471540347625627e-17
-1.24694264449002690e-03
-2.67427941026981801e-03
-2.47951284000353734e-03
-1.19804340059648240e-17
-1.14873063955600032e-03
-9.08019319456609963e-18
-1.05145541998894767e-03
-2.28457901935203225e-03
-2.09147857449364484e-03
-3.97205925618124376e-03
-3.68365228628624551e-03
-5.22358018150773443e-03
-4.84592192997376249e-03
-3.39494079264876557e-03
-3.10888005460235048e-03
-4.46775945882425286e-03
-4.09294921909091405e-03
-8.15014082579063916e-03
-7.74330490013014176e-03
-9.55586607003518045e-03
-9.08197095617246063e-03
-7.31499531136543379e-03
-6.87047463993208617e-03
-8.58293313339308916e-03
-8.06485196346932824e-03
-1.08476772341457653e-02
-1.03139404867217451e-02
-1.20132652643236103e-02
-1.14276432625531402e-02
-9.75170919957296656e-03
-9.16781106701030149e-03
-1.08105259240022407e-02
-1.01693500441933666e-02
-6.41501396803109344e-03
-5.95378925963654330e-03
-7.53383732079801298e-03
-6.99588963050735285e-03
-5.49178059918927364e-03
-5.03367644297326132e-03
-6.45678321395718249e-03
-5.92195543496095312e-03
-8.56908645596747912e-03
-7.96225430364983985e-03
-9.51156740933673146e-03
-8.84449897263993659e-03
-7.35378170949819044e-03
-6.74976000818301291e-03
-8.17519304397858540e-03
-7.51029052254356330e-03
-1.60210064754242251e-02
-1.58990622963918263e-02
-1.70679611763099384e-02
-1.69395810510939784e-02
-1.56976890478068912e-02
-1.54196475551681179e-02
-1.67275622453016970e-02
-1.64347854588217553e-02
-1.79250658479125670e-02
-1.77920567257685187e-02
-1.85917440378805532e-02
-1.84558999501235020e-02
-1.75723721433350098e-02
-1.72689656660915680e-02
-1.82315082372684623e-02
-1.79215489057104119e-02
-1.50687243542601199e-02
-1.46496551017092705e-02
-1.60652017774674388e-02
-1.56237528935436291e-02
-1.41680289541667309e-02
-1.36301759694175198e-02
-1.51162715017557764e-02
-1.45493640088371415e-02
-1.68858884891715938e-02
-1.64282078040257143e-02
-1.75301096187585742e-02
-1.70623035277463406e-02
-1.59019048789932858e-02
-1.53137550413121985e-02
-1.65241666830687473e-02
-1.59225372263857093e-02
-1.90711994027863221e-02
-1.89342620320447109e-02
-1.93701929840938078e-02
-1.92338147267632487e-02
-1.87080357082488151e-02
-1.83954821105039787e-02
-1.90084793004173247e-02
-1.86970879475889910e-02
-1.94987302878777830e-02
-1.93644407751459163e-02
-1.94696697924259775e-02
-1.93388467095171913e-02
-1.91425195582268746e-02
-1.88357688987230258e-02
-1.91226127150880207e-02
-1.88236368968483225e-02
-1.80006639984921918e-02
-1.75286637779548740e-02
-1.83036207958602523e-02
-1.78330573505382090e-02
-1.69854818275527869e-02
-1.63779167679120076e-02
-1.72912772264426327e-02
-1.66849432471283254e-02
-1.84480334487775871e-02
-1.79841237607478027e-02
-1.84455815512818318e-02
-1.79930296746253181e-02
-1.74497207844299743e-02
-1.68512633983916790e-02
-1.74713944293867600e-02
-1.68868125252825650e-02
-1.30430399466311860e-02
-1.24140394346079416e-02
-1.39302780742674853e-02
-1.32667578240125393e-02
-1.17509198894995767e-02
-1.10616001516362483e-02
-1.25668898423094665e-02
-1.18389432424793883e-02
-1.46711921358074031e-02
-1.39821603675202768e-02
-1.52649189553755900e-02
-1.45593321865284987e-02
-1.32549567046899054e-02
-1.24980672189658470e-02
-1.38141551123151171e-02
-1.30379590507983360e-02
-1.03540165307013619e-02
-9.63596783698817891e-03
-1.10912072423231482e-02
-1.03318297201668297e-02
-8.91496467280372164e-03
-8.19808620277100511e-03
-9.56866020298649880e-03
-8.80910063879251394e-03
-1.17200008671811198e-02
-1.09291242706968279e-02
-1.22393411140165158e-02
-1.14267578734881317e-02
-1.01335010231414224e-02
-9.34073895585333519e-03
-1.06083635758587470e-02
-9.79185635957804772e-03
-1.57134302401980182e-02
-1.49999990925675959e-02
-1.60213694170978950e-02
-1.53083765956110729e-02
-1.42459581411903940e-02
-1.34598368724044171e-02
-1.45541389625893618e-02
-1.37670245621890740e-02
-1.61958213847058358e-02
-1.54909565670313092e-02
-1.62460237971364350e-02
-1.55562395565934132e-02
-1.47445750838253193e-02
-1.39647739560691021e-02
-1.48250025331121294e-02
-1.40600413974379789e-02
-1.26501935796523041e-02
-1.18254504804032601e-02
-1.29554333336587314e-02
-1.21276360894316745e-02
-1.09937333331896654e-02
-1.01627189737263646e-02
-1.12916178759558013e-02
-1.04549290540646711e-02
-1.31596852281831243e-02
-1.23373210092324916e-02
-1.32691229738008658e-02
-1.24599052929843350e-02
-1.15054227180403715e-02
-1.06713177409524639e-02
-1.16397946161966564e-02
-1.08158094698238977e-02
-1.02457105299880169e-17
-9.56044084411784931e-04
-7.41323235436963657e-18
-8.63324060884004168e-04
-1.90204888820718005e-03
-1.71792996975343986e-03
-8.15862134795342087e-18
-7.74008177887092717e-04
-5.35324822664717814e-18
-6.88682351774489235e-04
-1.54053488135953015e-03
-1.37102534720252031e-03
-2.82818454035818623e-03
-2.55527752549015519e-03
-3.72503402900717937e-03
-3.36717739388866979e-03
-2.29224743657645237e-03
-2.04081184382496044e-03
-3.02210659121804684e-03
-2.69206572510759939e-03
-4.08608693755474484e-18
-6.07796149704214160e-04
-3.57109090562413023e-18
-5.31656424517552547e-04
-1.21029305795404898e-03
-1.05894706004169164e-03
-3.01543729222530921e-18
-4.60424151239030165e-04
-2.56820389607503863e-18
-3.94114525296716703e-04
-9.17307486490798402e-04
-7.85405748396495796e-04
-1.80228985996804892e-03
-1.57758351983063386e-03
-2.37877973723854335e-03
-2.08343012300393239e-03
-1.36716851971469726e-03
-1.17109449233362192e-03
-1.80664284707408645e-03
-1.54848868747425178e-03
-4.58378492680118054e-03
-4.14595411909712743e-03
-5.39640401230837008e-03
-4.88459468528972592e-03
-3.72350291310701541e-03
-3.31916402002312800e-03
-4.39038119279822406e-03
-3.91693925811213879e-03
-6.15578996756925741e-03
-5.57687855567769869e-03
-6.85590004687071548e-03
-6.21748571933343139e-03
-5.01734946794709334e-03
-4.48076930604815113e-03
-5.59976978744374052e-03
-5.00665233811614131e-03
-2.93504026130562588e-03
-2.57257506912663379e-03
-3.46671596645285306e-03
-3.04139558748369680e-03
-2.23253779491910942e-03
-1.91502410417472070e-03
-2.64188253731150683e-03
-2.26830180202432143e-03
-3.96989095861820327e-03
-3.48661535995752232e-03
-4.44114969047185778e-03
-3.90535276582324245e-03
-3.03197240306085506e-03
-2.60612136700858529e-03
-3.40040627899325723e-03
-2.92650914250433937e-03
-2.19212126749412928e-18
-3.32600311705353268e-04
-1.82281490249125433e-18
-2.75618363851691008e-04
-6.62991165725101755e-04
-5.49543876295859653e-04
-1.48061359180051699e-18
-2.22779161700914800e-04
-1.30443073877162252e-18
-1.73579153695395643e-04
-4.44293725476445746e-04
-3.46244709291053734e-04
-9.88994785875232929e-04
-8.20105509359444172e-04
-1.30849596725368623e-03
-1.08567536378119563e-03
-6.63293405254697984e-04
-5.17091918684250756e-04
-8.78556223450666996e-04
-6.85233559800321485e-04
-1.34508832023982894e-18
-1.27415625761479200e-04
-7.02190313273814981e-19
-8.36037659944057686e-05
-2.54204423099125025e-04
-1.66817859366384842e-04
-4.34104385467828924e-19
-4.13955459433999366e-05
-3.09167025747819624e-20
-4.88738010565731296e-19
-8.26048036700063008e-05
-7.36918664111241295e-19
-3.79744654637818402e-04
-2.49255254258961634e-04
-5.03424681149569511e-04
-3.30534184859159559e-04
-1.23442581975976825e-04
-1.22311557583520969e-18
-1.63725873749531693e-04
-1.00119294365458300e-18
-1.61947140787232222e-03
-1.34468895432855772e-03
-1.92001676541184271e-03
-1.59566400548585407e-03
-1.08890188691764412e-03
-8.49808269902065940e-04
-1.29320425593217568e-03
-1.00998837766397135e-03
-2.20837079472818460e-03
-1.83721733463863054e-03
-2.48293601421753496e-03
-2.06807945969714971e-03
-1.49040264785964055e-03
-1.16498709042121016e-03
-1.67951175286618483e-03
-1.31406491209901761e-03
-6.24647803114707209e-04
-4.10280692532074827e-04
-7.42836859806837030e-04
-4.88131075785743179e-04
-2.03274923371019896e-04
-1.74827600313287590e-18
-2.41914265061114877e-04
-2.45300741524845378e-18
-8.57438515740337453e-04
-5.63734214427379478e-04
-9.67927173002121138e-04
-6.36753742335649433e-04
-2.79473723350808694e-04
-2.44623115167041938e-18
-3.15789367553591209e-04
-1.65340831304039426e-18
-7.49184745689936496e-03
-6.80207998941467339e-03
-8.05996713375375234e-03
-7.32736559411574246e-03
-6.13382842447353187e-03
-5.49126507335185882e-03
-6.61658390902325130e-03
-5.93200294948399709e-03
-8.55784861470670899e-03
-7.79111595606773663e-03
-8.98433574678996968e-03
-8.19217443716686866e-03
-7.04599195872059134e-03
-6.32700147945553654e-03
-7.42090711758832365e-03
-6.67513863013216753e-03
-4.87762441400801071e-03
-4.29515879160107319e-03
-5.27702824872804989e-03
-4.65404377900494309e-03
-3.74511623695917987e-03
-3.22774081913952075e-03
-4.06438875917021578e-03
-3.50835792665652162e-03
-5.63767326063001860e-03
-4.98049253747691583e-03
-5.95847341886451831e-03
-5.27346771252166363e-03
-4.35687720121969227e-03
-3.76717796181222147e-03
-4.62160540541040488e-03
-4.00329808343131022e-03
-9.33949401404039758e-03
-8.53042770341178036e-03
-9.62454726489382281e-03
-8.80675320815277329e-03
-7.74106164002815768e-03
-6.97601865430426231e-03
-8.00702285715919858e-03
-7.22993837598186802e-03
-9.84178654679059364e-03
-9.02294307356953096e-03
-9.99445457562242977e-03
-9.18160734308156798e-03
-8.22013091080348382e-03
-7.43783745600924175e-03
-8.38241931528662700e-03
-7.60123463260318870e-03
-6.23893276678297998e-03
-5.53240166447844638e-03
-6.47911959610637887e-03
-5.75717746206864771e-03
-4.85796264938068850e-03
-4.21609250223808473e-03
-5.06569037719877338e-03
-4.40520388234409612e-03
-6.67962783179744824e-03
-5.94809991923160326e-03
-6.84152720697545676e-03
-6.10585789163321617e-03
-5.24486140325645424e-03
-4.57052924691376053e-03
-5.39585249537406081e-03
-4.71220103676220706e-03
-2.74229545851485419e-03
-2.28710663886536828e-03
-2.98522519744738764e-03
-2.49329012951733349e-03
-1.85962998131675031e-03
-1.45653518994673489e-03
-2.02994610987529845e-03
-1.59176871357668377e-03
-3.21070243244635451e-03
-2.68576253815930831e-03
-3.41790911721505256e-03
-2.86380122132137661e-03
-2.18974414418358302e-03
-1.71919731708761636e-03
-2.33840636861331773e-03
-1.83831646332543509e-03
-1.07380845829074443e-03
-7.06870046921893305e-04
-1.17462224506713537e-03
-7.73782077473995087e-04
-3.50704412969139756e-04
-2.86635949350855235e-18
-3.84070062517725779e-04
-3.50332826984378620e-18
-1.26994518370477467e-03
-8.37208949044940384e-04
-1.35939272550982242e-03
-8.96891333230572614e-04
-4.15746283571275985e-04
-3.44234189764147658e-18
-4.45602515884854387e-04
-2.41912609735828177e-18
-3.60623118472537876e-03
-3.02682878495222482e-03
-3.77525359298749690e-03
-3.17441081453404949e-03
-2.47541460619352593e-03
-1.94868681766566113e-03
-2.60034976265915291e-03
-2.04993484616671461e-03
-3.92475152315429482e-03
-3.30625104688409954e-03
-4.05467817140130627e-03
-3.42218426489646326e-03
-2.71288977598206377e-03
-2.14175249865859426e-03
-2.81280613520321120e-03
-2.22389606048677396e-03
-1.44262063954905774e-03
-9.52592631939327408e-04
-1.51932603396336802e-03
-1.00409993495296818e-03
-4.73518307713967292e-04
-3.64562980498250866e-18
-4.99383878401001404e-04
-5.04831636563563002e-18
-1.58924790546409217e-03
-1.05122476657894650e-03
-1.65216725164498172e-03
-1.09380363087800323e-03
-5.23100606901248742e-04
-4.57397791517322183e-18
-5.44581446869200425e-04
-3.28648783534668532e-18
-1.92982667531367488e-02
-1.91721116465611401e-02
-1.90016679142044412e-02
-1.88811875082433266e-02
-1.89635477059203680e-02
-1.86750816514640906e-02
-1.86819554667779913e-02
-1.84062924436616329e-02
-1.85983739188297949e-02
-1.84843672812765730e-02
-1.81076868021338468e-02
-1.80007385117972943e-02
-1.82957868334343195e-02
-1.80347492916464423e-02
-1.78237759265742028e-02
-1.75786999490449430e-02
-1.83101533951162271e-02
-1.78730683330731097e-02
-1.80573834675176875e-02
-1.76392156981567405e-02
-1.73689128057169483e-02
-1.68034545340214267e-02
-1.71565007066087905e-02
-1.66145829404797975e-02
-1.77041602894050694e-02
-1.73076580922050319e-02
-1.72681205216776365e-02
-1.68953066224573067e-02
-1.68495433152245390e-02
-1.63346961448152216e-02
-1.64641238226838488e-02
-1.59789607385747712e-02
-1.75491599431482383e-02
-1.74496392242879245e-02
-1.69420672554134039e-02
-1.68501328634800204e-02
-1.72849059039025532e-02
-1.70566391913580875e-02
-1.66978933799441162e-02
-1.64868062812013501e-02
-1.63049072420379110e-02
-1.62205177168222442e-02
-1.56549558822559401e-02
-1.55778846342654112e-02
-1.60807066938147281e-02
-1.58867154109176151e-02
-1.54501315940423802e-02
-1.52727323507166283e-02
-1.67671452609009786e-02
-1.64193136781626593e-02
-1.62188738995530761e-02
-1.58966062630454333e-02
-1.60165629855291008e-02
-1.55627766046864020e-02
-1.55229746865976244e-02
-1.51013570999349554e-02
-1.56402498696827270e-02
-1.53434499121659334e-02
-1.50471110696485701e-02
-1.47750554838883726e-02
-1.49988505977891630e-02
-1.46093366977399150e-02
-1.44586856543781964e-02
-1.41004171571778546e-02
-1.61830301623109608e-02
-1.55144223118652939e-02
-1.60193363308899980e-02
-1.53770512495141204e-02
-1.48047287725258346e-02
-1.40612266253288196e-02
-1.46943142287708321e-02
-1.39778830105803335e-02
-1.57684828308521929e-02
-1.51566534448718138e-02
-1.54446459443708505e-02
-1.48663571168268522e-02
-1.45052330836867669e-02
-1.38204088358277900e-02
-1.42495243449021550e-02
-1.35997296606299826e-02
-1.32912341946942649e-02
-1.25019737715619285e-02
-1.32345595860420915e-02
-1.24710639277855126e-02
-1.17004380281701872e-02
-1.08932629613730340e-02
-1.16939110977773066e-02
-1.09092943364451495e-02
-1.31084149157511057e-02
-1.23754184063756822e-02
-1.29226049248802079e-02
-1.22237302333819756e-02
-1.16274080334255025e-02
-1.08700883256189953e-02
-1.15085349932601364e-02
-1.07822037587958428e-02
-1.50622304200015086e-02
-1.45195135822791081e-02
-1.46354762725723168e-02
-1.41293322457531362e-02
-1.39394442150569727e-02
-1.33269818118968604e-02
-1.35871304026250073e-02
-1.30132066984015721e-02
-1.41780912693929041e-02
-1.37085393974099162e-02
-1.37029194727237864e-02
-1.32690704521386624e-02
-1.32042882888926995e-02
-1.26690649850465138e-02
-1.28019078167445170e-02
-1.23045787074299775e-02
-1.26871381807824157e-02
-1.20248888193173198e-02
-1.24119516298699037e-02
-1.17877345471201211e-02
-1.13450865913254581e-02
-1.06523795219844071e-02
-1.11448298992978569e-02
-1.04873469607571976e-02
-1.21066529996532828e-02
-1.15208292142201067e-02
-1.17802883391003917e-02
-1.12322488312610359e-02
-1.09153023505499224e-02
-1.02936543038795649e-02
-1.06636292785185390e-02
-1.00775080945974121e-02
-1.50078802216373104e-02
-1.49377347899006495e-02
-1.43774220908388772e-02
-1.43136668091804840e-02
-1.48213958746590112e-02
-1.46597085470697996e-02
-1.42078621195780921e-02
-1.40606815988915425e-02
-1.37751586731627053e-02
-1.37171399100431968e-02
-1.32103437820048769e-02
-1.31573168779289713e-02
-1.36207950850085208e-02
-1.34866484780410047e-02
-1.30692074721646800e-02
-1.29464151531715234e-02
-1.44538358548111506e-02
-1.42052392756371326e-02
-1.38730532312784944e-02
-1.36461447599312315e-02
-1.39156542961217013e-02
-1.35870616268563057e-02
-1.33813453804872400e-02
-1.30802441556021418e-02
-1.33154234140879634e-02
-1.31080318583825448e-02
-1.27894922916593282e-02
-1.25991371562761013e-02
-1.28655614074427854e-02
-1.25892599411360443e-02
-1.23761852994542700e-02
-1.21215993842244650e-02
-1.26898308021642890e-02
-1.26409878188992880e-02
-1.22180754005292887e-02
-1.21725728172828417e-02
-1.25597850184009045e-02
-1.24465235229066114e-02
-1.20968890676371281e-02
-1.19912538666154204e-02
-1.17972134245212454e-02
-1.17541989660012100e-02
-1.16826321702593727e-02
-1.15826984758707792e-02
-1.23016206746446987e-02
-1.21256059027484413e-02
-1.18559865970157136e-02
-1.16914941351363780e-02
-1.19191155438800565e-02
-1.16828867135500558e-02
-1.14982681170490101e-02
-1.12768816899625167e-02
-1.14546564743553802e-02
-1.12988369009727335e-02
-1.11156413558546052e-02
-1.09055407689930793e-02
-1.32216546560456113e-02
-1.28218038211465081e-02
-1.27446055974979010e-02
-1.23763429230077208e-02
-1.23900186412440882e-02
-1.19289081999004523e-02
-1.19774895324753546e-02
-1.15501692988424533e-02
-1.22805182483020636e-02
-1.19408509788184944e-02
-1.18364576531495048e-02
-1.15219412665698972e-02
-1.15718763077964810e-02
-1.11752947221190630e-02
-1.11793207585208151e-02
-1.08099418745424003e-02
-1.14411408982328204e-02
-1.09294043103411107e-02
-1.10965662756109806e-02
-1.06188944416282741e-02
-1.03963659676504679e-02
-9.84463587538746306e-03
-1.01193680966198928e-02
-9.60017350417940139e-03
-1.07528673552477940e-02
-1.03063943027967529e-02
-1.04152110658127569e-02
-9.99658091837609536e-03
-9.83769334867450919e-03
-9.34857951968509973e-03
-9.55553579463779869e-03
-9.09357795678275918e-03
-1.14177503423795387e-02
-1.11246235063857269e-02
-1.10279858011898303e-02
-1.07523050841004646e-02
-1.08045011924606388e-02
-1.04584476493084395e-02
-1.04506334060799656e-02
-1.01238291478060512e-02
-1.06690736250678389e-02
-1.04068439662569553e-02
-1.01195191929934949e-02
-9.80782768407372288e-03
-1.00875874800161434e-02
-9.69309663503465854e-03
-9.77281028600319665e-03
-9.39854935320175167e-03
-9.27619346359696145e-03
-8.83812997751555127e-03
-9.00206834787753082e-03
-8.58443366669723804e-03
-9.47255625856242497e-03
-9.11454750256742580e-03
-8.73469698415878411e-03
-8.33395037949012651e-03
-1.00866100563159408e-02
-9.28606015908450995e-03
-1.01229766057752656e-02
-9.34019287245809945e-03
-8.49652129001615686e-03
-7.72215232428468453e-03
-8.56556518122937247e-03
-7.80303228840700282e-03
-1.01087813944851987e-02
-9.34833839911074389e-03
-1.00495888084913033e-02
-9.31513129611921675e-03
-8.59306254808267327e-03
-7.84664523791148497e-03
-8.58279261950961776e-03
-7.85599742646629455e-03
-6.96630411975171244e-03
-6.23147929143533751e-03
-7.05579530732656102e-03
-6.32628046782951134e-03
-5.51931142551801736e-03
-4.83056410241290094e-03
-5.61611971872719423e-03
-4.92614951334294400e-03
-7.11211663978290626e-03
-6.39181173082272597e-03
-7.13758942228224016e-03
-6.42980086335729999e-03
-5.68735242900705786e-03
-4.99964613971354884e-03
-5.73423632248495560e-03
-5.05187099993921300e-03
-9.95113443594369124e-03
-9.24536803300269466e-03
-9.81916450521615886e-03
-9.14387178510091617e-03
-8.53868683166897346e-03
-7.83423721584978854e-03
-8.46471703360814932e-03
-7.78456454114607836e-03
-9.65928555447101087e-03
-9.01536578404475014e-03
-9.47682861101930424e-03
-8.86435883803095293e-03
-8.36479070769687028e-03
-7.71014599445626544e-03
-8.24265620227956908e-03
-7.61403796515945468e-03
-7.13466659827855388e-03
-6.44209647084981706e-03
-7.10586116933121549e-03
-6.43061295871263060e-03
-5.75810785210451558e-03
-5.08373937130668103e-03
-5.76037226534664801e-03
-5.09623563105143437e-03
-7.05367899340142782e-03
-6.39727881065448988e-03
-6.98055790007825160e-03
-6.34398966885366469e-03
-5.74246509932350557e-03
-5.09038573354669670e-03
-5.70581719003491247e-03
-5.06723213835450197e-03
-4.16514966719922983e-03
-3.52216725606371243e-03
-4.25642772224157570e-03
-3.60626822267260793e-03
-2.89995916855214676e-03
-2.29618427651623368e-03
-2.97429232962265980e-03
-2.35849586702930811e-03
-4.32890066429635414e-03
-3.67465506472194501e-03
-4.38306353731402008e-03
-3.72758297500739438e-03
-3.03582573094724568e-03
-2.41076656687813510e-03
-3.08464918615645491e-03
-2.45298582638681009e-03
-1.70790679027348676e-03
-1.13169836870365267e-03
-1.75633033758464878e-03
-1.16479634301879876e-03
-5.63751270014415480e-04
-4.42490011645646497e-18
-5.80547140441400747e-04
-5.82758667710958633e-18
-1.79734190358036595e-03
-1.19301047158062762e-03
-1.83088456629614243e-03
-1.21627912805192173e-03
-5.94918523588729717e-04
-5.17706537361828367e-18
-6.06827434162451971e-04
-3.09675245516172204e-18
-4.41949795275227951e-03
-3.76538178912371553e-03
-4.43885235762053049e-03
-3.78844352154917175e-03
-3.12091502480529512e-03
-2.48519331490998537e-03
-3.14483093799310196e-03
-2.50747536567193533e-03
-4.44182334334315004e-03
-3.79721049320637903e-03
-4.42913855807712097e-03
-3.79216441712270074e-03
-3.15665309848890251e-03
-2.51996149371465188e-03
-3.15667977687001137e-03
-2.52282110779966434e-03
-1.85693918886224436e-03
-1.23456593386737749e-03
-1.87552304294979957e-03
-1.24785946373888392e-03
-6.16248528102286306e-04
-5.07542141994776763e-18
-6.23169144112682314e-04
-5.65140382408069186e-18
-1.88668839991374456e-03
-1.25617288752610215e-03
-1.89052114673888497e-03
-1.25954357034328986e-03
-6.27589300624526369e-04
-5.09575021068187084e-18
-6.29521654215715420e-04
-3.35425047112702934e-18
-9.27673152378481920e-03
-8.69504609959879937e-03
-9.06344234889775238e-03
-8.51122753213782654e-03
-8.10182053135827078e-03
-7.49911991602356283e-03
-7.94548177754636313e-03
-7.36803945391254975e-03
-8.84084586562711508e-03
-8.31624583259368833e-03
-8.61221442852447283e-03
-8.11294483289718392e-03
-7.77647755999633008e-03
-7.22317038762275519e-03
-7.59725042007648385e-03
-7.06658447097008920e-03
-6.88881477727377838e-03
-6.27256749858088637e-03
-6.78060195080989504e-03
-6.18472686316528034e-03
-5.65182415989067856e-03
-5.02781188759521790e-03
-5.58182115620524649e-03
-4.97313839397574547e-03
-6.65787380875830503e-03
-6.08204905014711385e-03
-6.52236423018481230e-03
-5.96596448664290895e-03
-5.49706340054025976e-03
-4.90418734806159426e-03
-5.39871288236446790e-03
-4.82188699057345838e-03
-8.38018347398132232e-03
-7.90364865359478690e-03
-8.14675112748257206e-03
-7.69016114700949750e-03
-7.40983035662900504e-03
-6.90003702474255298e-03
-7.21583413197815320e-03
-6.72496613455627040e-03
-7.91330053255252623e-03
-7.47378446997561292e-03
-7.01648039091198363e-03
-6.54250465033573078e-03
-6.37557497738129760e-03
-5.83774357232196180e-03
-6.21877481596992687e-03
-5.69849575286915377e-03
-5.28783129865208201e-03
-4.72711282841243533e-03
-5.16537911182210138e-03
-4.62068670750129945e-03
-6.05300875209729191e-03
-5.54917636585307121e-03
-5.03222037958033462e-03
-4.50337999685438209e-03
-4.40154170613428659e-03
-3.77381675863288843e-03
-4.35978002473441390e-03
-3.74270062692097765e-03
-3.14524564609458979e-03
-2.51626052237854947e-03
-3.12271693206799287e-03
-2.50052035781620505e-03
-4.30459452395171981e-03
-3.69936438778806480e-03
-4.23671316418090110e-03
-3.64436711572151779e-03
-3.08948752838067008e-03
-2.47587339653231996e-03
-3.04597615083888580e-03
-2.44262294027761118e-03
-1.88713947792808114e-03
-1.25803265124963632e-03
-1.87669270694667536e-03
-1.25172461871591451e-03
-6.28991425500430431e-04
-4.71627945031194429e-18
-6.26036298286809052e-04
-6.21383370105754729e-18
-1.85936023198413286e-03
-1.24072689831599640e-03
-1.83535068085505801e-03
-1.22516946479885817e-03
-6.20706297387028363e-04
-5.13640779215007726e-18
-6.13063649827076760e-04
-2.40557357020221296e-18
-4.15684703063440644e-03
-3.57827592907317745e-03
-4.06568945013540285e-03
-3.50166517782750939e-03
-2.99262456305981594e-03
-2.40110169004907181e-03
-2.92989685960875438e-03
-2.35167114581579483e-03
-3.96391788546470499e-03
-3.41511738133956026e-03
-2.85827974919364899e-03
-2.29472149887215279e-03
-1.80490124907739806e-03
-1.20520448688947240e-03
-1.76827723375873368e-03
-1.18100600886845205e-03
-6.03182633324326751e-04
-4.46555769792467139e-18
-5.91149414753299753e-04
-6.73560599656619630e-18
-1.72577175408877631e-03
-1.15276966820045384e-03
-5.77061879871800009e-04
-5.29903811802290292e-18
1.17972134245212489e-02
1.17541989660012933e-02
1.22180754005293511e-02
1.21725728172829561e-02
1.16826321702594368e-02
1.15826984758708000e-02
1.20968890676372686e-02
1.19912538666155175e-02
1.26898308021642352e-02
1.26409878188993227e-02
1.32103437820049324e-02
1.31573168779290373e-02
1.25597850184010519e-02
1.24465235229066738e-02
1.30692074721647858e-02
1.29464151531716518e-02
1.14546564743554149e-02
1.12988369009728116e-02
1.18559865970157621e-02
1.16914941351363866e-02
1.11156413558546521e-02
1.09055407689930793e-02
1.14982681170489910e-02
1.12768816899625098e-02
1.23016206746446866e-02
1.21256059027484136e-02
1.27894922916594791e-02
1.25991371562762140e-02
1.19191155438800617e-02
1.16828867135501009e-02
1.23761852994544504e-02
1.21215993842245552e-02
1.37751586731628545e-02
1.37171399100433026e-02
1.43774220908389760e-02
1.43136668091805100e-02
1.36207950850085729e-02
1.34866484780411279e-02
1.42078621195781320e-02
1.40606815988915928e-02
1.50078802216371768e-02
1.49377347899004587e-02
1.56549558822557389e-02
1.55778846342652533e-02
1.48213958746588083e-02
1.46597085470696938e-02
1.54501315940422206e-02
1.52727323507165346e-02
1.33154234140881664e-02
1.31080318583827130e-02
1.38730532312786384e-02
1.36461447599313668e-02
1.28655614074428964e-02
1.25892599411360617e-02
1.33813453804874118e-02
1.30802441556022182e-02
1.44538358548110812e-02
1.42052392756370806e-02
1.50471110696485215e-02
1.47750554838883136e-02
1.39156542961216857e-02
1.35870616268563248e-02
1.44586856543780368e-02
1.41004171571778650e-02
1.06690736250678389e-02
1.04068439662569710e-02
1.10279858011898338e-02
1.07523050841005063e-02
1.01195191929935261e-02
9.80782768407375757e-03
1.04506334060800767e-02
1.01238291478061380e-02
1.14177503423795994e-02
1.11246235063857529e-02
1.18364576531495725e-02
1.15219412665699319e-02
1.08045011924606752e-02
1.04584476493084604e-02
1.11793207585207787e-02
1.08099418745423916e-02
9.47255625856246661e-03
9.11454750256747957e-03
9.77281028600324696e-03
9.39854935320175687e-03
8.73469698415881360e-03
8.33395037949013345e-03
9.00206834787752909e-03
8.58443366669724844e-03
1.00875874800161486e-02
9.69309663503466028e-03
1.04152110658127552e-02
9.99658091837612311e-03
9.27619346359696492e-03
8.83812997751556341e-03
9.55553579463783165e-03
9.09357795678279734e-03
1.22805182483020549e-02
1.19408509788185655e-02
1.27446055974979808e-02
1.23763429230078180e-02
1.15718763077965383e-02
1.11752947221191098e-02
1.19774895324754518e-02
1.15501692988425227e-02
1.32216546560457310e-02
1.28218038211465810e-02
1.37029194727238297e-02
1.32690704521387301e-02
1.23900186412441524e-02
1.19289081999004922e-02
1.28019078167446558e-02
1.23045787074300712e-02
1.07528673552478461e-02
1.03063943027968015e-02
1.10965662756110899e-02
1.06188944416283453e-02
9.83769334867454215e-03
9.34857951968513616e-03
1.01193680966199743e-02
9.60017350417946558e-03
1.14411408982328291e-02
1.09294043103411419e-02
1.17802883391003935e-02
1.12322488312610637e-02
1.03963659676505095e-02
9.84463587538744050e-03
1.06636292785186396e-02
1.00775080945974625e-02
1.63049072420379908e-02
1.62205177168223656e-02
1.69420672554134767e-02
1.68501328634801106e-02
1.60807066938148356e-02
1.58867154109176394e-02
1.66978933799442689e-02
1.64868062812014333e-02
1.75491599431482591e-02
1.74496392242879765e-02
1.81076868021339821e-02
1.80007385117974435e-02
1.72849059039026434e-02
1.70566391913581535e-02
1.78237759265742340e-02
1.75786999490449083e-02
1.56402498696827930e-02
1.53434499121660184e-02
1.62188738995530310e-02
1.58966062630454125e-02
1.49988505977892549e-02
1.46093366977400677e-02
1.55229746865976452e-02
1.51013570999350040e-02
1.67671452609009092e-02
1.64193136781625622e-02
1.72681205216775914e-02
1.68953066224572651e-02
1.60165629855289898e-02
1.55627766046863292e-02
1.64641238226838939e-02
1.59789607385747989e-02
1.85983739188300586e-02
1.84843672812767118e-02
1.90016679142045904e-02
1.88811875082432537e-02
1.82957868334342848e-02
1.80347492916463382e-02
1.86819554667777728e-02
1.84062924436614907e-02
1.92982667531366170e-02
1.91721116465610047e-02
1.94696697924258352e-02
1.93388467095171671e-02
1.89635477059203368e-02
1.86750816514641566e-02
1.91226127150880658e-02
1.88236368968484058e-02
1.77041602894049480e-02
1.73076580922049625e-02
1.80573834675175557e-02
1.76392156981566989e-02
1.68495433152245772e-02
1.63346961448152667e-02
1.71565007066088043e-02
1.66145829404798530e-02
1.83101533951163138e-02
1.78730683330731860e-02
1.84455815512819463e-02
1.79930296746253389e-02
1.73689128057169379e-02
1.68034545340213989e-02
1.74713944293866177e-02
1.68868125252824366e-02
1.41780912693929527e-02
1.37085393974099769e-02
1.46354762725723220e-02
1.41293322457531033e-02
1.32042882888928088e-02
1.26690649850466144e-02
1.35871304026249640e-02
1.30132066984016224e-02
1.50622304200015485e-02
1.45195135822791081e-02
1.54446459443709772e-02
1.48663571168269511e-02
1.39394442150569710e-02
1.33269818118968587e-02
1.42495243449022140e-02
1.35997296606300468e-02
1.21066529996533973e-02
1.15208292142201969e-02
1.24119516298700026e-02
1.17877345471201662e-02
1.09153023505499953e-02
1.02936543038796117e-02
1.11448298992978291e-02
1.04873469607571698e-02
1.26871381807824278e-02
1.20248888193173684e-02
1.29226049248803050e-02
1.22237302333820849e-02
1.13450865913255136e-02
1.06523795219844244e-02
1.15085349932602110e-02
1.07822037587959017e-02
1.57684828308521305e-02
1.51566534448717774e-02
1.60193363308899321e-02
1.53770512495140614e-02
1.45052330836866993e-02
1.38204088358277917e-02
1.46943142287707454e-02
1.39778830105802467e-02
1.61830301623109192e-02
1.55144223118652280e-02
1.62460237971363344e-02
1.55562395565933022e-02
1.48047287725257739e-02
1.40612266253287016e-02
1.48250025331120496e-02
1.40600413974379043e-02
1.31084149157511681e-02
1.23754184063757360e-02
1.32345595860419891e-02
1.24710639277854536e-02
1.16274080334255424e-02
1.08700883256190491e-02
1.16939110977773066e-02
1.09092943364451720e-02
1.32912341946941001e-02
1.25019737715617689e-02
1.32691229738007965e-02
1.24599052929843454e-02
1.17004380281700241e-02
1.08932629613729542e-02
1.16397946161966113e-02
1.08158094698238179e-02
7.91330053255255399e-03
7.47378446997566063e-03
8.14675112748257380e-03
7.69016114700948276e-03
7.01648039091203306e-03
6.54250465033577328e-03
7.21583413197816621e-03
6.72496613455629902e-03
8.38018347398133100e-03
7.90364865359477649e-03
8.61221442852450753e-03
8.11294483289722902e-03
7.40983035662898509e-03
6.90003702474254344e-03
7.59725042007649946e-03
7.06658447097010395e-03
6.05300875209733268e-03
5.54917636585308856e-03
6.21877481596995463e-03
5.69849575286917546e-03
5.03222037958033636e-03
4.50337999685437775e-03
5.16537911182212914e-03
4.62068670750130465e-03
6.37557497738127851e-03
5.83774357232197741e-03
6.52236423018484352e-03
5.96596448664292282e-03
5.28783129865211411e-03
4.72711282841244574e-03
5.39871288236445316e-03
4.82188699057346272e-03
8.84084586562714977e-03
8.31624583259372996e-03
9.06344234889780442e-03
8.51122753213787511e-03
7.77647755999639079e-03
7.22317038762281330e-03
7.94548177754642558e-03
7.36803945391259225e-03
9.27673152378478624e-03
8.69504609959877335e-03
9.47682861101935281e-03
8.86435883803095293e-03
8.10182053135822741e-03
7.49911991602350558e-03
8.24265620227957081e-03
7.61403796515947116e-03
6.65787380875835274e-03
6.08204905014712947e-03
6.78060195080991412e-03
6.18472686316531763e-03
5.49706340054026410e-03
4.90418734806161508e-03
5.58182115620529072e-03
4.97313839397578623e-03
6.88881477727375582e-03
6.27256749858088550e-03
6.98055790007828629e-03
6.34398966885368031e-03
5.65182415989065774e-03
5.02781188759520142e-03
5.70581719003493935e-03
5.06723213835449503e-03
3.96391788546470412e-03
3.41511738133957283e-03
4.06568945013538290e-03
3.50166517782751026e-03
2.85827974919366980e-03
2.29472149887216103e-03
2.92989685960875785e-03
2.35167114581579569e-03
4.15684703063441165e-03
3.57827592907318656e-03
4.23671316418091932e-03
3.64436711572155205e-03
2.99262456305981767e-03
2.40110169004908091e-03
3.04597615083890879e-03
2.44262294027761638e-03
1.72577175408877913e-03
1.15276966820045059e-03
1.76827723375872934e-03
1.18100600886844598e-03
5.77061879871797515e-04
4.85180472187263234e-18
5.91149414753300187e-04
5.63107503334658865e-18
1.80490124907740717e-03
1.20520448688947956e-03
1.83535068085506777e-03
1.22516946479886814e-03
6.03182633324329896e-04
6.62040951573961145e-18
6.13063649827080338e-04
6.68817215151995548e-18
4.30459452395176492e-03
3.69936438778809083e-03
4.35978002473445640e-03
3.74270062692098025e-03
3.08948752838068223e-03
2.47587339653232387e-03
3.12271693206800545e-03
2.50052035781622717e-03
4.40154170613424756e-03
3.77381675863285243e-03
4.42913855807712011e-03
3.79216441712272026e-03
3.14524564609457245e-03
2.51626052237853516e-03
3.15667977687001831e-03
2.52282110779965089e-03
1.85936023198413980e-03
1.24072689831600681e-03
1.87669270694668664e-03
1.25172461871591971e-03
6.20706297387034001e-04
6.82369742308064353e-18
6.26036298286810353e-04
6.36968776335233855e-18
1.88713947792806748e-03
1.25803265124962396e-03
1.89052114673887543e-03
1.25954357034328487e-03
6.28991425500423167e-04
5.14318405572811166e-18
6.29521654215713577e-04
3.53043332415592381e-18
9.65928555447105423e-03
9.01536578404480565e-03
9.81916450521619008e-03
9.14387178510094045e-03
8.36479070769692752e-03
7.71014599445632789e-03
8.46471703360819963e-03
7.78456454114610959e-03
9.95113443594370338e-03
9.24536803300269813e-03
1.00495888084913467e-02
9.31513129611924798e-03
8.53868683166897000e-03
7.83423721584979547e-03
8.58279261950959695e-03
7.85599742646627026e-03
7.05367899340149460e-03
6.39727881065455493e-03
7.10586116933125539e-03
6.43061295871263840e-03
5.74246509932357235e-03
5.09038573354674267e-03
5.76037226534666276e-03
5.09623563105145432e-03
7.13466659827852526e-03
6.44209647084979797e-03
7.13758942228220200e-03
6.42980086335729305e-03
5.75810785210449649e-03
5.08373937130667582e-03
5.73423632248493045e-03
5.05187099993923121e-03
1.01087813944852386e-02
9.34833839911077685e-03
1.01229766057752638e-02
9.34019287245810813e-03
8.59306254808270970e-03
7.84664523791151272e-03
8.56556518122940543e-03
7.80303228840703751e-03
1.00866100563158888e-02
9.28606015908447179e-03
9.99445457562237252e-03
9.18160734308151767e-03
8.49652129001610829e-03
7.72215232428459866e-03
8.38241931528652118e-03
7.60123463260309849e-03
7.11211663978296698e-03
6.39181173082279015e-03
7.05579530732661740e-03
6.32628046782957292e-03
5.68735242900709516e-03
4.99964613971357226e-03
5.61611971872725494e-03
4.92614951334294747e-03
6.96630411975162397e-03
6.23147929143527939e-03
6.84152720697537090e-03
6.10585789163317107e-03
5.51931142551798266e-03
4.83056410241286625e-03
5.39585249537402438e-03
4.71220103676218104e-03
4.44182334334320555e-03
3.79721049320642717e-03
4.43885235762054610e-03
3.78844352154918780e-03
3.15665309848895065e-03
2.51996149371467529e-03
3.14483093799311844e-03
2.50747536567194357e-03
4.41949795275226390e-03
3.76538178912370382e-03
4.38306353731402268e-03
3.72758297500736229e-03
3.12091502480527647e-03
2.48519331490998450e-03
3.08464918615642498e-03
2.45298582638680618e-03
1.88668839991375801e-03
1.25617288752611061e-03
1.87552304294980564e-03
1.24785946373888543e-03
6.27589300624528754e-04
5.19739416435238688e-18
6.23169144112680796e-04
6.01732205729454961e-18
1.85693918886224696e-03
1.23456593386737771e-03
1.83088456629614590e-03
1.21627912805192433e-03
6.16248528102287391e-04
5.04831636563563002e-18
6.06827434162453706e-04
3.28648783534668532e-18
4.32890066429636282e-03
3.67465506472194241e-03
4.25642772224156182e-03
3.60626822267261270e-03
3.03582573094724004e-03
2.41076656687814030e-03
2.97429232962266588e-03
2.35849586702930160e-03
4.16514966719920381e-03
3.52216725606369985e-03
4.05467817140127765e-03
3.42218426489644505e-03
2.89995916855213332e-03
2.29618427651622067e-03
2.81280613520319992e-03
2.22389606048677656e-03
1.79734190358037029e-03
1.19301047158063087e-03
1.75633033758465095e-03
1.16479634301880569e-03
5.94918523588731235e-04
4.93311988480904517e-18
5.80547140441406385e-04
5.67850887839282947e-18
1.70790679027347852e-03
1.13169836870364638e-03
1.65216725164497326e-03
1.09380363087799542e-03
5.63751270014412878e-04
4.62818802379749705e-18
5.44581446869194788e-04
2.87991202066462115e-18
1.94987302878777968e-02
1.93644407751460065e-02
1.93701929840938356e-02
1.92338147267633666e-02
1.91425195582269475e-02
1.88357688987230709e-02
1.90084793004175502e-02
1.86970879475891263e-02
1.90711994027863568e-02
1.89342620320447977e-02
1.85917440378805636e-02
1.84558999501235402e-02
1.87080357082489504e-02
1.83954821105041175e-02
1.82315082372684623e-02
1.79215489057104257e-02
1.84480334487776773e-02
1.79841237607478374e-02
1.83036207958603390e-02
1.78330573505383130e-02
1.74497207844300298e-02
1.68512633983917415e-02
1.72912772264427854e-02
1.66849432471284850e-02
1.80006639984922404e-02
1.75286637779549677e-02
1.75301096187585707e-02
1.70623035277463614e-02
1.69854818275528563e-02
1.63779167679120527e-02
1.65241666830686917e-02
1.59225372263856746e-02
1.79250658479126017e-02
1.77920567257684945e-02
1.70679611763100043e-02
1.69395810510939403e-02
1.75723721433349439e-02
1.72689656660914952e-02
1.67275622453015929e-02
1.64347854588216859e-02
1.60210064754241176e-02
1.58990622963916597e-02
1.47886818891240102e-02
1.46749526617921296e-02
1.56976890478067316e-02
1.54196475551680034e-02
1.44871585355583338e-02
1.42278939816141634e-02
1.68858884891715834e-02
1.64282078040256935e-02
1.60652017774674388e-02
1.56237528935436309e-02
1.59019048789932477e-02
1.53137550413122003e-02
1.51162715017557729e-02
1.45493640088371397e-02
1.50687243542600054e-02
1.46496551017091612e-02
1.39007172709411739e-02
1.35100783968132195e-02
1.41680289541666459e-02
1.36301759694174053e-02
1.30612290875493139e-02
1.25601168421921958e-02
1.61958213847058774e-02
1.54909565670313630e-02
1.60213694170979921e-02
1.53083765956111405e-02
1.47445750838253679e-02
1.39647739560691785e-02
1.45541389625894243e-02
1.37670245621891313e-02
1.57134302401980910e-02
1.49999990925676480e-02
1.52649189553756091e-02
1.45593321865285334e-02
1.42459581411904374e-02
1.34598368724044050e-02
1.38141551123151587e-02
1.30379590507983291e-02
1.31596852281832648e-02
1.23373210092326442e-02
1.29554333336588494e-02
1.21276360894317405e-02
1.15054227180405068e-02
1.06713177409525142e-02
1.12916178759558273e-02
1.04549290540647127e-02
1.26501935796521983e-02
1.18254504804031664e-02
1.22393411140164082e-02
1.14267578734880415e-02
1.09937333331895891e-02
1.01627189737263143e-02
1.06083635758586967e-02
9.79185635957799567e-03
1.46711921358073875e-02
1.39821603675202837e-02
1.39302780742674853e-02
1.32667578240125410e-02
1.32549567046899106e-02
1.24980672189658679e-02
1.25668898423094560e-02
1.18389432424793866e-02
1.30430399466310645e-02
1.24140394346078237e-02
1.20132652643234784e-02
1.14276432625530222e-02
1.17509198894995073e-02
1.10616001516361702e-02
1.08105259240021540e-02
1.01693500441932972e-02
1.17200008671811337e-02
1.09291242706968123e-02
1.10912072423231360e-02
1.03318297201667984e-02
1.01335010231414450e-02
9.34073895585338029e-03
9.56866020298650227e-03
8.80910063879252782e-03
1.03540165307012561e-02
9.63596783698809217e-03
9.51156740933671238e-03
8.84449897263987414e-03
8.91496467280365572e-03
8.19808620277093572e-03
8.17519304397850560e-03
7.51029052254350085e-03
1.33793897733034614e-02
1.32755853934398392e-02
1.18053655023043994e-02
1.17130864413180422e-02
1.31041898888167758e-02
1.28675865479323526e-02
1.15607285452139601e-02
1.13504218434076452e-02
1.00824813106993039e-02
1.00031803006537905e-02
8.22994733696008965e-03
8.16489415910401535e-03
9.87225533745902592e-03
9.69154491371290727e-03
8.05749575607283414e-03
7.90926556700435358e-03
1.25690439268344965e-02
1.22126495592549018e-02
1.10850874998269285e-02
1.07683785085781539e-02
1.18032271954606367e-02
1.13462393475689052e-02
1.04046056543183642e-02
9.99865032793437539e-03
9.46357033152700651e-03
9.19148447386545012e-03
7.72227908910237335e-03
7.49913167946144980e-03
8.87900784733283190e-03
8.53035327054907713e-03
7.24288587222702684e-03
6.95700934308612039e-03
6.26991734957260335e-03
6.22016775023916807e-03
4.22700973122424207e-03
4.19337937555434338e-03
6.13803660575558234e-03
6.02468439626107407e-03
4.13786033073203999e-03
4.06123853596194843e-03
2.12775706396520388e-03
2.11080129468261104e-03
2.08280997270974318e-03
2.04417979182651595e-03
5.88170256258496119e-03
5.71108113369614943e-03
3.96459179240170843e-03
3.84926783129055025e-03
5.51516831085867732e-03
5.29662287696038275e-03
3.71685693291195444e-03
3.56915968478709478e-03
1.99545475748424831e-03
1.93731511471726629e-03
1.87056352510706829e-03
1.79610878985259287e-03
1.08476772341457618e-02
1.03139404867217330e-02
9.55586607003517177e-03
9.08197095617244675e-03
9.75170919957294401e-03
9.16781106701029629e-03
8.58293313339307008e-03
8.06485196346929875e-03
8.15014082579054895e-03
7.74330490013006023e-03
6.64530485370965276e-03
6.31183368057030431e-03
7.31499531136535226e-03
6.87047463993200290e-03
5.96083417182505931e-03
5.59663717967040161e-03
8.56908645596747565e-03
7.96225430364983812e-03
7.53383732079795573e-03
6.99588963050732857e-03
7.35378170949817830e-03
6.74976000818301204e-03
6.45678321395717295e-03
5.92195543496095312e-03
6.41501396803101191e-03
5.95378925963646957e-03
5.22358018150769279e-03
4.84592192997370004e-03
5.49178059918920686e-03
5.03367644297320581e-03
4.46775945882418694e-03
4.09294921909086461e-03
5.05836045340197007e-03
4.80349475874020885e-03
3.40815057177791189e-03
3.23593818007911378e-03
4.53527513012289170e-03
4.25702164812573162e-03
3.05472286946601671e-03
2.86675282207604198e-03
1.71494746864721422e-03
1.62814378914641301e-03
1.53680827835522751e-03
1.44207557448144149e-03
3.97205925618121167e-03
3.68365228628622209e-03
2.67427941026975426e-03
2.47951284000348660e-03
3.39494079264874042e-03
3.10888005460234354e-03
2.28457901935199973e-03
2.09147857449363053e-03
1.34508189510069791e-03
1.24694264448997941e-03
1.14873063955595869e-03
1.05145541998891883e-03
9.84178654679062834e-03
9.02294307356956218e-03
9.62454726489388006e-03
8.80675320815282187e-03
8.22013091080350464e-03
7.43783745600927904e-03
8.00702285715923848e-03
7.22993837598189405e-03
9.33949401404041146e-03
8.53042770341179944e-03
8.98433574678990897e-03
8.19217443716685999e-03
7.74106164002819237e-03
6.97601865430429006e-03
7.42090711758833666e-03
6.67513863013217707e-03
6.67962783179746993e-03
5.94809991923161453e-03
6.47911959610639795e-03
5.75717746206863470e-03
5.24486140325645597e-03
4.57052924691377094e-03
5.06569037719875517e-03
4.40520388234410219e-03
6.23893276678299039e-03
5.53240166447845506e-03
5.95847341886451658e-03
5.27346771252166276e-03
4.85796264938069804e-03
4.21609250223809427e-03
4.62160540541039708e-03
4.00329808343130936e-03
8.55784861470672634e-03
7.79111595606774444e-03
8.05996713375374194e-03
7.32736559411573552e-03
7.04599195872058874e-03
6.32700147945554001e-03
6.61658390902324697e-03
5.93200294948399362e-03
7.49184745689928863e-03
6.80207998941460314e-03
6.85590004687064523e-03
6.21748571933335940e-03
6.13382842447346942e-03
5.49126507335179204e-03
5.59976978744367634e-03
5.00665233811608927e-03
5.63767326063003334e-03
4.98049253747692537e-03
5.27702824872805336e-03
4.65404377900494309e-03
4.35687720121970094e-03
3.76717796181222624e-03
4.06438875917021231e-03
3.50835792665651859e-03
4.87762441400794999e-03
4.29515879160101595e-03
4.44114969047179793e-03
3.90535276582319648e-03
3.74511623695913736e-03
3.22774081913948562e-03
3.40040627899322514e-03
2.92650914250430728e-03
3.92475152315430783e-03
3.30625104688410561e-03
3.77525359298750687e-03
3.17441081453405643e-03
2.71288977598207722e-03
2.14175249865860683e-03
2.60034976265915508e-03
2.04993484616672068e-03
3.60623118472538397e-03
3.02682878495223523e-03
3.41790911721505386e-03
2.86380122132137835e-03
2.47541460619352637e-03
1.94868681766566178e-03
2.33840636861332293e-03
1.83831646332543509e-03
1.58924790546409933e-03
1.05122476657895127e-03
1.51932603396337084e-03
1.00409993495297056e-03
5.23100606901249934e-04
4.30970363562988013e-18
4.99383878401002705e-04
4.88568603976280436e-18
1.44262063954906056e-03
9.52592631939328492e-04
1.35939272550982546e-03
8.96891333230572722e-04
4.73518307713967942e-04
3.90312782094781596e-18
4.45602515884854604e-04
2.45300741524845378e-18
3.21070243244635364e-03
2.68576253815930354e-03
2.98522519744738243e-03
2.49329012951732829e-03
2.18974414418357955e-03
1.71919731708761333e-03
2.02994610987529064e-03
1.59176871357667813e-03
2.74229545851482686e-03
2.28710663886534183e-03
2.48293601421750677e-03
2.06807945969712630e-03
1.85962998131672863e-03
1.45653518994671495e-03
1.67951175286616705e-03
1.31406491209900070e-03
1.26994518370477185e-03
8.37208949044939733e-04
1.17462224506713255e-03
7.73782077473993352e-04
4.15746283571276202e-04
3.40846057975130456e-18
3.84070062517724966e-04
3.80148386727729992e-18
1.07380845829073142e-03
7.06870046921885824e-04
9.67927173002109428e-04
6.36753742335642060e-04
3.50704412969136123e-04
2.93751026107791358e-18
3.15789367553587685e-04
1.61275073157218785e-18
6.15578996756924873e-03
5.57687855567768741e-03
5.39640401230836054e-03
4.88459468528971725e-03
5.01734946794708640e-03
4.48076930604815286e-03
4.39038119279822059e-03
3.91693925811213185e-03
4.58378492680112330e-03
4.14595411909707192e-03
3.72503402900712472e-03
3.36717739388862382e-03
3.72350291310696814e-03
3.31916402002308594e-03
3.02210659121801822e-03
2.69206572510756470e-03
3.96989095861819546e-03
3.48661535995752015e-03
3.46671596645284526e-03
3.04139558748369159e-03
3.03197240306085159e-03
2.60612136700858442e-03
2.64188253731150596e-03
2.26830180202432143e-03
2.93504026130558902e-03
2.57257506912660300e-03
2.37877973723851126e-03
2.08343012300390203e-03
2.23253779491908036e-03
1.91502410417469598e-03
1.80664284707405870e-03
1.54848868747422988e-03
2.82818454035816758e-03
2.55527752549013351e-03
1.90204888820715316e-03
1.71792996975340473e-03
2.29224743657642982e-03
2.04081184382493442e-03
1.54053488135949502e-03
1.37102534720249473e-03
9.56044084411748285e-04
8.63324060883971858e-04
7.74008177887064745e-04
6.88682351774472321e-04
1.80228985996802333e-03
1.57758351983061000e-03
1.21029305795402817e-03
1.05894706004167234e-03
1.36716851971467926e-03
1.17109449233360674e-03
9.17307486490782898e-04
7.85405748396483436e-04
6.07796149704201366e-04
5.31656424517541163e-04
4.60424151239020786e-04
3.94114525296709113e-04
2.20837079472818200e-03
1.83721733463862729e-03
1.92001676541184380e-03
1.59566400548585190e-03
1.49040264785963946e-03
1.16498709042120929e-03
1.29320425593217416e-03
1.00998837766397005e-03
1.61947140787230357e-03
1.34468895432854167e-03
1.30849596725366802e-03
1.08567536378118175e-03
1.08890188691763111e-03
8.49808269902055423e-04
8.78556223450654853e-04
6.85233559800311077e-04
8.57438515740335393e-04
5.63734214427377743e-04
7.42836859806835295e-04
4.88131075785741390e-04
2.79473723350807880e-04
2.17856874033806047e-18
2.41914265061113901e-04
2.35475159336695494e-18
6.24647803114699511e-04
4.10280692532070165e-04
5.03424681149562138e-04
3.30534184859155060e-04
2.03274923371017619e-04
1.69745402629761788e-18
1.63725873749529497e-04
9.11407451245627165e-19
9.88994785875218618e-04
8.20105509359432463e-04
6.62991165725090696e-04
5.49543876295849896e-04
6.63293405254688226e-04
5.17091918684243709e-04
4.44293725476437777e-04
3.46244709291047880e-04
3.32600311705346437e-04
2.75618363851685424e-04
2.22779161700910219e-04
1.73579153695391469e-04
3.79744654637815095e-04
2.49255254258959791e-04
2.54204423099121067e-04
1.66817859366381915e-04
1.23442581975976066e-04
1.00288700954909160e-18
8.26048036700051624e-05
8.23316024731179930e-19
1.27415625761474565e-04
8.36037659944026651e-05
4.13955459433983509e-05
3.70153397950129248e-19
-5.02925812432240826e-21
-7.68647763118380136e-07
-1.49554254749587404e-20
-1.95035179118033684e-06
-1.87018655444607512e-06
-4.55931209542492938e-06
-3.66341749687484897e-20
-3.94819175509831131e-06
-5.00808230064105075e-20
-7.14551259467762485e-06
-8.86651762856032642e-06
-1.55517817519910229e-05
-3.62674216599611064e-06
-8.46413588498056359e-06
-6.33950724365909682e-06
-1.42605553889423680e-05
-1.56935200615848479e-05
-2.64382503159401490e-05
-2.53063090805881206e-05
-4.09440211548727073e-05
-1.14984722589771271e-19
-1.18965985605102243e-05
-1.44207359270044633e-19
-1.85179837894809834e-05
-2.53174139413038702e-05
-3.87908111122831734e-05
-1.70677138871741518e-19
-2.72805899715336692e-05
-1.43572084559603907e-19
-3.84028637374298214e-05
-5.65088556457005753e-05
-7.89042974779015534e-05
-4.17362984563126577e-05
-6.25147226270563291e-05
-6.25291602758955528e-05
-9.12719881912702413e-05
-8.95665681500473429e-05
-1.23530706388931999e-04
-1.28207319940051585e-04
-1.74168131348863633e-04
-1.02797110507503815e-05
-2.24848668932858988e-05
-1.56811615336377311e-05
-3.35991361224526191e-05
-3.84940576077114218e-05
-6.00931905799565830e-05
-5.59361101311442362e-05
-8.47662139982009765e-05
-2.27346546766262543e-05
-4.79801085363762279e-05
-3.15843910808126936e-05
-6.59121040196937935e-05
-7.81855752071284536e-05
-1.15678447775703248e-04
-1.05658820029193784e-04
-1.53366423135985148e-04
-8.89316937220388721e-05
-1.26481710339252084e-04
-1.22004461952356636e-04
-1.69359180826070645e-04
-1.74001181238524178e-04
-2.32501625405745016e-04
-2.28288972474721918e-04
-2.99965156028145501e-04
-1.62606735663184594e-04
-2.20885436731486245e-04
-2.11379779676518101e-04
-2.81787842107510925e-04
-2.92148022679820040e-04
-3.77704104935537664e-04
-3.66370371658455995e-04
-4.66551452531847768e-04
-4.72644384567899589e-19
-5.20450647265433464e-05
-8.16539761153145527e-19
-6.83048303494368075e-05
-1.06294419852411215e-04
-1.38872238822312303e-04
-1.03507426154475501e-18
-8.72141155821418753e-05
-5.60735811082346824e-19
-1.08737576316915712e-04
-1.76700431662615739e-04
-2.19708130185466321e-04
-1.64875055276950100e-04
-2.13883551839621957e-04
-2.29763594751049641e-04
-2.95362027863795603e-04
-2.70647165700528764e-04
-3.35059154942718234e-04
-3.71079134238198698e-04
-4.56771798963218740e-04
-1.60766853388866204e-18
-1.32772433493271927e-04
-2.12944082939731105e-18
-1.59149823120913908e-04
-2.67690652829822759e-04
-3.20312185666213366e-04
-2.12774676350280245e-18
-1.87637605078224713e-04
-8.02987233997076721e-19
-2.17944571923821235e-04
-3.77111358496153080e-04
-4.37509599419763650e-04
-4.06814673707047857e-04
-4.85414746533634374e-04
-5.52037582840631674e-04
-6.56219934662454949e-04
-5.70174529736917749e-04
-6.60235687099477693e-04
-7.68419017191000471e-04
-8.87507920649801565e-04
-3.02721328721339527e-04
-3.85104532937955964e-04
-3.85240517400941391e-04
-4.84625056741749567e-04
-4.79787087050413338e-04
-5.86588883062563152e-04
-5.98269272770170831e-04
-7.25955359518226954e-04
-4.78504214246886980e-04
-5.95112472946567614e-04
-5.83360823103083303e-04
-7.17403880074057930e-04
-7.27687767714346604e-04
-8.75973846329317334e-04
-8.68841023462251644e-04
-1.03737680773251305e-03
-7.05013251032345295e-04
-8.34253337340325565e-04
-8.67096519399731592e-04
-1.02074442049083862e-03
-9.73205338646817826e-04
-1.12048831525753253e-03
-1.18560464923011177e-03
-1.36005983626196251e-03
-1.03929856835919751e-03
-1.21658234117548404e-03
-1.22225915168797388e-03
-1.42228864153418197e-03
-1.40635557340886442e-03
-1.60678478228365841e-03
-1.63583774254202246e-03
-1.86087951970118114e-03
-4.23263880792345068e-05
-8.75838751785008960e-05
-5.50087436218091752e-05
-1.13089146629343962e-04
-1.38630842302736585e-04
-1.98181830880917093e-04
-1.77236107685434241e-04
-2.50292690382849462e-04
-6.96335068834011536e-05
-1.42430351522548893e-04
-8.61598455573503604e-05
-1.75524951977155155e-04
-2.21474142855556527e-04
-3.09690785180704578e-04
-2.71218980959324503e-04
-3.76204191680990299e-04
-2.68739579501449367e-04
-3.52531712310785446e-04
-3.34878385084069600e-04
-4.33322284421741783e-04
-4.51453471586978604e-04
-5.67017755947794768e-04
-5.47602643389483732e-04
-6.79294156508621484e-04
-4.09773970312775544e-04
-5.24115777499264209e-04
-4.93205190096324890e-04
-6.24637910708151730e-04
-6.54743910114979856e-04
-8.03266954227708639e-04
-7.72545397143903725e-04
-9.38541800413033906e-04
-1.04508171093258670e-04
-2.12213672174844264e-04
-1.24564886375322961e-04
-2.52269978050570986e-04
-3.26231468000712634e-04
-4.49513607506603417e-04
-3.86173443341569203e-04
-5.29171186323140015e-04
-1.46187448420019610e-04
-2.95410191885379946e-04
-1.69209483386008168e-04
-3.41303717498683834e-04
-4.50622884580337171e-04
-6.14620680579941328e-04
-5.19089233120984244e-04
-7.05217852374457536e-04
-5.84772263151371791e-04
-7.34408057614452901e-04
-6.83920199769869888e-04
-8.52767191101488735e-04
-9.00445260586902252e-04
-1.08447528937520013e-03
-1.03768405975119800e-03
-1.24021165573818572e-03
-7.89963899174687370e-04
-9.78907881258106417e-04
-9.02113624886272244e-04
-1.11190480817834753e-03
-1.18333959063752310e-03
-1.40472236777631370e-03
-1.33636240215002184e-03
-1.57684660528535593e-03
-7.00313567241786787e-04
-8.51973786829862342e-04
-8.29524117209998971e-04
-9.98938431944172917e-04
-1.02215299964235318e-03
-1.21051586647324917e-03
-1.18767824779912514e-03
-1.39536772218946297e-03
-9.70828870154926814e-04
-1.15807372787880229e-03
-1.12376583548394254e-03
-1.32884473165502024e-03
-1.36512147498984559e-03
-1.59155528649923073e-03
-1.55386948454876031e-03
-1.79838197235892856e-03
-1.41623631616694806e-03
-1.63800759461795700e-03
-1.62111322146957226e-03
-1.86351398734882490e-03
-1.87406297192341514e-03
-2.12220667770230721e-03
-2.12068406111934078e-03
-2.39028501133455680e-03
-1.83642079457848858e-03
-2.09823723849312605e-03
-2.06137424153791070e-03
-2.34130000299859675e-03
-2.37502031627616524e-03
-2.66431626564148788e-03
-2.63609811484147045e-03
-2.94322756734320635e-03
-1.28760976690661015e-03
-1.51044418338409665e-03
-1.46141306955849693e-03
-1.70183749670105994e-03
-1.75303297777818618e-03
-2.01487660754245176e-03
-1.96149549062712633e-03
-2.23984617088882976e-03
-1.64405006657124980e-03
-1.90181160114111149e-03
-1.83426238828166260e-03
-2.10902518288913141e-03
-2.17796670366272004e-03
-2.47193345092872096e-03
-2.40103746415962563e-03
-2.70967676777904547e-03
-2.29492091476550530e-03
-2.59156883005829362e-03
-2.53579669355872292e-03
-2.84771402491664155e-03
-2.90270418760081236e-03
-3.22572716173839553e-03
-3.17344879215603753e-03
-3.51037072251774622e-03
-2.78258786178909147e-03
-3.10827560550741046e-03
-3.03379543582498086e-03
-3.37173212952691405e-03
-3.44683559798974939e-03
-3.79563500452619962e-03
-3.72133489192701464e-03
-4.07999529228234535e-03
-1.62291512693923945e-18
-2.49725968579718341e-04
-2.24971950790742170e-18
-2.82590205290506914e-04
-5.00822090953723879e-04
-5.66271094310673339e-04
-3.13063377305189405e-18
-3.16106620349978769e-04
-2.19550939928314648e-18
-3.49814126275725874e-04
-6.33001357023142827e-04
-7.00097273823889672e-04
-7.54582617888302975e-04
-8.52062191573032938e-04
-1.01215392061864383e-03
-1.14084432771909472e-03
-9.51406567469451113e-04
-1.05125861049259269e-03
-1.27191637674951103e-03
-1.40359051514061953e-03
-3.78115507654319671e-18
-3.83230553897489102e-04
-3.61852475067037105e-18
-4.15862493622728871e-04
-7.66601432560242509e-04
-8.31534146749058852e-04
-2.85958322993051794e-18
-4.47215422282154387e-04
-1.74827600313287590e-18
-4.76803897674135690e-04
-8.93913554824361020e-04
-9.52775853658846842e-04
-1.15019935773349319e-03
-1.24677694589572568e-03
-1.53400637665451148e-03
-1.66126066774400518e-03
-1.33953637770947362e-03
-1.42704948697408227e-03
-1.78344615219290297e-03
-1.89869089547535898e-03
-1.27447016482899809e-03
-1.43329920360363815e-03
-1.54219996660964905e-03
-1.72985922937902948e-03
-1.59494068056742402e-03
-1.75721744270765736e-03
-1.92065862014042642e-03
-2.11205338408896985e-03
-1.81570680342992398e-03
-2.03067037583462779e-03
-2.09502526133331993e-03
-2.33557020629215125e-03
-2.24898421436943614e-03
-2.46777054129141684e-03
-2.57954639930395128e-03
-2.82378154400887054e-03
-1.91785387923564020e-03
-2.07452220118644649e-03
-2.30138428275101191e-03
-2.48593158366916707e-03
-2.22489006176258526e-03
-2.36666849325613011e-03
-2.66297061296398400e-03
-2.82982767622895568e-03
-2.68402292930784020e-03
-2.89466721480342078e-03
-3.06496259270732600e-03
-3.29970270852609094e-03
-3.09662417268052013e-03
-3.28687260541823912e-03
-3.52461016193114304e-03
-3.73635768082974202e-03
-4.52654407012698101e-18
-5.04161601356520502e-04
-6.49166050775695780e-18
-5.28851013411295290e-04
-1.00719523082406668e-03
-1.05630306635910720e-03
-7.94178091345631998e-18
-5.50472510763524558e-04
-4.82469966756049473e-18
-5.68672693001332961e-04
-1.09930599040929718e-03
-1.13550240763757196e-03
-1.50794445726559496e-03
-1.58093425868313675e-03
-2.00519692423119277e-03
-2.10127746848232230e-03
-1.64484339009725940e-03
-1.69863235070519237e-03
-2.18539198445231835e-03
-2.25617820344221551e-03
-9.28348110190713172e-18
-5.83151756250482769e-04
-8.12474003006324885e-18
-5.93669756146726515e-04
-1.16429713226958928e-03
-1.18521381829895774e-03
-7.12862928409219165e-18
-6.00051624878240831e-04
-2.75793927626000190e-18
-6.02190834120582561e-04
-1.19790491686937975e-03
-1.20215894613930237e-03
-1.74141931350508183e-03
-1.77249853352012409e-03
-2.31248051613101163e-03
-2.35337408052772867e-03
-1.79135509393007217e-03
-1.79767567218015582e-03
-2.37818413389721600e-03
-2.38650009232029047e-03
-2.49765912900655127e-03
-2.61579969378765171e-03
-2.98393514461251733e-03
-3.12288452036386293e-03
-2.71920678294736064e-03
-2.80621500874968796e-03
-3.24447633919458913e-03
-3.34676583460417291e-03
-3.46251148925610843e-03
-3.62081984006286037e-03
-3.93175076284858586e-03
-4.10779347997797164e-03
-3.75931301003959526e-03
-3.87579420287880328e-03
-4.26175035917249461e-03
-4.39120300654128552e-03
-2.87541167042973519e-03
-2.92566620078592386e-03
-3.42810338036541153e-03
-3.48716883970150290e-03
-2.95615375461184739e-03
-2.96637243048098083e-03
-3.52299908087564013e-03
-3.53500806612072963e-03
-3.96840009769939238e-03
-4.03563959878728250e-03
-4.49410025562536723e-03
-4.56880075950967871e-03
-4.07642487614635028e-03
-4.09009402790587104e-03
-4.61410710913827404e-03
-4.62929074267575888e-03
-2.37985441253335626e-03
-2.64408257547364169e-03
-2.66956877599115218e-03
-2.95542971054743846e-03
-2.91168515820764339e-03
-3.17923708964125938e-03
-3.24446473301803675e-03
-3.53304028124780487e-03
-2.96324645776450046e-03
-3.26856155914097279e-03
-3.25971323609305051e-03
-3.58220143514833764e-03
-3.57670410872229895e-03
-3.88387817441826402e-03
-3.90702408897013707e-03
-4.23027015430779002e-03
-3.44316267431068850e-03
-3.69980765686272507e-03
-3.81736464910543104e-03
-4.09356415096046380e-03
-3.94551336548910284e-03
-4.17669134128288190e-03
-4.35776147996141776e-03
-4.60615457713389048e-03
-4.18612459882515119e-03
-4.47940022201902526e-03
-4.54786276519032751e-03
-4.85564044917862099e-03
-4.75965938209345612e-03
-5.02293594370726258e-03
-5.14944067374155899e-03
-5.42518392997653857e-03
-3.55760058301934088e-03
-3.89490615507146788e-03
-3.85541493041384291e-03
-4.20513807622217156e-03
-4.23390937834740473e-03
-4.57063179719134714e-03
-4.55578320562417469e-03
-4.90335188927526824e-03
-4.15161491971650747e-03
-4.51134576300066866e-03
-4.44469294305245045e-03
-4.81204945459606792e-03
-4.87109121671646175e-03
-5.22687934743699782e-03
-5.17839068715120025e-03
-5.53981597874235628e-03
-4.90092902699882944e-03
-5.22057289191699657e-03
-5.24368212333374030e-03
-5.57253032538375988e-03
-5.52533591330310603e-03
-5.81107633697835937e-03
-5.88565567029915825e-03
-6.17890495855983810e-03
-5.57457939453484715e-03
-5.90998258587624361e-03
-5.89227287526725586e-03
-6.23163576846919205e-03
-6.22888525195480162e-03
-6.52717245855036904e-03
-6.55378676140773962e-03
-6.85469703127040107e-03
-4.38989684902618867e-03
-4.58189968816465759e-03
-4.83509431621763179e-03
-5.04115933372622539e-03
-4.74975078017561125e-03
-4.89084309895424299e-03
-5.22122639441192221e-03
-5.37253477784261843e-03
-5.26542409233774801e-03
-5.48355615747924633e-03
-5.67895654802554224e-03
-5.90709046471728314e-03
-5.67407579113693786e-03
-5.83410492728294976e-03
-6.10623822863476731e-03
-6.27344162957012980e-03
-5.00296563226445157e-03
-5.08434921210895382e-03
-5.49274330007746593e-03
-5.57997874269407310e-03
-5.13370322682344879e-03
-5.15024242400739449e-03
-5.63287464624657227e-03
-5.65059963262426728e-03
-5.96120308130945829e-03
-6.05341771305683250e-03
-6.40619247597920636e-03
-6.50248421263809311e-03
-6.10932456915001462e-03
-6.12805713598980981e-03
-6.56085326758476181e-03
-6.58040923834201860e-03
-6.07382187431652811e-03
-6.30985035867590027e-03
-6.44829619657972912e-03
-6.69009909501851446e-03
-6.51576558405075109e-03
-6.68856669567233393e-03
-6.90091075626344738e-03
-7.07772492487150282e-03
-6.80090036526001182e-03
-7.04637554326980817e-03
-7.13050694700342706e-03
-7.37760322454627387e-03
-7.26022954996195097e-03
-7.43948715899796741e-03
-7.59269146489556426e-03
-7.77286251845056043e-03
-6.82570964040430609e-03
-6.92515935517060664e-03
-7.21799331253727538e-03
-7.31967767912353184e-03
-6.98543157063819843e-03
-7.00562333065055717e-03
-7.38129154978138264e-03
-7.40193067090383610e-03
-7.58162678019166404e-03
-7.68463177086376424e-03
-7.91565125097499350e-03
-8.01908644920794680e-03
-7.74703153582831372e-03
-7.76793153247419023e-03
-8.08173079414617468e-03
-8.10271004319665020e-03
-1.93445744567978496e-04
-3.89582956477338492e-04
-2.18696759308892774e-04
-4.39852604620460485e-04
-5.91028268855742743e-04
-8.00250306261709099e-04
-6.65856061077799545e-04
-8.98956101281620261e-04
-2.44753062802096375e-04
-4.91698120460024599e-04
-2.71398962230629654e-04
-5.44693247763073794e-04
-7.42961673310292602e-04
-1.00054069387996592e-03
-8.21718432561238058e-04
-1.10419193635909662e-03
-1.01949979401871524e-03
-1.25074450379598304e-03
-1.14119625789249179e-03
-1.39435330822711406e-03
-1.49561048301526394e-03
-1.75533087925463290e-03
-1.65988189928694134e-03
-1.93886635266517227e-03
-1.26624148431909349e-03
-1.54162279126427706e-03
-1.39365726157854720e-03
-1.69143213188689559e-03
-1.82794445236843673e-03
-2.12612272857151110e-03
-1.99856169748353863e-03
-2.31577786409407557e-03
-2.98415811873457360e-04
-5.98406547906653102e-04
-3.25584808248784055e-04
-6.52406955035819323e-04
-9.01493683550442224e-04
-1.20909300047217531e-03
-9.81657034324227851e-04
-1.31443321089097466e-03
-3.52689334525376960e-04
-7.06268407847568565e-04
-3.79516896337105439e-04
-7.59573638664533409e-04
-1.06158716258446533e-03
-1.41941685993621962e-03
-1.14067729479555677e-03
-1.52327013655064532e-03
-1.52246472258238353e-03
-1.84266715886140676e-03
-1.65169763258327671e-03
-1.99423593072327451e-03
-2.17051490243735977e-03
-2.50654253629113396e-03
-2.34262073274653371e-03
-2.69718002384672362e-03
-1.78041299648861112e-03
-2.14508087491331254e-03
-1.90769912608262839e-03
-2.29418761731728978e-03
-2.51374462261504941e-03
-2.88652037726392068e-03
-2.68280993516776178e-03
-3.07346943239903293e-03
-2.03070350593575035e-03
-2.32205810578893414e-03
-2.23198073285764235e-03
-2.53945808303003995e-03
-2.62923405800277862e-03
-2.95156904814107557e-03
-2.86106953315574822e-03
-3.19611377094757964e-03
-2.43669333094215712e-03
-2.75978298373657843e-03
-2.64346566955236170e-03
-2.98163747864893048e-03
-3.09509017981867383e-03
-3.44187558478149715e-03
-3.32991559693705027e-03
-3.68752372109489414e-03
-3.28789898176031891e-03
-3.63656917834515730e-03
-3.54341714080670060e-03
-3.90134440498131427e-03
-3.99545663698657426e-03
-4.36200292446912562e-03
-4.26781996926945545e-03
-4.64035914793615306e-03
-3.79896233633301690e-03
-4.16474627029962512e-03
-4.05328745121121426e-03
-4.42564389315457888e-03
-4.53721588862261282e-03
-4.91398167265294505e-03
-4.80266018127512972e-03
-5.18206055735994861e-03
-2.85097467620558940e-03
-3.20370304372976852e-03
-3.05797108885848311e-03
-3.42476064413007198e-03
-3.56427110897869145e-03
-3.93186667834928040e-03
-3.79701163434743123e-03
-4.17387702409178531e-03
-3.26329426736029788e-03
-3.64370571147690182e-03
-3.46588054813204384e-03
-3.85955530462941216e-03
-4.02713644387088423e-03
-4.41270554927081227e-03
-4.25379458208869320e-03
-4.64768440678544822e-03
-4.30532262927092561e-03
-4.68312581667047756e-03
-4.55420076148900684e-03
-4.93652593494083459e-03
-5.06343399776205527e-03
-5.44410044692782320e-03
-5.31910998700702714e-03
-5.69994669542958285e-03
-4.79927065852423645e-03
-5.18543532228240081e-03
-5.04009737831712101e-03
-5.42969924927749412e-03
-5.56956244491412997e-03
-5.94979352830628250e-03
-5.81496055787358510e-03
-6.19417310323049520e-03
-4.05860698075702028e-04
-8.11917215667999409e-04
-4.31520911057879002e-04
-8.62907940346347119e-04
-1.21833949622523335e-03
-1.62524634332374758e-03
-1.29400792317764459e-03
-1.72462959988032433e-03
-4.56305683922113878e-04
-9.12170701797163910e-04
-4.80031942296181200e-04
-9.59347884580404519e-04
-1.36714119217027892e-03
-1.82073724318107619e-03
-1.43722401757356627e-03
-1.91292113866154117e-03
-2.03268136801415880e-03
-2.44059071973407472e-03
-2.15452573511885643e-03
-2.58337660871091465e-03
-2.84880313421982364e-03
-3.25701278119423744e-03
-3.01077528798157851e-03
-3.43621505261705335e-03
-2.27244071088546174e-03
-2.72168402896734007e-03
-2.38567751321576947e-03
-2.85470239157974625e-03
-3.16784030605527390e-03
-3.61021497846234201e-03
-3.31917037740140719e-03
-3.77821682402422953e-03
-5.02526020074021431e-04
-1.00410041903680716e-03
-5.23624159233684059e-04
-1.04610855364615585e-03
-1.50376826157283278e-03
-2.00056811331120622e-03
-1.56631352995292568e-03
-2.08309971469792122e-03
-5.43172909514308129e-04
-1.08507241902815361e-03
-5.61029453792332702e-04
-1.12071244321145761e-03
-1.62442743535773913e-03
-2.15997148986673236e-03
-1.67770563713299267e-03
-2.23067196577390187e-03
-2.49352911174236360e-03
-2.98166841350273534e-03
-2.59532829468418639e-03
-3.10186146221497466e-03
-3.46398913006585457e-03
-3.93947885275382735e-03
-3.60156307382305564e-03
-4.09329956597824941e-03
-2.69044507764275211e-03
-3.21459802789356500e-03
-2.77828373843328489e-03
-3.31922574560814757e-03
-3.73119191422316030e-03
-4.23900251200191348e-03
-3.85219834009786289e-03
-4.37592049156566854e-03
-3.66476533337910075e-03
-4.07144760790570034e-03
-3.85907929574800818e-03
-4.27863417062733595e-03
-4.47628105300339803e-03
-4.87831926862820724e-03
-4.69402419195037723e-03
-5.10427093590263507e-03
-4.04803925184351980e-03
-4.48046552575913706e-03
-4.23093441272613582e-03
-4.67637104021052970e-03
-4.90656495130408800e-03
-5.32532722475855327e-03
-5.11352911348477487e-03
-5.54136631874033777e-03
-5.27644966127643108e-03
-5.66939924252884194e-03
-5.50827491481948976e-03
-5.90482063238500620e-03
-6.05574448985686953e-03
-6.43392509886394313e-03
-6.29258475509974959e-03
-6.67014726683153557e-03
-5.73566267066303107e-03
-6.13640661689389671e-03
-5.95879789776197679e-03
-6.36470043146084713e-03
-6.52632601331811901e-03
-6.90412819554612946e-03
-6.75791709608398322e-03
-7.13726432424237247e-03
-4.40710885453889610e-03
-4.86583404063277176e-03
-4.57594116499372358e-03
-5.04836342114016543e-03
-5.31459370270026803e-03
-5.75231311305503777e-03
-5.50944908898045021e-03
-5.95809036733065817e-03
-4.73682230829927057e-03
-5.22346306784232575e-03
-4.88913280885231935e-03
-5.39060052414176705e-03
-5.69775845624483340e-03
-6.15856671936800774e-03
-5.87911643286832212e-03
-6.35350378303540728e-03
-6.17790597580265746e-03
-6.59027773201222196e-03
-6.39319150322689798e-03
-6.81367175502720513e-03
-6.98832969605743103e-03
-7.37096398070340511e-03
-7.21846870051129005e-03
-7.60654186675886052e-03
-6.60477341518178867e-03
-7.03529419195048251e-03
-6.81261910739497031e-03
-7.25535499172349878e-03
-7.44907760402815401e-03
-7.84510795407558116e-03
-7.68064277223225785e-03
-8.08745515497341985e-03
-4.73325700532251613e-03
-5.10592711693540723e-03
-5.01610882397491090e-03
-5.39189665616227661e-03
-5.47644059571536328e-03
-5.84101038677723762e-03
-5.76428779796582177e-03
-6.12964792930848629e-03
-5.29231414148024874e-03
-5.66918986437369744e-03
-5.56126145522686452e-03
-5.93741386563826929e-03
-6.04134446279803831e-03
-6.40533148465519987e-03
-6.30745209713369070e-03
-6.66814790836201682e-03
-6.19570682350931677e-03
-6.53653314777781751e-03
-6.48421126401688749e-03
-6.82415208649084747e-03
-6.85950315897923373e-03
-7.16071933243893344e-03
-7.14565829308635297e-03
-7.44500536860434863e-03
-6.75758590470338510e-03
-7.09449090331493691e-03
-7.01616886957565945e-03
-7.34813971769019986e-03
-7.41244650305258879e-03
-7.70793860055222265e-03
-7.66070540273285343e-03
-7.95059448504695232e-03
-5.82270576462445497e-03
-6.19659622706810603e-03
-6.07679448339533586e-03
-6.44721048262638860e-03
-6.56292788032613542e-03
-6.91871545647558105e-03
-6.80858964677172156e-03
-7.15820810158024345e-03
-6.32407334799395520e-03
-6.69017956492931089e-03
-6.56547094681398258e-03
-6.92685552384028364e-03
-7.04575666772521390e-03
-7.38835354475129297e-03
-7.27622435789952032e-03
-7.61140279225624473e-03
-7.26088508340846667e-03
-7.58632967597309710e-03
-7.49326982487185864e-03
-7.81095567541864599e-03
-7.89196583625994229e-03
-8.17479105626668645e-03
-8.10847373710537993e-03
-8.38310991430321444e-03
-7.71546390508325367e-03
-8.02456870376097760e-03
-7.93017808413880830e-03
-8.23033515525136566e-03
-8.31317968147234423e-03
-8.57888310263553097e-03
-8.50969325388421620e-03
-8.76614276219187319e-03
-7.43644973581391016e-03
-7.68320209644530495e-03
-7.71862921710233293e-03
-7.96319628923574697e-03
-7.89779343251077910e-03
-8.07741375504563569e-03
-8.17566950500709516e-03
-8.35336855992467944e-03
-7.97760692081533364e-03
-8.21831044245545025e-03
-8.21468153313085689e-03
-8.45004719166767698e-03
-8.42718889525995510e-03
-8.60171901448301621e-03
-8.65403463773365550e-03
-8.82430121931590886e-03
-8.21968247440306790e-03
-8.32269630077488339e-03
-8.49402332222310222e-03
-8.59581917639499690e-03
-8.38506761062132386e-03
-8.40595245532011620e-03
-8.65743334063278150e-03
-8.67806137915704337e-03
-8.73976434777225947e-03
-8.83961754815789508e-03
-8.95886417247054347e-03
-9.05613943951404272e-03
-8.90003424711538309e-03
-8.92025778188733007e-03
-9.11497275783501593e-03
-9.13466235406001914e-03
-8.43194000766989311e-03
-8.66073872117186991e-03
-8.63227770692851296e-03
-8.85356610933271150e-03
-8.85875550150444155e-03
-9.02384749272324739e-03
-9.04478461564810210e-03
-9.20400437467232442e-03
-8.81938276947604946e-03
-9.03254140322304507e-03
-8.99768137692602207e-03
-9.20244890327162786e-03
-9.21641951670100490e-03
-9.36931095465471167e-03
-9.37875992920271517e-03
-9.52513369134983662e-03
-9.15420190042518997e-03
-9.24837099099328971e-03
-9.32959461849959017e-03
-9.42025358915769308e-03
-9.30530012046072372e-03
-9.32434819422926255e-03
-9.47503330432067706e-03
-9.49335763421838008e-03
-9.48977434798932776e-03
-9.57665981423536442e-03
-9.64032050181754495e-03
-9.72332417744672245e-03
-9.62913033709658986e-03
-9.64667737073947318e-03
-9.77341999713243932e-03
-9.79016780716603086e-03
-6.80226137037370695e-03
-7.15897489546799166e-03
-7.03600540712597151e-03
-7.38859013202815360e-03
-7.50221212847024255e-03
-7.83007037354447287e-03
-7.72628477980144730e-03
-8.04744557434505618e-03
-7.26847164726356684e-03
-7.61797856965449466e-03
-7.50153977084712636e-03
-7.84953145404721636e-03
-7.95124902550436823e-03
-8.26687638958355925e-03
-8.18002791397437999e-03
-8.49182920812206754e-03
-8.14062565643459274e-03
-8.43196191008555723e-03
-8.35042355738582244e-03
-8.63358750756459264e-03
-8.70220087238805610e-03
-8.94953207674707013e-03
-8.89534738106579140e-03
-9.13417779496848367e-03
-8.56346380664113789e-03
-8.83964133444912689e-03
-8.78375854202798241e-03
-9.05467431804827735e-03
-9.09408343234844457e-03
-9.32552644603243039e-03
-9.30348237374792331e-03
-9.52914817503139333e-03
-7.73708914975704265e-03
-8.08562651955449692e-03
-7.97687664989039577e-03
-8.32848848463585943e-03
-8.41551701461379885e-03
-8.72572846878750044e-03
-8.66042721634024439e-03
-8.97178162157751501e-03
-8.22240814815844261e-03
-8.58004254801141876e-03
-8.47480874996030253e-03
-8.84176651261262513e-03
-8.91711980280984057e-03
-9.23279564112110783e-03
-9.18744008507891424e-03
-9.51099202998022253e-03
-9.01526325150636514e-03
-9.28316608948463046e-03
-9.26168401817351397e-03
-9.52931490125975486e-03
-9.52853194775299395e-03
-9.75051383024933861e-03
-9.77390753908099000e-03
-9.99475246073702923e-03
-9.52627560235497911e-03
-9.79681768603293465e-03
-9.81163794916683173e-03
-1.00886484801897408e-02
-1.00437348965771531e-02
-1.02663976610960633e-02
-1.03413511633675681e-02
-1.05691321725696792e-02
-9.17224231197051945e-03
-9.36874393720212896e-03
-9.34864107132292801e-03
-9.53740936714885489e-03
-9.53760146009571125e-03
-9.67755582166054083e-03
-9.69928543296884153e-03
-9.83322156975639794e-03
-9.53278573708002570e-03
-9.71477211106722312e-03
-9.73070872775654364e-03
-9.90728397523511078e-03
-9.87050721083860758e-03
-9.99913756144052424e-03
-1.00580874576590134e-02
-1.01824360229251284e-02
-9.78754587843942876e-03
-9.86672663090162536e-03
-9.93833639070358828e-03
-1.00139290392229907e-02
-9.91448381488505871e-03
-9.93044454914215197e-03
-1.00594905671187139e-02
-1.00747122357618644e-02
-1.00999469798694844e-02
-1.01723670956141137e-02
-1.02797583962669983e-02
-1.03496024381674549e-02
-1.02159857662566383e-02
-1.02305532153278596e-02
-1.03916409457465702e-02
-1.04056758816465887e-02
-9.94833035951433325e-03
-1.01212729973226469e-02
-1.01912017678866419e-02
-1.03626732036880762e-02
-1.02687127732984853e-02
-1.03901063966026098e-02
-1.05086539148808982e-02
-1.06287038468742476e-02
-1.04642360978307227e-02
-1.06367421135238199e-02
-1.07714379031477771e-02
-1.09477764108279023e-02
-1.07834713089748815e-02
-1.09040446734401872e-02
-1.10977186958178421e-02
-1.12208998268953086e-02
-1.04850016364674697e-02
-1.05530418704780620e-02
-1.07224587169134807e-02
-1.07896325167499921e-02
-1.05939697147677328e-02
-1.06076296673997175e-02
-1.08300195036079589e-02
-1.08434956464682382e-02
-1.09981500502916892e-02
-1.10655433584400491e-02
-1.13170199008076969e-02
-1.13858448329338981e-02
-1.11060495564202881e-02
-1.11195633386759699e-02
-1.14272069758287326e-02
-1.14410055629776165e-02
5.61029453792337906e-04
5.43172909514311273e-04
1.12071244321146650e-03
1.08507241902816576e-03
5.23624159233684601e-04
1.04610855364615694e-03
1.67770563713301414e-03
1.62442743535775799e-03
2.23067196577392962e-03
2.15997148986675101e-03
1.56631352995292286e-03
2.08309971469793596e-03
5.02526020074022081e-04
1.00410041903680326e-03
4.80031942296184669e-04
9.59347884580410482e-04
1.50376826157282801e-03
2.00056811331121576e-03
1.43722401757357516e-03
1.91292113866154074e-03
2.77828373843331828e-03
2.69044507764278247e-03
3.31922574560816926e-03
3.21459802789358408e-03
2.59532829468419723e-03
3.10186146221495167e-03
3.85219834009790842e-03
3.73119191422319934e-03
4.37592049156572405e-03
4.23900251200199068e-03
3.60156307382303699e-03
4.09329956597823987e-03
2.49352911174236620e-03
2.98166841350271973e-03
2.38567751321577251e-03
2.85470239157974495e-03
3.46398913006583506e-03
3.93947885275381868e-03
3.31917037740139158e-03
3.77821682402424124e-03
4.56305683922117130e-04
9.12170701797169548e-04
4.31520911057875966e-04
8.62907940346340939e-04
1.36714119217028500e-03
1.82073724318106232e-03
1.29400792317763439e-03
1.72462959988031045e-03
4.05860698075696065e-04
8.11917215667986832e-04
3.79516896337106740e-04
7.59573638664536119e-04
1.21833949622521774e-03
1.62524634332373652e-03
1.14067729479556197e-03
1.52327013655066006e-03
2.27244071088545958e-03
2.72168402896734787e-03
2.15452573511883821e-03
2.58337660871090641e-03
3.16784030605526045e-03
3.61021497846234808e-03
3.01077528798155292e-03
3.43621505261703470e-03
2.03268136801415100e-03
2.44059071973406951e-03
1.90769912608264704e-03
2.29418761731730366e-03
2.84880313421980412e-03
3.25701278119420665e-03
2.68280993516779387e-03
3.07346943239905504e-03
4.88913280885233410e-03
4.73682230829936511e-03
5.39060052414175490e-03
5.22346306784240294e-03
4.57594116499372358e-03
5.04836342114018885e-03
5.87911643286830477e-03
5.69775845624492447e-03
6.35350378303539253e-03
6.15856671936813004e-03
5.50944908898045715e-03
5.95809036733073363e-03
4.40710885453888656e-03
4.86583404063275181e-03
4.23093441272616184e-03
4.67637104021054531e-03
5.31459370270027064e-03
5.75231311305507940e-03
5.11352911348480783e-03
5.54136631874033083e-03
6.81261910739492001e-03
6.60477341518185372e-03
7.25535499172350832e-03
7.03529419195047124e-03
6.39319150322689017e-03
6.81367175502707936e-03
7.68064277223238535e-03
7.44907760402819911e-03
8.08745515497353781e-03
7.84510795407566096e-03
7.21846870051118163e-03
7.60654186675880934e-03
6.17790597580260975e-03
6.59027773201213002e-03
5.95879789776201148e-03
6.36470043146086795e-03
6.98832969605737118e-03
7.37096398070334093e-03
6.75791709608400317e-03
7.13726432424239415e-03
4.04803925184353021e-03
4.48046552575913273e-03
3.85907929574799951e-03
4.27863417062730039e-03
4.90656495130408106e-03
5.32532722475853593e-03
4.69402419195030611e-03
5.10427093590258129e-03
3.66476533337908384e-03
4.07144760790568647e-03
3.46588054813208243e-03
3.85955530462946074e-03
4.47628105300335727e-03
4.87831926862813698e-03
4.25379458208874697e-03
4.64768440678547511e-03
5.73566267066300851e-03
6.13640661689385941e-03
5.50827491481937093e-03
5.90482063238493334e-03
6.52632601331816151e-03
6.90412819554617977e-03
6.29258475509976087e-03
6.67014726683152776e-03
5.27644966127632786e-03
5.66939924252877342e-03
5.04009737831713923e-03
5.42969924927753402e-03
6.05574448985685219e-03
6.43392509886394834e-03
5.81496055787360765e-03
6.19417310323047785e-03
3.52689334525381135e-04
7.06268407847577022e-04
3.25584808248784814e-04
6.52406955035817154e-04
1.06158716258447790e-03
1.41941685993624608e-03
9.81657034324224815e-04
1.31443321089097487e-03
2.98415811873455842e-04
5.98406547906650500e-04
2.71398962230628895e-04
5.44693247763073903e-04
9.01493683550439948e-04
1.20909300047218008e-03
8.21718432561240877e-04
1.10419193635909814e-03
1.78041299648863563e-03
2.14508087491333075e-03
1.65169763258327454e-03
1.99423593072327494e-03
2.51374462261508107e-03
2.88652037726393890e-03
2.34262073274653197e-03
2.69718002384670280e-03
1.52246472258237703e-03
1.84266715886137900e-03
1.39365726157854525e-03
1.69143213188687911e-03
2.17051490243734546e-03
2.50654253629110924e-03
1.99856169748352953e-03
2.31577786409406516e-03
2.44753062802094857e-04
4.91698120460022647e-04
2.18696759308889549e-04
4.39852604620453872e-04
7.42961673310285880e-04
1.00054069387994771e-03
6.65856061077786210e-04
8.98956101281595107e-04
1.93445744567976137e-04
3.89582956477333938e-04
1.69209483386007680e-04
3.41303717498683996e-04
5.91028268855736888e-04
8.00250306261692185e-04
5.19089233120984569e-04
7.05217852374452983e-04
1.26624148431906812e-03
1.54162279126425429e-03
1.14119625789246056e-03
1.39435330822710647e-03
1.82794445236843196e-03
2.12612272857151414e-03
1.65988189928693766e-03
1.93886635266517031e-03
1.01949979401870072e-03
1.25074450379598586e-03
9.02113624886272678e-04
1.11190480817835446e-03
1.49561048301525895e-03
1.75533087925462163e-03
1.33636240215002878e-03
1.57684660528535506e-03
3.26329426736033735e-03
3.64370571147695646e-03
3.05797108885846099e-03
3.42476064413007285e-03
4.02713644387094408e-03
4.41270554927086778e-03
3.79701163434742733e-03
4.17387702409176276e-03
2.85097467620555947e-03
3.20370304372975768e-03
2.64346566955235259e-03
2.98163747864892224e-03
3.56427110897868061e-03
3.93186667834925438e-03
3.32991559693703292e-03
3.68752372109486595e-03
4.79927065852429630e-03
5.18543532228246153e-03
4.55420076148896867e-03
4.93652593494082591e-03
5.56956244491419242e-03
5.94979352830629464e-03
5.31910998700708439e-03
5.69994669542965311e-03
4.30532262927087878e-03
4.68312581667043072e-03
4.05328745121119344e-03
4.42564389315452337e-03
5.06343399776204833e-03
5.44410044692787438e-03
4.80266018127503778e-03
5.18206055735989830e-03
2.43669333094216015e-03
2.75978298373658970e-03
2.23198073285764973e-03
2.53945808303003692e-03
3.09509017981867123e-03
3.44187558478149108e-03
2.86106953315574345e-03
3.19611377094759352e-03
2.03070350593573560e-03
2.32205810578889338e-03
1.83426238828163939e-03
2.10902518288911276e-03
2.62923405800273699e-03
2.95156904814106516e-03
2.40103746415961565e-03
2.70967676777905545e-03
3.79896233633301040e-03
4.16474627029960430e-03
3.54341714080671577e-03
3.90134440498131081e-03
4.53721588862256772e-03
4.91398167265289648e-03
4.26781996926945458e-03
4.64035914793614526e-03
3.28789898176032108e-03
3.63656917834513259e-03
3.03379543582498043e-03
3.37173212952693530e-03
3.99545663698655778e-03
4.36200292446912823e-03
3.72133489192702678e-03
4.07999529228235402e-03
8.47480874996043090e-03
8.22240814815855363e-03
8.84176651261270666e-03
8.58004254801154193e-03
7.97687664989036281e-03
8.32848848463586811e-03
9.18744008507901659e-03
8.91711980280996547e-03
9.51099202998035090e-03
9.23279564112123446e-03
8.66042721634024265e-03
8.97178162157749245e-03
7.73708914975698801e-03
8.08562651955442233e-03
7.50153977084709860e-03
7.84953145404712616e-03
8.41551701461373987e-03
8.72572846878746575e-03
8.18002791397428458e-03
8.49182920812201550e-03
9.81163794916697571e-03
9.52627560235510575e-03
1.00886484801898588e-02
9.79681768603306129e-03
9.26168401817350356e-03
9.52931490125976700e-03
1.03413511633676913e-02
1.00437348965772763e-02
1.05691321725698284e-02
1.02663976610961848e-02
9.77390753908096918e-03
9.99475246073699801e-03
9.01526325150630095e-03
9.28316608948456801e-03
8.78375854202786098e-03
9.05467431804818368e-03
9.52853194775297313e-03
9.75051383024931606e-03
9.30348237374801178e-03
9.52914817503141415e-03
7.26847164726353995e-03
7.61797856965444782e-03
7.03600540712594896e-03
7.38859013202813886e-03
7.95124902550431098e-03
8.26687638958352455e-03
7.72628477980141521e-03
8.04744557434503363e-03
6.80226137037369914e-03
7.15897489546801422e-03
6.56547094681395049e-03
6.92685552384029665e-03
7.50221212847024688e-03
7.83007037354445726e-03
7.27622435789958538e-03
7.61140279225630371e-03
8.56346380664109799e-03
8.83964133444907485e-03
8.35042355738580162e-03
8.63358750756456662e-03
9.09408343234843417e-03
9.32552644603242865e-03
8.89534738106575323e-03
9.13417779496845765e-03
8.14062565643459968e-03
8.43196191008555376e-03
7.93017808413892106e-03
8.23033515525133964e-03
8.70220087238802661e-03
8.94953207674702329e-03
8.50969325388408609e-03
8.76614276219181594e-03
1.07714379031479228e-02
1.04642360978308598e-02
1.09477764108279942e-02
1.06367421135239552e-02
1.01912017678865915e-02
1.03626732036880744e-02
1.10977186958179010e-02
1.07834713089749370e-02
1.12208998268953104e-02
1.09040446734403104e-02
1.05086539148808271e-02
1.06287038468742285e-02
9.94833035951428815e-03
1.01212729973226175e-02
9.73070872775652976e-03
9.90728397523510905e-03
1.02687127732983552e-02
1.03901063966024658e-02
1.00580874576588989e-02
1.01824360229249983e-02
1.13170199008076379e-02
1.09981500502919043e-02
1.13858448329338304e-02
1.10655433584401879e-02
1.07224587169136212e-02
1.07896325167501084e-02
1.14272069758286649e-02
1.11060495564203280e-02
1.14410055629776217e-02
1.11195633386759734e-02
1.08300195036080040e-02
1.08434956464683024e-02
1.04850016364675235e-02
1.05530418704781245e-02
1.02797583962670590e-02
1.03496024381675329e-02
1.05939697147677640e-02
1.06076296673997747e-02
1.03916409457466673e-02
1.04056758816466477e-02
9.53278573708000315e-03
9.71477211106719016e-03
9.34864107132289332e-03
9.53740936714879937e-03
9.87050721083847227e-03
9.99913756144038546e-03
9.69928543296871490e-03
9.83322156975628692e-03
9.17224231197047955e-03
9.36874393720210467e-03
8.99768137692603942e-03
9.20244890327169551e-03
9.53760146009563665e-03
9.67755582166047318e-03
9.37875992920282099e-03
9.52513369134990254e-03
1.00999469798694584e-02
1.01723670956141883e-02
9.93833639070360909e-03
1.00139290392230601e-02
1.02159857662568014e-02
1.02305532153279845e-02
1.00594905671187364e-02
1.00747122357618454e-02
9.78754587843943397e-03
9.86672663090156637e-03
9.64032050181763689e-03
9.72332417744683521e-03
9.91448381488501881e-03
9.93044454914214156e-03
9.77341999713255034e-03
9.79016780716611759e-03
6.32407334799396821e-03
6.69017956492934558e-03
6.07679448339539137e-03
6.44721048262646666e-03
7.04575666772526595e-03
7.38835354475133720e-03
6.80858964677182824e-03
7.15820810158029029e-03
5.82270576462451481e-03
6.19659622706825348e-03
5.56126145522686105e-03
5.93741386563836210e-03
6.56292788032625338e-03
6.91871545647560100e-03
6.30745209713383121e-03
6.66814790836211136e-03
7.71546390508322938e-03
8.02456870376089433e-03
7.49326982487179532e-03
7.81095567541861130e-03
8.31317968147229913e-03
8.57888310263551536e-03
8.10847373710547881e-03
8.38310991430330117e-03
7.26088508340835912e-03
7.58632967597303899e-03
7.01616886957564124e-03
7.34813971769018078e-03
7.89196583626001341e-03
8.17479105626673849e-03
7.66070540273286818e-03
7.95059448504694885e-03
5.29231414148019844e-03
5.66918986437368704e-03
5.01610882397491437e-03
5.39189665616225493e-03
6.04134446279815628e-03
6.40533148465530569e-03
5.76428779796584519e-03
6.12964792930847067e-03
4.73325700532252047e-03
5.10592711693540896e-03
4.44469294305247647e-03
4.81204945459610088e-03
5.47644059571539277e-03
5.84101038677718818e-03
5.17839068715122367e-03
5.53981597874239097e-03
6.75758590470336255e-03
7.09449090331489788e-03
6.48421126401680422e-03
6.82415208649073297e-03
7.41244650305255583e-03
7.70793860055216367e-03
7.14565829308625410e-03
7.44500536860428531e-03
6.19570682350928294e-03
6.53653314777778369e-03
5.89227287526730269e-03
6.23163576846928313e-03
6.85950315897913485e-03
7.16071933243887879e-03
6.55378676140771013e-03
6.85469703127032128e-03
8.81938276947608242e-03
9.03254140322309711e-03
8.63227770692857194e-03
8.85356610933277569e-03
9.21641951670110378e-03
9.36931095465478279e-03
9.04478461564817496e-03
9.20400437467238687e-03
8.43194000766990526e-03
8.66073872117187338e-03
8.21468153313085862e-03
8.45004719166765617e-03
8.85875550150444675e-03
9.02384749272325259e-03
8.65403463773359825e-03
8.82430121931589151e-03
9.48977434798943531e-03
9.57665981423550666e-03
9.32959461849963874e-03
9.42025358915769308e-03
9.62913033709671996e-03
9.64667737073954430e-03
9.47503330432069614e-03
9.49335763421842692e-03
9.15420190042518477e-03
9.24837099099326022e-03
8.95886417247052265e-03
9.05613943951404446e-03
9.30530012046071331e-03
9.32434819422926948e-03
9.11497275783502460e-03
9.13466235406002434e-03
7.97760692081534405e-03
8.21831044245544505e-03
7.71862921710224966e-03
7.96319628923565677e-03
8.42718889525992561e-03
8.60171901448301968e-03
8.17566950500701189e-03
8.35336855992458924e-03
7.43644973581384251e-03
7.68320209644523036e-03
7.13050694700342706e-03
7.37760322454627387e-03
7.89779343251069237e-03
8.07741375504553855e-03
7.59269146489557813e-03
7.77286251845055523e-03
8.73976434777230457e-03
8.83961754815794712e-03
8.49402332222301028e-03
8.59581917639491884e-03
8.90003424711543166e-03
8.92025778188734741e-03
8.65743334063267742e-03
8.67806137915695490e-03
8.21968247440288749e-03
8.32269630077468216e-03
7.91565125097497962e-03
8.01908644920790517e-03
8.38506761062113998e-03
8.40595245531998089e-03
8.08173079414617815e-03
8.10271004319663979e-03
1.46187448420019475e-04
2.95410191885379621e-04
1.24564886375321199e-04
2.52269978050567245e-04
4.50622884580337063e-04
6.14620680579942955e-04
3.86173443341564161e-04
5.29171186323138822e-04
1.04508171093257410e-04
2.12213672174842394e-04
8.61598455573493846e-05
1.75524951977154559e-04
3.26231468000710303e-04
4.49513607506601249e-04
2.71218980959325208e-04
3.76204191680991709e-04
7.89963899174691599e-04
9.78907881258106634e-04
6.83920199769868478e-04
8.52767191101483639e-04
1.18333959063752895e-03
1.40472236777632303e-03
1.03768405975119367e-03
1.24021165573818615e-03
5.84772263151369623e-04
7.34408057614448348e-04
4.93205190096323047e-04
6.24637910708147827e-04
9.00445260586893795e-04
1.08447528937519471e-03
7.72545397143903291e-04
9.38541800413032496e-04
6.96335068834003676e-05
1.42430351522548053e-04
5.50087436218084570e-05
1.13089146629341618e-04
2.21474142855555091e-04
3.09690785180702735e-04
1.77236107685430067e-04
2.50292690382843553e-04
4.23263880792338969e-05
8.75838751784989715e-05
3.15843910808123819e-05
6.59121040196934005e-05
1.38630842302733955e-04
1.98181830880912729e-04
1.05658820029193634e-04
1.53366423135983522e-04
4.09773970312772128e-04
5.24115777499258788e-04
3.34878385084063095e-04
4.33322284421735386e-04
6.54743910114974760e-04
8.03266954227710482e-04
5.47602643389474082e-04
6.79294156508614870e-04
2.68739579501442644e-04
3.52531712310782085e-04
2.11379779676515716e-04
2.81787842107510112e-04
4.51453471586974917e-04
5.67017755947789022e-04
3.66370371658458326e-04
4.66551452531851563e-04
1.64405006657124286e-03
1.90181160114111670e-03
1.46141306955849151e-03
1.70183749670104996e-03
2.17796670366273912e-03
2.47193345092873006e-03
1.96149549062712980e-03
2.23984617088879897e-03
1.28760976690660235e-03
1.51044418338408537e-03
1.12376583548393734e-03
1.32884473165502393e-03
1.75303297777817425e-03
2.01487660754241793e-03
1.55386948454876769e-03
1.79838197235892400e-03
2.78258786178909494e-03
3.10827560550743648e-03
2.53579669355868910e-03
2.84771402491662811e-03
3.44683559798977020e-03
3.79563500452621090e-03
3.17344879215602496e-03
3.51037072251773712e-03
2.29492091476546541e-03
2.59156883005827411e-03
2.06137424153790723e-03
2.34130000299859588e-03
2.90270418760081670e-03
3.22572716173840941e-03
2.63609811484149300e-03
2.94322756734324321e-03
9.70828870154931151e-04
1.15807372787880489e-03
8.29524117209991816e-04
9.98938431944159039e-04
1.36512147498984060e-03
1.59155528649922813e-03
1.18767824779910736e-03
1.39536772218945147e-03
7.00313567241783643e-04
8.51973786829854319e-04
5.83360823103088941e-04
7.17403880074062809e-04
1.02215299964234256e-03
1.21051586647324440e-03
8.68841023462246982e-04
1.03737680773251109e-03
1.83642079457849768e-03
2.09823723849312735e-03
1.62111322146956793e-03
1.86351398734880885e-03
2.37502031627616697e-03
2.66431626564149569e-03
2.12068406111931996e-03
2.39028501133454595e-03
1.41623631616693440e-03
1.63800759461793012e-03
1.22225915168797496e-03
1.42228864153417633e-03
1.87406297192337827e-03
2.12220667770227512e-03
1.63583774254200684e-03
1.86087951970115534e-03
2.27346546766261900e-05
4.79801085363760856e-05
1.56811615336375651e-05
3.35991361224523074e-05
7.81855752071282774e-05
1.15678447775701825e-04
5.59361101311439381e-05
8.47662139981993502e-05
1.02797110507501562e-05
2.24848668932854651e-05
6.33950724365893673e-06
1.42605553889420140e-05
3.84940576077105612e-05
6.00931905799552955e-05
2.53063090805874362e-05
4.09440211548719551e-05
1.62606735663182967e-04
2.20885436731485540e-04
1.22004461952353533e-04
1.69359180826067420e-04
2.92148022679819769e-04
3.77704104935541133e-04
2.28288972474719371e-04
2.99965156028143658e-04
8.89316937220359854e-05
1.26481710339248127e-04
6.25291602758940891e-05
9.12719881912682626e-05
1.74001181238520627e-04
2.32501625405741113e-04
1.28207319940049498e-04
1.74168131348860652e-04
3.62674216599601831e-06
8.46413588498041282e-06
1.87018655444600354e-06
4.55931209542479555e-06
1.56935200615846243e-05
2.64382503159396679e-05
8.86651762856012313e-06
1.55517817519907078e-05
7.68647763118353666e-07
1.95035179118027035e-06
3.94819175509819696e-06
7.14551259467745798e-06
4.17362984563121223e-05
6.25147226270557734e-05
2.53174139413033451e-05
3.87908111122823874e-05
8.95665681500463942e-05
1.23530706388930752e-04
5.65088556456993623e-05
7.89042974779006318e-05
1.18965985605098872e-05
1.85179837894804548e-05
2.72805899715329949e-05
3.84028637374292861e-05
4.78504214246890667e-04
5.95112472946571843e-04
3.85240517400936133e-04
4.84625056741746043e-04
7.27687767714348122e-04
8.75973846329323189e-04
5.98269272770169530e-04
7.25955359518228472e-04
3.02721328721334757e-04
3.85104532937950272e-04
2.29763594751045168e-04
2.95362027863790616e-04
4.79787087050408026e-04
5.86588883062561959e-04
3.71079134238192789e-04
4.56771798963216788e-04
1.03929856835921356e-03
1.21658234117549228e-03
8.67096519399735061e-04
1.02074442049083797e-03
1.40635557340887027e-03
1.60678478228365711e-03
1.18560464923010461e-03
1.36005983626195730e-03
7.05013251032344320e-04
8.34253337340321336e-04
5.52037582840628747e-04
6.56219934662448986e-04
9.73205338646805683e-04
1.12048831525752082e-03
7.68419017190992665e-04
8.87507920649792566e-04
1.64875055276947553e-04
2.13883551839619084e-04
1.06294419852409413e-04
1.38872238822308861e-04
2.70647165700523668e-04
3.35059154942712542e-04
1.76700431662609342e-04
2.19708130185459517e-04
5.20450647265415235e-05
6.83048303494336904e-05
8.72141155821378096e-05
1.08737576316912703e-04
4.06814673707041677e-04
4.85414746533629766e-04
2.67690652829814248e-04
3.20312185666205506e-04
5.70174529736911136e-04
6.60235687099467719e-04
3.77111358496143756e-04
4.37509599419752320e-04
1.32772433493266181e-04
1.59149823120906454e-04
1.87637605078217775e-04
2.17944571923817224e-04
4.15161491971655344e-03
4.51134576300070769e-03
3.85541493041383684e-03
4.20513807622215335e-03
4.87109121671649992e-03
5.22687934743706808e-03
4.55578320562414173e-03
4.90335188927526130e-03
3.55760058301934868e-03
3.89490615507147135e-03
3.25971323609307740e-03
3.58220143514836626e-03
4.23390937834738044e-03
4.57063179719135494e-03
3.90702408897020733e-03
4.23027015430785854e-03
5.57457939453487143e-03
5.90998258587624014e-03
5.24368212333371254e-03
5.57253032538365667e-03
6.22888525195475651e-03
6.52717245855030312e-03
5.88565567029904028e-03
6.17890495855977998e-03
4.90092902699881469e-03
5.22057289191690463e-03
4.54786276519033184e-03
4.85564044917861839e-03
5.52533591330305225e-03
5.81107633697836457e-03
5.14944067374162144e-03
5.42518392997658281e-03
2.96324645776451304e-03
3.26856155914101833e-03
2.66956877599114524e-03
2.95542971054745408e-03
3.57670410872237832e-03
3.88387817441833731e-03
3.24446473301803371e-03
3.53304028124779056e-03
2.37985441253332460e-03
2.64408257547363171e-03
2.09502526133330085e-03
2.33557020629215645e-03
2.91168515820763169e-03
3.17923708964122729e-03
2.57954639930395042e-03
2.82378154400887097e-03
4.18612459882512604e-03
4.47940022201896541e-03
3.81736464910538333e-03
4.09356415096036493e-03
4.75965938209343530e-03
5.02293594370723136e-03
4.35776147996132408e-03
4.60615457713382370e-03
3.44316267431065857e-03
3.69980765686269211e-03
3.06496259270736503e-03
3.29970270852613171e-03
3.94551336548903866e-03
4.17669134128282726e-03
3.52461016193113263e-03
3.73635768082974246e-03
6.80090036526001095e-03
7.04637554326983072e-03
6.44829619657971091e-03
6.69009909501849971e-03
7.26022954996199520e-03
7.43948715899801164e-03
6.90091075626341442e-03
7.07772492487148200e-03
6.07382187431654286e-03
6.30985035867589854e-03
5.67895654802558648e-03
5.90709046471734299e-03
6.51576558405074502e-03
6.68856669567231138e-03
6.10623822863485145e-03
6.27344162957019485e-03
7.58162678019173690e-03
7.68463177086384057e-03
7.21799331253725023e-03
7.31967767912352404e-03
7.74703153582837357e-03
7.76793153247422232e-03
7.38129154978136269e-03
7.40193067090381095e-03
6.82570964040427920e-03
6.92515935517055807e-03
6.40619247597925753e-03
6.50248421263811827e-03
6.98543157063816460e-03
7.00562333065054849e-03
6.56085326758479130e-03
6.58040923834203942e-03
5.26542409233775321e-03
5.48355615747925934e-03
4.83509431621757715e-03
5.04115933372616641e-03
5.67407579113694306e-03
5.83410492728296363e-03
5.22122639441183721e-03
5.37253477784253603e-03
4.38989684902616091e-03
4.58189968816462116e-03
3.93175076284860668e-03
4.10779347997797945e-03
4.74975078017555574e-03
4.89084309895417707e-03
4.26175035917250589e-03
4.39120300654130373e-03
5.96120308130949125e-03
6.05341771305687587e-03
5.49274330007739741e-03
5.57997874269402280e-03
6.10932456915004758e-03
6.12805713598982282e-03
5.63287464624652717e-03
5.65059963262424560e-03
5.00296563226437178e-03
5.08434921210888530e-03
4.49410025562538024e-03
4.56880075950967090e-03
5.13370322682338460e-03
5.15024242400734852e-03
4.61410710913822634e-03
4.62929074267572245e-03
1.81570680342992420e-03
2.03067037583463559e-03
1.54219996660964580e-03
1.72985922937902016e-03
2.24898421436943701e-03
2.46777054129140817e-03
1.92065862014041775e-03
2.11205338408894773e-03
1.27447016482898660e-03
1.43329920360362080e-03
1.01215392061863169e-03
1.14084432771907997e-03
1.59494068056740537e-03
1.75721744270763459e-03
1.27191637674949455e-03
1.40359051514060544e-03
2.68402292930787099e-03
2.89466721480347283e-03
2.30138428275098979e-03
2.48593158366915059e-03
3.09662417268054312e-03
3.28687260541825517e-03
2.66297061296397099e-03
2.82982767622895308e-03
1.91785387923559055e-03
2.07452220118638751e-03
1.53400637665447159e-03
1.66126066774396073e-03
2.22489006176254016e-03
2.36666849325610669e-03
1.78344615219287283e-03
1.89869089547533795e-03
7.54582617888290182e-04
8.52062191573018626e-04
5.00822090953708049e-04
5.66271094310658268e-04
9.51406567469441898e-04
1.05125861049258943e-03
6.33001357023129816e-04
7.00097273823880673e-04
2.49725968579710752e-04
2.82590205290497644e-04
3.16106620349969553e-04
3.49814126275720453e-04
1.15019935773348126e-03
1.24677694589571267e-03
7.66601432560228197e-04
8.31534146749041614e-04
1.33953637770946343e-03
1.42704948697407034e-03
8.93913554824343022e-04
9.52775853658834482e-04
3.83230553897478748e-04
4.15862493622714559e-04
4.47215422282143437e-04
4.76803897674128968e-04
3.46251148925613055e-03
3.62081984006289853e-03
2.98393514461251907e-03
3.12288452036386683e-03
3.75931301003965771e-03
3.87579420287885879e-03
3.24447633919462165e-03
3.34676583460419372e-03
2.49765912900652438e-03
2.61579969378760747e-03
2.00519692423115591e-03
2.10127746848228630e-03
2.71920678294734590e-03
2.80621500874968840e-03
2.18539198445230707e-03
2.25617820344221464e-03
3.96840009769940799e-03
4.03563959878728337e-03
3.42810338036538377e-03
3.48716883970147254e-03
4.07642487614633380e-03
4.09009402790585716e-03
3.52299908087561325e-03
3.53500806612070837e-03
2.87541167042971047e-03
2.92566620078590044e-03
2.31248051613097520e-03
2.35337408052768704e-03
2.95615375461180489e-03
2.96637243048094527e-03
2.37818413389719345e-03
2.38650009232027789e-03
1.50794445726557284e-03
1.58093425868311333e-03
1.00719523082404500e-03
1.05630306635907793e-03
1.64484339009724834e-03
1.69863235070518066e-03
1.09930599040927528e-03
1.13550240763754897e-03
5.04161601356503154e-04
5.28851013411271655e-04
5.50472510763504608e-04
5.68672693001316047e-04
1.74141931350503976e-03
1.77249853352008137e-03
1.16429713226954526e-03
1.18521381829891329e-03
1.79135509393004550e-03
1.79767567218013088e-03
1.19790491686934245e-03
1.20215894613927114e-03
5.83151756250452195e-04
5.93669756146697567e-04
6.00051624878215895e-04
6.02190834120569442e-04
2.59192081859815904e-19
4.13955459433978021e-05
5.31936690875700613e-19
8.36037659944017435e-05
8.26048036700030753e-05
1.66817859366378499e-04
8.36868551887248735e-19
1.27415625761476055e-04
1.20956304867914088e-18
1.73579153695394315e-04
2.54204423099120092e-04
3.46244709291045169e-04
1.23442581975972298e-04
2.49255254258953611e-04
1.63725873749527654e-04
3.30534184859149476e-04
3.79744654637812385e-04
5.17091918684237095e-04
5.03424681149561380e-04
6.85233559800312161e-04
1.33831205666179454e-18
2.22779161700911873e-04
1.74827600313287590e-18
2.75618363851691279e-04
4.44293725476432682e-04
5.49543876295852064e-04
2.27004829864152491e-18
3.32600311705355219e-04
2.87991202066462115e-18
3.94114525296715727e-04
6.62991165725100346e-04
7.85405748396486472e-04
6.63293405254679227e-04
8.20105509359433764e-04
8.78556223450655720e-04
1.08567536378118999e-03
9.88994785875227291e-04
1.17109449233360283e-03
1.30849596725368406e-03
1.54848868747423899e-03
2.03274923371012930e-04
4.10280692532060082e-04
2.41914265061105689e-04
4.88131075785728434e-04
6.24647803114696800e-04
8.49808269902056291e-04
7.42836859806828790e-04
1.00998837766396051e-03
2.79473723350799207e-04
5.63734214427362131e-04
3.15789367553584433e-04
6.36753742335634471e-04
8.57438515740328562e-04
1.16498709042119563e-03
9.67927173002109428e-04
1.31406491209900503e-03
1.08890188691762677e-03
1.34468895432855100e-03
1.29320425593216224e-03
1.59566400548585277e-03
1.61947140787232742e-03
1.91502410417469966e-03
1.92001676541184857e-03
2.26830180202428934e-03
1.49040264785961496e-03
1.83721733463861753e-03
1.67951175286617203e-03
2.06807945969713931e-03
2.20837079472818634e-03
2.60612136700855927e-03
2.48293601421753236e-03
2.92650914250431118e-03
3.04254234653744682e-18
4.60424151239026533e-04
3.48977574268771740e-18
5.31656424517550812e-04
9.17307486490780621e-04
1.05894706004168036e-03
4.48588648865877460e-18
6.07796149704218280e-04
4.68917439599980668e-18
6.88682351774488910e-04
1.21029305795404378e-03
1.37102534720250557e-03
1.36716851971466994e-03
1.57758351983061846e-03
1.80664284707406737e-03
2.08343012300393022e-03
1.80228985996803742e-03
2.04081184382493876e-03
2.37877973723854422e-03
2.69206572510759506e-03
4.52654407012698101e-18
7.74008177887072768e-04
5.02798757490152681e-18
8.63324060883983568e-04
1.54053488135949199e-03
1.71792996975340278e-03
6.09863722023096244e-18
9.56044084411775174e-04
6.84402621381474674e-18
1.05145541998894008e-03
1.90204888820717181e-03
2.09147857449363574e-03
2.29224743657642418e-03
2.55527752549013351e-03
3.02210659121804294e-03
3.36717739388865071e-03
2.82818454035817669e-03
3.10888005460234051e-03
3.72503402900716896e-03
4.09294921909091145e-03
2.23253779491907299e-03
2.57257506912663466e-03
2.64188253731146259e-03
3.04139558748368899e-03
2.93504026130563716e-03
3.31916402002311586e-03
3.46671596645286607e-03
3.91693925811213445e-03
3.03197240306080822e-03
3.48661535995750324e-03
3.40040627899324335e-03
3.90535276582324202e-03
3.96989095861820761e-03
4.48076930604816501e-03
4.44114969047188727e-03
5.00665233811614131e-03
3.72350291310698245e-03
4.14595411909710054e-03
4.39038119279818069e-03
4.88459468528968863e-03
4.58378492680119442e-03
5.03367644297324744e-03
5.39640401230839263e-03
5.92195543496094184e-03
5.01734946794705431e-03
5.57687855567763277e-03
5.59976978744371450e-03
6.21748571933339843e-03
6.15578996756928343e-03
6.74976000818303373e-03
6.85590004687072763e-03
7.51029052254357371e-03
3.50704412969129185e-04
7.06870046921875849e-04
3.84070062517714395e-04
7.73782077473975354e-04
1.07380845829073467e-03
1.45653518994672102e-03
1.17462224506713342e-03
1.59176871357667726e-03
4.15746283571262433e-04
8.37208949044911327e-04
4.45602515884844033e-04
8.96891333230543123e-04
1.26994518370475429e-03
1.71919731708760639e-03
1.35939272550979402e-03
1.83831646332542793e-03
1.85962998131672733e-03
2.28710663886535527e-03
2.02994610987527547e-03
2.49329012951734173e-03
2.74229545851483944e-03
3.22774081913947911e-03
2.98522519744738981e-03
3.50835792665646958e-03
2.18974414418357088e-03
2.68576253815929443e-03
2.33840636861330949e-03
2.86380122132136187e-03
3.21070243244632632e-03
3.76717796181215685e-03
3.41790911721503521e-03
4.00329808343125731e-03
4.73518307713952980e-04
9.52592631939294448e-04
4.99383878400983731e-04
1.00409993495293955e-03
1.44262063954903931e-03
1.94868681766565679e-03
1.51932603396335263e-03
2.04993484616669162e-03
5.23100606901232695e-04
1.05122476657892373e-03
5.44581446869188282e-04
1.09380363087798285e-03
1.58924790546408458e-03
2.14175249865858125e-03
1.65216725164497196e-03
2.22389606048676702e-03
2.47541460619351899e-03
3.02682878495222178e-03
2.60034976265910607e-03
3.17441081453401783e-03
3.60623118472539177e-03
4.21609250223802402e-03
3.77525359298750557e-03
4.40520388234401372e-03
2.71288977598201910e-03
3.30625104688405357e-03
2.81280613520316610e-03
3.42218426489641165e-03
3.92475152315428007e-03
4.57052924691368767e-03
4.05467817140124382e-03
4.71220103676214721e-03
3.74511623695914170e-03
4.29515879160105672e-03
4.06438875917014639e-03
4.65404377900493181e-03
4.87762441400805581e-03
5.49126507335186229e-03
5.27702824872807938e-03
5.93200294948401964e-03
4.35687720121963589e-03
4.98049253747690455e-03
4.62160540541038754e-03
5.27346771252170700e-03
5.63767326063000906e-03
6.32700147945551399e-03
5.95847341886454260e-03
6.67513863013218921e-03
6.13382842447353360e-03
6.80207998941470462e-03
6.61658390902325130e-03
7.32736559411573986e-03
7.49184745689944996e-03
8.19808620277101031e-03
8.05996713375384602e-03
8.80910063879253823e-03
7.04599195872048292e-03
7.79111595606761173e-03
7.42090711758833059e-03
8.19217443716683050e-03
8.55784861470666042e-03
9.34073895585331090e-03
8.98433574678991244e-03
9.79185635957792629e-03
4.85796264938065554e-03
5.53240166447855133e-03
5.06569037719866236e-03
5.75717746206866939e-03
6.23893276678308753e-03
6.97601865430432910e-03
6.47911959610649162e-03
7.22993837598196777e-03
5.24486140325638225e-03
5.94809991923159545e-03
5.39585249537401050e-03
6.10585789163314244e-03
6.67962783179747166e-03
7.43783745600926863e-03
6.84152720697532753e-03
7.60123463260307594e-03
7.74106164002818110e-03
8.53042770341180118e-03
8.00702285715918470e-03
8.80675320815271778e-03
9.33949401404051208e-03
1.01627189737263195e-02
9.62454726489390955e-03
1.04549290540646780e-02
8.22013091080343004e-03
9.02294307356947718e-03
8.38241931528643965e-03
9.18160734308145349e-03
9.84178654679065956e-03
1.06713177409524657e-02
9.99445457562248007e-03
1.08158094698238786e-02
7.77915058758349431e-18
1.14873063955596476e-03
8.33480420098231534e-18
1.24694264448998917e-03
2.28457901935198021e-03
2.47951284000346621e-03
9.01243055878575561e-18
1.34508189510072632e-03
9.40545384631175097e-18
1.44207557448146947e-03
2.67427941026976467e-03
2.86675282207605499e-03
3.39494079264870225e-03
3.68365228628615617e-03
4.46775945882418955e-03
4.84592192997364279e-03
3.97205925618119085e-03
4.25702164812572816e-03
5.22358018150770841e-03
5.59663717967044498e-03
9.94755493255450318e-18
1.53680827835525613e-03
1.09504419421035948e-17
1.62814378914645638e-03
3.05472286946602669e-03
3.23593818007914978e-03
1.11401773222885581e-17
1.71494746864725217e-03
1.13841228110977966e-17
1.79610878985262410e-03
3.40815057177794442e-03
3.56915968478711430e-03
4.53527513012288996e-03
4.80349475874024528e-03
5.96083417182510268e-03
6.31183368057041359e-03
5.05836045340202472e-03
5.29662287696041657e-03
6.64530485370976205e-03
6.95700934308620452e-03
5.49178059918918344e-03
5.95378925963640886e-03
6.45678321395708188e-03
6.99588963050722275e-03
6.41501396803102406e-03
6.87047463993204800e-03
7.53383732079789328e-03
8.06485196346926926e-03
7.35378170949807855e-03
7.96225430364968026e-03
8.17519304397849693e-03
8.84449897263983077e-03
8.56908645596740973e-03
9.16781106701025292e-03
9.51156740933677136e-03
1.01693500441933839e-02
7.31499531136539302e-03
7.74330490013016258e-03
8.58293313339303365e-03
9.08197095617243287e-03
8.15014082579070681e-03
8.53035327054920030e-03
9.55586607003527239e-03
9.99865032793448121e-03
9.75170919957290931e-03
1.03139404867217573e-02
1.08105259240022199e-02
1.14276432625532009e-02
1.08476772341458572e-02
1.13462393475689850e-02
1.20132652643237491e-02
1.25601168421923381e-02
1.19262238973405488e-17
1.87056352510709344e-03
1.28206906896410899e-17
1.93731511471730163e-03
3.71685693291194403e-03
3.84926783129054852e-03
1.16551733542191727e-17
1.99545475748428083e-03
1.34441069388202550e-17
2.04417979182654717e-03
3.96459179240170843e-03
4.06123853596195451e-03
5.51516831085864002e-03
5.71108113369612255e-03
7.24288587222704679e-03
7.49913167946146889e-03
5.88170256258493430e-03
6.02468439626105846e-03
7.72227908910239937e-03
7.90926556700439695e-03
1.49890950346120988e-17
2.08280997270980216e-03
1.40404181336872824e-17
2.11080129468267479e-03
4.13786033073209811e-03
4.19337937555439716e-03
1.39048928621265944e-17
2.12775706396525679e-03
1.42843636224965209e-17
2.13343598160879895e-03
4.22700973122428630e-03
4.23827333180806006e-03
6.13803660575563265e-03
6.22016775023921838e-03
8.05749575607293649e-03
8.16489415910412117e-03
6.26991734957263805e-03
6.28657951779972718e-03
8.22994733696022843e-03
8.25173471519379323e-03
8.87900784733284057e-03
9.19148447386548828e-03
1.04046056543183000e-02
1.07683785085780810e-02
9.46357033152703253e-03
9.69154491371292809e-03
1.10850874998268609e-02
1.13504218434075689e-02
1.18032271954605743e-02
1.22126495592548619e-02
1.30612290875493191e-02
1.35100783968133131e-02
1.25690439268344323e-02
1.28675865479322606e-02
1.39007172709413353e-02
1.42278939816142761e-02
9.87225533745908143e-03
1.00031803006538980e-02
1.15607285452138959e-02
1.17130864413180838e-02
1.00824813106995658e-02
1.01090400837463359e-02
1.18053655023045989e-02
1.18362701280180106e-02
1.31041898888167117e-02
1.32755853934398062e-02
1.44871585355583928e-02
1.46749526617921920e-02
1.33793897733036106e-02
1.34141534018239958e-02
1.47886818891242063e-02
1.48267681655629563e-02
8.91496467280363837e-03
9.63596783698814421e-03
9.56866020298634268e-03
1.03318297201667499e-02
1.03540165307014348e-02
1.10616001516363471e-02
1.10912072423232314e-02
1.18389432424794681e-02
1.01335010231411657e-02
1.09291242706965573e-02
1.06083635758583983e-02
1.14267578734877466e-02
1.17200008671810262e-02
1.24980672189658575e-02
1.22393411140163284e-02
1.30379590507983065e-02
1.17509198894995576e-02
1.24140394346079173e-02
1.25668898423094179e-02
1.32667578240124717e-02
1.30430399466313404e-02
1.36301759694176412e-02
1.39302780742675929e-02
1.45493640088372855e-02
1.32549567046898378e-02
1.39821603675202594e-02
1.38141551123150824e-02
1.45593321865285005e-02
1.46711921358075453e-02
1.53137550413123096e-02
1.52649189553756316e-02
1.59225372263857440e-02
1.09937333331893601e-02
1.18254504804029409e-02
1.12916178759555723e-02
1.21276360894314907e-02
1.26501935796522209e-02
1.34598368724044813e-02
1.29554333336587748e-02
1.37670245621891937e-02
1.15054227180402466e-02
1.23373210092324499e-02
1.16397946161964968e-02
1.24599052929843038e-02
1.31596852281832492e-02
1.39647739560691143e-02
1.32691229738010029e-02
1.40600413974379789e-02
1.42459581411903888e-02
1.49999990925675439e-02
1.45541389625894538e-02
1.53083765956111978e-02
1.57134302401981708e-02
1.63779167679120631e-02
1.60213694170981136e-02
1.66849432471284018e-02
1.47445750838253141e-02
1.54909565670314619e-02
1.48250025331120826e-02
1.55562395565935208e-02
1.61958213847060335e-02
1.68512633983918178e-02
1.62460237971365877e-02
1.68868125252826656e-02
1.41680289541667431e-02
1.46496551017093572e-02
1.51162715017558076e-02
1.56237528935436742e-02
1.50687243542602829e-02
1.54196475551682081e-02
1.60652017774675950e-02
1.64347854588219218e-02
1.59019048789932095e-02
1.64282078040256449e-02
1.65241666830686328e-02
1.70623035277462989e-02
1.68858884891716701e-02
1.72689656660916721e-02
1.75301096187586679e-02
1.79215489057105298e-02
1.56976890478069467e-02
1.58990622963919512e-02
1.67275622453017560e-02
1.69395810510940895e-02
1.60210064754244472e-02
1.60618423827879678e-02
1.70679611763102264e-02
1.71109505486284966e-02
1.75723721433349543e-02
1.77920567257684632e-02
1.82315082372685212e-02
1.84558999501236096e-02
1.79250658479126954e-02
1.79696031686779299e-02
1.85917440378808134e-02
1.86372281363852629e-02
1.69854818275526620e-02
1.75286637779547907e-02
1.72912772264425633e-02
1.78330573505381326e-02
1.80006639984922300e-02
1.83954821105041452e-02
1.83036207958602801e-02
1.86970879475891090e-02
1.74497207844299222e-02
1.79841237607477854e-02
1.74713944293867357e-02
1.79930296746254360e-02
1.84480334487776496e-02
1.88357688987229321e-02
1.84455815512820989e-02
1.88236368968484058e-02
1.87080357082489331e-02
1.89342620320448463e-02
1.90084793004173351e-02
1.92338147267632591e-02
1.90711994027864540e-02
1.91170466707147359e-02
1.93701929840938841e-02
1.94158497562886001e-02
1.91425195582266838e-02
1.93644407751457949e-02
1.91226127150879617e-02
1.93388467095171185e-02
1.94987302878778905e-02
1.95436840636816177e-02
1.94696697924260885e-02
1.95134590161442217e-02
5.63751270014398349e-04
1.13169836870362058e-03
5.80547140441378630e-04
1.16479634301876319e-03
1.70790679027347050e-03
2.29618427651619248e-03
1.75633033758462818e-03
2.35849586702927645e-03
5.94918523588709985e-04
1.19301047158058664e-03
6.06827434162441454e-04
1.21627912805188703e-03
1.79734190358034535e-03
2.41076656687812122e-03
1.83088456629611662e-03
2.45298582638679794e-03
2.89995916855208431e-03
3.52216725606367166e-03
2.97429232962263465e-03
3.60626822267258928e-03
4.16514966719919513e-03
4.83056410241289140e-03
4.25642772224154448e-03
4.92614951334291451e-03
3.03582573094721749e-03
3.67465506472192290e-03
3.08464918615642021e-03
3.72758297500737443e-03
4.32890066429634200e-03
4.99964613971352195e-03
4.38306353731407472e-03
5.05187099993921127e-03
6.16248528102265923e-04
1.23456593386733413e-03
6.23169144112662257e-04
1.24785946373885443e-03
1.85693918886221964e-03
2.48519331490998103e-03
1.87552304294979133e-03
2.50747536567192146e-03
6.27589300624507504e-04
1.25617288752606681e-03
6.29521654215701976e-04
1.25954357034325885e-03
1.88668839991373090e-03
2.51996149371464754e-03
1.89052114673888150e-03
2.52282110779966737e-03
3.12091502480528731e-03
3.76538178912372463e-03
3.14483093799310586e-03
3.78844352154920037e-03
4.41949795275231767e-03
5.08373937130665240e-03
4.43885235762056865e-03
5.09623563105141789e-03
3.15665309848889601e-03
3.79721049320639638e-03
3.15667977687000226e-03
3.79216441712271765e-03
4.44182334334316566e-03
5.09038573354663338e-03
4.42913855807709235e-03
5.06723213835440743e-03
5.51931142551798180e-03
6.23147929143526378e-03
5.61611971872715172e-03
6.32628046782954950e-03
6.96630411975169943e-03
7.72215232428470795e-03
7.05579530732670848e-03
7.80303228840710603e-03
5.68735242900699801e-03
6.39181173082275372e-03
5.73423632248493565e-03
6.42980086335736591e-03
7.11211663978300601e-03
7.84664523791157170e-03
7.13758942228230608e-03
7.85599742646640210e-03
8.49652129001605624e-03
9.28606015908443709e-03
8.56556518122940543e-03
9.34019287245809599e-03
1.00866100563160206e-02
1.08932629613730202e-02
1.01229766057753523e-02
1.09092943364451789e-02
8.59306254808268367e-03
9.34833839911070053e-03
8.58279261950969756e-03
9.31513129611926359e-03
1.01087813944852577e-02
1.08700883256189623e-02
1.00495888084914040e-02
1.07822037587959087e-02
5.75810785210448782e-03
6.44209647084986389e-03
5.76037226534659337e-03
6.43061295871259851e-03
7.13466659827863888e-03
7.83423721584993252e-03
7.10586116933125019e-03
7.78456454114612520e-03
5.74246509932342837e-03
6.39727881065447340e-03
5.70581719003485869e-03
6.34398966885367337e-03
7.05367899340149894e-03
7.71014599445631055e-03
6.98055790007837823e-03
7.61403796515954315e-03
8.53868683166899775e-03
9.24536803300270160e-03
8.46471703360800187e-03
9.14387178510083984e-03
9.95113443594385430e-03
1.06523795219845147e-02
9.81916450521629937e-03
1.04873469607571941e-02
8.36479070769678354e-03
9.01536578404471892e-03
8.24265620227962806e-03
8.86435883803099803e-03
9.65928555447107678e-03
1.02936543038794851e-02
9.47682861101940138e-03
1.00775080945973844e-02
6.28991425500414385e-04
1.25803265124960987e-03
6.26036298286788235e-04
1.25172461871588805e-03
1.88713947792808049e-03
2.51626052237854426e-03
1.87669270694666647e-03
2.50052035781621199e-03
6.20706297387010582e-04
1.24072689831596387e-03
6.13063649827074049e-04
1.22516946479883713e-03
1.85936023198412723e-03
2.47587339653231389e-03
1.83535068085504457e-03
2.44262294027758255e-03
3.14524564609458546e-03
3.77381675863287976e-03
3.12271693206799591e-03
3.74270062692099673e-03
4.40154170613425537e-03
5.02781188759516412e-03
4.35978002473443992e-03
4.97313839397571251e-03
3.08948752838066835e-03
3.69936438778809473e-03
3.04597615083884894e-03
3.64436711572148483e-03
4.30459452395177272e-03
4.90418734806158559e-03
4.23671316418088202e-03
4.82188699057344190e-03
6.03182633324312874e-04
1.20520448688943879e-03
5.91149414753269070e-04
1.18100600886840456e-03
1.80490124907736011e-03
2.40110169004903885e-03
1.76827723375869356e-03
2.35167114581576447e-03
5.77061879871776482e-04
1.15276966820040613e-03
1.72577175408874356e-03
2.29472149887212677e-03
2.99262456305976216e-03
3.57827592907312628e-03
2.92989685960871491e-03
3.50166517782748207e-03
4.15684703063437088e-03
4.72711282841238069e-03
4.06568945013539244e-03
4.62068670750127169e-03
2.85827974919362210e-03
3.41511738133954855e-03
3.96391788546471020e-03
4.50337999685433178e-03
5.65182415989063866e-03
6.27256749858092193e-03
5.58182115620521960e-03
6.18472686316530462e-03
6.88881477727387292e-03
7.49911991602360793e-03
6.78060195080995663e-03
7.36803945391263995e-03
5.49706340054021986e-03
6.08204905014711559e-03
5.39871288236448005e-03
5.96596448664294624e-03
6.65787380875830937e-03
7.22317038762273350e-03
6.52236423018486781e-03
7.06658447097011783e-03
8.10182053135825690e-03
8.69504609959883060e-03
7.94548177754630935e-03
8.51122753213777276e-03
9.27673152378489553e-03
9.84463587538740754e-03
9.06344234889776453e-03
9.60017350417934068e-03
7.77647755999620778e-03
8.31624583259358424e-03
7.59725042007643007e-03
8.11294483289714922e-03
8.84084586562706998e-03
9.34857951968500953e-03
8.61221442852448671e-03
9.09357795678271755e-03
5.28783129865204905e-03
5.83774357232195312e-03
5.16537911182202332e-03
5.69849575286908265e-03
6.37557497738137826e-03
6.90003702474267528e-03
6.21877481596995289e-03
6.72496613455629381e-03
5.03222037958023401e-03
5.54917636585300703e-03
6.05300875209723380e-03
6.54250465033567527e-03
7.40983035662901024e-03
7.90364865359480598e-03
7.21583413197806646e-03
7.69016114700936046e-03
8.38018347398138824e-03
8.83812997751548882e-03
8.14675112748250788e-03
8.58443366669719814e-03
7.01648039091182316e-03
7.47378446997547328e-03
7.91330053255250888e-03
8.33395037949006927e-03
1.17004380281699391e-02
1.25019737715617828e-02
1.16939110977771592e-02
1.24710639277852819e-02
1.32912341946942875e-02
1.40612266253288144e-02
1.32345595860420273e-02
1.39778830105802467e-02
1.16274080334252856e-02
1.23754184063753873e-02
1.15085349932600150e-02
1.22237302333818125e-02
1.31084149157509565e-02
1.38204088358276581e-02
1.29226049248801159e-02
1.35997296606299861e-02
1.48047287725257878e-02
1.55144223118653425e-02
1.46943142287705719e-02
1.53770512495139400e-02
1.61830301623111517e-02
1.68034545340215516e-02
1.60193363308900848e-02
1.66145829404798703e-02
1.45052330836866160e-02
1.51566534448718017e-02
1.42495243449021654e-02
1.48663571168270205e-02
1.57684828308522797e-02
1.63346961448152875e-02
1.54446459443711125e-02
1.59789607385749377e-02
1.13450865913253332e-02
1.20248888193172209e-02
1.11448298992976279e-02
1.17877345471199737e-02
1.26871381807824226e-02
1.33269818118969402e-02
1.24119516298700477e-02
1.30132066984018115e-02
1.09153023505497195e-02
1.15208292142199992e-02
1.06636292785184921e-02
1.12322488312610047e-02
1.21066529996533920e-02
1.26690649850467307e-02
1.17802883391005132e-02
1.23045787074302065e-02
1.39394442150569311e-02
1.45195135822790665e-02
1.35871304026250646e-02
1.41293322457531102e-02
1.50622304200017341e-02
1.55627766046865148e-02
1.46354762725725580e-02
1.51013570999351115e-02
1.32042882888928452e-02
1.37085393974100515e-02
1.28019078167447703e-02
1.32690704521389244e-02
1.41780912693931990e-02
1.46093366977401249e-02
1.37029194727239928e-02
1.41004171571778927e-02
1.73689128057168407e-02
1.78730683330732415e-02
1.71565007066084990e-02
1.76392156981565011e-02
1.83101533951164838e-02
1.86750816514642988e-02
1.80573834675176251e-02
1.84062924436616676e-02
1.68495433152244106e-02
1.73076580922048376e-02
1.64641238226839147e-02
1.68953066224572825e-02
1.77041602894050104e-02
1.80347492916464874e-02
1.72681205216777232e-02
1.75786999490451235e-02
1.89635477059203680e-02
1.91721116465611054e-02
1.86819554667778803e-02
1.88811875082431843e-02
1.92982667531368078e-02
1.93404889224043884e-02
1.90016679142045695e-02
1.90419858415394050e-02
1.82957868334342570e-02
1.84843672812765661e-02
1.78237759265741022e-02
1.80007385117973082e-02
1.85983739188300343e-02
1.86365200324005373e-02
1.81076868021339890e-02
1.81434654346266239e-02
1.60165629855289690e-02
1.64193136781625691e-02
1.55229746865974787e-02
1.58966062630453153e-02
1.67671452609010375e-02
1.70566391913582124e-02
1.62188738995530136e-02
1.64868062812014195e-02
1.49988505977889895e-02
1.53434499121657634e-02
1.44586856543779257e-02
1.47750554838882182e-02
1.56402498696826403e-02
1.58867154109175492e-02
1.50471110696486290e-02
1.52727323507165346e-02
1.72849059039026677e-02
1.74496392242880702e-02
1.66978933799441440e-02
1.68501328634800551e-02
1.75491599431484672e-02
1.75824476204167815e-02
1.69420672554136259e-02
1.69728110571969459e-02
1.60807066938145685e-02
1.62205177168221054e-02
1.54501315940421720e-02
1.55778846342652065e-02
1.63049072420378936e-02
1.63331213634411304e-02
1.56549558822557527e-02
1.56807165750631645e-02
1.03963659676503967e-02
1.09294043103411002e-02
1.01193680966196950e-02
1.06188944416281440e-02
1.14411408982329661e-02
1.19289081999006726e-02
1.10965662756110327e-02
1.15501692988425209e-02
9.83769334867431837e-03
1.03063943027966228e-02
9.55553579463765471e-03
9.99658091837597046e-03
1.07528673552477992e-02
1.11752947221191272e-02
1.04152110658127552e-02
1.08099418745424680e-02
1.23900186412441993e-02
1.28218038211466261e-02
1.19774895324752384e-02
1.23763429230076757e-02
1.32216546560458732e-02
1.35870616268564323e-02
1.27446055974980606e-02
1.30802441556022650e-02
1.15718763077964585e-02
1.19408509788184822e-02
1.11793207585207770e-02
1.15219412665699614e-02
1.22805182483021851e-02
1.25892599411361380e-02
1.18364576531495569e-02
1.21215993842244425e-02
9.27619346359677410e-03
9.69309663503455793e-03
9.00206834787735041e-03
9.39854935320164411e-03
1.00875874800161851e-02
1.04584476493085245e-02
9.77281028600322961e-03
1.01238291478060911e-02
8.73469698415860890e-03
9.11454750256732692e-03
9.47255625856243885e-03
9.80782768407370553e-03
1.08045011924607082e-02
1.11246235063858848e-02
1.04506334060801079e-02
1.07523050841006659e-02
1.14177503423795908e-02
1.16828867135499760e-02
1.10279858011898928e-02
1.12768816899624456e-02
1.01195191929935660e-02
1.04068439662571063e-02
1.06690736250678788e-02
1.09055407689930550e-02
1.39156542961216528e-02
1.42052392756371638e-02
1.33813453804872261e-02
1.36461447599312349e-02
1.44538358548112582e-02
1.46597085470698690e-02
1.38730532312786783e-02
1.40606815988916448e-02
1.28655614074428184e-02
1.31080318583826367e-02
1.23761852994543203e-02
1.25991371562761342e-02
1.33154234140881525e-02
1.34866484780410932e-02
1.27894922916594808e-02
1.29464151531716656e-02
1.48213958746589349e-02
1.49377347899005836e-02
1.42078621195780332e-02
1.43136668091803955e-02
1.50078802216373642e-02
1.50313193373083059e-02
1.43774220908389795e-02
1.43987194809434855e-02
1.36207950850084792e-02
1.37171399100431551e-02
1.30692074721648621e-02
1.31573168779290806e-02
1.37751586731628076e-02
1.37945337271328378e-02
1.32103437820050799e-02
1.32280463958521326e-02
1.19191155438800010e-02
1.21256059027483494e-02
1.14982681170489511e-02
1.16914941351363155e-02
1.23016206746447178e-02
1.24465235229067051e-02
1.18559865970156615e-02
1.19912538666154655e-02
1.11156413558545462e-02
1.12988369009727335e-02
1.14546564743554131e-02
1.15826984758707254e-02
1.25597850184009999e-02
1.26409878188993852e-02
1.20968890676371246e-02
1.21725728172828937e-02
1.26898308021644625e-02
1.27061320750829921e-02
1.22180754005294032e-02
1.22332583493003147e-02
1.16826321702593154e-02
1.17541989660011996e-02
1.17972134245211500e-02
1.18115639889416341e-02
-5.77061879871780493e-04
-1.15276966820041524e-03
-5.91149414753281864e-04
-1.18100600886841237e-03
-1.72577175408874552e-03
-2.29472149887212503e-03
-1.76827723375870462e-03
-2.35167114581577054e-03
-6.03182633324304525e-04
-1.20520448688942990e-03
-6.13063649827057244e-04
-1.22516946479882521e-03
-1.80490124907736749e-03
-2.40110169004904882e-03
-1.83535068085503286e-03
-2.44262294027758472e-03
-2.85827974919363728e-03
-3.41511738133958237e-03
-2.92989685960871969e-03
-3.50166517782751893e-03
-3.96391788546472321e-03
-4.50337999685432918e-03
-4.06568945013542973e-03
-4.62068670750125695e-03
-2.99262456305976693e-03
-3.57827592907315273e-03
-3.04597615083887149e-03
-3.64436711572150955e-03
-4.15684703063441772e-03
-4.72711282841236854e-03
-4.23671316418088376e-03
-4.82188699057339507e-03
-6.20706297387009281e-04
-1.24072689831596430e-03
-6.26036298286785525e-04
-1.25172461871587612e-03
-1.85936023198410901e-03
-2.47587339653228787e-03
-1.87669270694664717e-03
-2.50052035781617122e-03
-6.28991425500404519e-04
-1.25803265124957973e-03
-6.29521654215698507e-04
-1.25954357034324736e-03
-1.88713947792802997e-03
-2.51626052237848702e-03
-1.89052114673884464e-03
-2.52282110779961620e-03
-3.08948752838064319e-03
-3.69936438778807435e-03
-3.12271693206792912e-03
-3.74270062692094469e-03
-4.30459452395175798e-03
-4.90418734806160640e-03
-4.35978002473441737e-03
-4.97313839397571424e-03
-3.14524564609451260e-03
-3.77381675863282078e-03
-3.15667977686997494e-03
-3.79216441712269120e-03
-4.40154170613419986e-03
-5.02781188759509733e-03
-4.42913855807709235e-03
-5.06723213835441610e-03
-5.03222037958027391e-03
-5.54917636585305733e-03
-5.16537911182202679e-03
-5.69849575286913122e-03
-6.05300875209731446e-03
-6.54250465033577935e-03
-6.21877481596994422e-03
-6.72496613455633718e-03
-5.28783129865202043e-03
-5.83774357232193751e-03
-5.39871288236443148e-03
-5.96596448664290808e-03
-6.37557497738130453e-03
-6.90003702474260589e-03
-6.52236423018486781e-03
-7.06658447097016553e-03
-7.01648039091201138e-03
-7.47378446997560512e-03
-7.21583413197817401e-03
-7.69016114700950357e-03
-7.91330053255256613e-03
-8.33395037949009876e-03
-8.14675112748267441e-03
-8.58443366669726232e-03
-7.40983035662901024e-03
-7.90364865359479037e-03
-7.59725042007652895e-03
-8.11294483289720994e-03
-8.38018347398141947e-03
-8.83812997751562066e-03
-8.61221442852457691e-03
-9.09357795678290316e-03
-5.49706340054023287e-03
-6.08204905014710171e-03
-5.58182115620518143e-03
-6.18472686316526039e-03
-6.65787380875835014e-03
-7.22317038762281503e-03
-6.78060195080993321e-03
-7.36803945391260005e-03
-5.65182415989053458e-03
-6.27256749858081785e-03
-5.70581719003482833e-03
-6.34398966885359097e-03
-6.88881477727374281e-03
-7.49911991602353421e-03
-6.98055790007824292e-03
-7.61403796515944427e-03
-7.77647755999637865e-03
-8.31624583259373863e-03
-7.94548177754633884e-03
-8.51122753213782481e-03
-8.84084586562728335e-03
-9.34857951968520555e-03
-9.06344234889788596e-03
-9.60017350417942048e-03
-8.10182053135813547e-03
-8.69504609959866406e-03
-8.24265620227952224e-03
-8.86435883803087313e-03
-9.27673152378479318e-03
-9.84463587538741101e-03
-9.47682861101934240e-03
-1.00775080945974954e-02
-6.27589300624508913e-04
-1.25617288752606724e-03
-6.23169144112661389e-04
-1.24785946373885356e-03
-1.88668839991372309e-03
-2.51996149371462716e-03
-1.87552304294978699e-03
-2.50747536567191625e-03
-6.16248528102269610e-04
-1.23456593386733868e-03
-6.06827434162442430e-04
-1.21627912805189202e-03
-1.85693918886222138e-03
-2.48519331490996195e-03
-1.83088456629611511e-03
-2.45298582638677886e-03
-3.15665309848887389e-03
-3.79721049320637122e-03
-3.14483093799306597e-03
-3.78844352154915874e-03
-4.44182334334312662e-03
-5.09038573354663251e-03
-4.43885235762050967e-03
-5.09623563105136498e-03
-3.12091502480525782e-03
-3.76538178912370208e-03
-3.08464918615640980e-03
-3.72758297500735362e-03
-4.41949795275224828e-03
-5.08373937130659603e-03
-4.38306353731401747e-03
-5.05187099993919305e-03
-5.94918523588712587e-04
-1.19301047158059314e-03
-5.80547140441385785e-04
-1.16479634301877078e-03
-1.79734190358035186e-03
-2.41076656687812555e-03
-1.75633033758464075e-03
-2.35849586702928642e-03
-5.63751270014395314e-04
-1.13169836870361776e-03
-5.44581446869184379e-04
-1.09380363087797352e-03
-1.70790679027346378e-03
-2.29618427651620115e-03
-1.65216725164495592e-03
-2.22389606048676355e-03
-3.03582573094720969e-03
-3.67465506472192550e-03
-2.97429232962262077e-03
-3.60626822267258538e-03
-4.32890066429635241e-03
-4.99964613971351415e-03
-4.25642772224156356e-03
-4.92614951334287721e-03
-2.89995916855209125e-03
-3.52216725606366602e-03
-2.81280613520318084e-03
-3.42218426489642596e-03
-4.16514966719920988e-03
-4.83056410241283242e-03
-4.05467817140127418e-03
-4.71220103676210991e-03
-5.74246509932344051e-03
-6.39727881065442656e-03
-5.76037226534656995e-03
-6.43061295871259677e-03
-7.05367899340147812e-03
-7.71014599445629147e-03
-7.10586116933124758e-03
-7.78456454114611132e-03
-5.75810785210446961e-03
-6.44209647084979450e-03
-5.73423632248490529e-03
-6.42980086335725662e-03
-7.13466659827856082e-03
-7.83423721584987701e-03
-7.13758942228219159e-03
-7.85599742646629802e-03
-8.36479070769685293e-03
-9.01536578404476575e-03
-8.46471703360812677e-03
-9.14387178510093698e-03
-9.65928555447114964e-03
-1.02936543038796863e-02
-9.81916450521629416e-03
-1.04873469607572392e-02
-8.53868683166896479e-03
-9.24536803300264783e-03
-8.58279261950959868e-03
-9.31513129611920634e-03
-9.95113443594382308e-03
-1.06523795219845493e-02
-1.00495888084914161e-02
-1.07822037587959746e-02
-5.68735242900699888e-03
-6.39181173082268607e-03
-5.61611971872711183e-03
-6.32628046782949573e-03
-7.11211663978291320e-03
-7.84664523791152660e-03
-7.05579530732664689e-03
-7.80303228840707568e-03
-5.51931142551789419e-03
-6.23147929143526031e-03
-5.39585249537394805e-03
-6.10585789163315285e-03
-6.96630411975170376e-03
-7.72215232428462642e-03
-6.84152720697540125e-03
-7.60123463260310717e-03
-8.59306254808268541e-03
-9.34833839911075951e-03
-8.56556518122937767e-03
-9.34019287245813415e-03
-1.01087813944853340e-02
-1.08700883256190543e-02
-1.01229766057754234e-02
-1.09092943364452397e-02
-8.49652129001605971e-03
-9.28606015908442842e-03
-8.38241931528645005e-03
-9.18160734308142573e-03
-1.00866100563160033e-02
-1.08932629613730635e-02
-9.99445457562244018e-03
-1.08158094698238977e-02
-8.73469698415864186e-03
-9.11454750256735814e-03
-9.00206834787741980e-03
-9.39854935320166666e-03
-9.47255625856246314e-03
-9.80782768407372461e-03
-9.77281028600323308e-03
-1.01238291478061293e-02
-9.27619346359687472e-03
-9.69309663503459956e-03
-9.55553579463777093e-03
-9.99658091837603291e-03
-1.00875874800161695e-02
-1.04584476493085315e-02
-1.04152110658127343e-02
-1.08099418745424645e-02
-1.01195191929934931e-02
-1.04068439662569970e-02
-1.04506334060799726e-02
-1.07523050841004508e-02
-1.06690736250679343e-02
-1.09055407689931400e-02
-1.10279858011899465e-02
-1.12768816899626242e-02
-1.08045011924606249e-02
-1.11246235063857234e-02
-1.11793207585208151e-02
-1.15219412665699249e-02
-1.14177503423797174e-02
-1.16828867135502328e-02
-1.18364576531497442e-02
-1.21215993842246784e-02
-9.83769334867442766e-03
-1.03063943027967043e-02
-1.01193680966197921e-02
-1.06188944416282481e-02
-1.07528673552478703e-02
-1.11752947221191775e-02
-1.10965662756111159e-02
-1.15501692988426181e-02
-1.03963659676503898e-02
-1.09294043103411054e-02
-1.06636292785185841e-02
-1.12322488312610186e-02
-1.14411408982328690e-02
-1.19289081999005928e-02
-1.17802883391003414e-02
-1.23045787074300070e-02
-1.15718763077965470e-02
-1.19408509788185638e-02
-1.19774895324754448e-02
-1.23763429230078527e-02
-1.22805182483022891e-02
-1.25892599411361796e-02
-1.27446055974981560e-02
-1.30802441556022754e-02
-1.23900186412441386e-02
-1.28218038211465601e-02
-1.28019078167445101e-02
-1.32690704521386364e-02
-1.32216546560458385e-02
-1.35870616268564184e-02
-1.37029194727239720e-02
-1.41004171571780853e-02
-1.11156413558545428e-02
-1.12988369009727353e-02
-1.14982681170489303e-02
-1.16914941351363311e-02
-1.14546564743553524e-02
-1.15826984758707254e-02
-1.18559865970156615e-02
-1.19912538666153978e-02
-1.19191155438800322e-02
-1.21256059027484084e-02
-1.23761852994543793e-02
-1.25991371562762123e-02
-1.23016206746446415e-02
-1.24465235229065975e-02
-1.27894922916593958e-02
-1.29464151531715858e-02
-1.16826321702594941e-02
-1.17541989660013280e-02
-1.20968890676372634e-02
-1.21725728172829423e-02
-1.17972134245212714e-02
-1.18115639889416948e-02
-1.22180754005293529e-02
-1.22332583493003980e-02
-1.25597850184010866e-02
-1.26409878188994615e-02
-1.30692074721648916e-02
-1.31573168779291309e-02
-1.26898308021643706e-02
-1.27061320750829019e-02
-1.32103437820050140e-02
-1.32280463958520614e-02
-1.28655614074428756e-02
-1.31080318583826870e-02
-1.33813453804873094e-02
-1.36461447599312696e-02
-1.33154234140880831e-02
-1.34866484780410377e-02
-1.38730532312785690e-02
-1.40606815988915355e-02
-1.39156542961215643e-02
-1.42052392756370511e-02
-1.44586856543780368e-02
-1.47750554838882789e-02
-1.44538358548110240e-02
-1.46597085470696591e-02
-1.50471110696485944e-02
-1.52727323507165814e-02
-1.36207950850085503e-02
-1.37171399100432540e-02
-1.42078621195780956e-02
-1.43136668091805724e-02
-1.37751586731629499e-02
-1.37945337271330008e-02
-1.43774220908392397e-02
-1.43987194809435774e-02
-1.48213958746588308e-02
-1.49377347899005454e-02
-1.54501315940422448e-02
-1.55778846342652585e-02
-1.50078802216374284e-02
-1.50313193373083111e-02
-1.56549558822558291e-02
-1.56807165750632513e-02
-1.09153023505499189e-02
-1.15208292142200928e-02
-1.11448298992977320e-02
-1.17877345471200396e-02
-1.21066529996532689e-02
-1.26690649850465468e-02
-1.24119516298698811e-02
-1.30132066984016085e-02
-1.13450865913254009e-02
-1.20248888193171671e-02
-1.15085349932600757e-02
-1.22237302333819131e-02
-1.26871381807823549e-02
-1.33269818118969784e-02
-1.29226049248802651e-02
-1.35997296606301422e-02
-1.32042882888927082e-02
-1.37085393974098954e-02
-1.35871304026249883e-02
-1.41293322457531380e-02
-1.41780912693931244e-02
-1.46093366977402168e-02
-1.46354762725725875e-02
-1.51013570999351532e-02
-1.39394442150570126e-02
-1.45195135822791688e-02
-1.42495243449022625e-02
-1.48663571168269476e-02
-1.50622304200018278e-02
-1.55627766046865044e-02
-1.54446459443711576e-02
-1.59789607385749377e-02
-1.16274080334254036e-02
-1.23754184063756614e-02
-1.16939110977771609e-02
-1.24710639277852801e-02
-1.31084149157511716e-02
-1.38204088358278264e-02
-1.32345595860420429e-02
-1.39778830105803577e-02
-1.17004380281698385e-02
-1.25019737715615625e-02
-1.16397946161964291e-02
-1.24599052929841702e-02
-1.32912341946941036e-02
-1.40612266253287571e-02
-1.32691229738008294e-02
-1.40600413974379199e-02
-1.45052330836867131e-02
-1.51566534448717722e-02
-1.46943142287707853e-02
-1.53770512495140631e-02
-1.57684828308523595e-02
-1.63346961448153916e-02
-1.60193363308901854e-02
-1.66145829404800126e-02
-1.48047287725257496e-02
-1.55144223118652731e-02
-1.48250025331120167e-02
-1.55562395565934011e-02
-1.61830301623110892e-02
-1.68034545340215308e-02
-1.62460237971364142e-02
-1.68868125252824956e-02
-1.49988505977891907e-02
-1.53434499121660271e-02
-1.55229746865975758e-02
-1.58966062630453882e-02
-1.56402498696828970e-02
-1.58867154109176741e-02
-1.62188738995530414e-02
-1.64868062812013882e-02
-1.60165629855289413e-02
-1.64193136781624685e-02
-1.64641238226838210e-02
-1.68953066224572235e-02
-1.67671452609009300e-02
-1.70566391913582610e-02
-1.72681205216777094e-02
-1.75786999490451547e-02
-1.60807066938147697e-02
-1.62205177168223379e-02
-1.66978933799440989e-02
-1.68501328634801002e-02
-1.63049072420380775e-02
-1.63331213634412276e-02
-1.69420672554136467e-02
-1.69728110571969286e-02
-1.72849059039025671e-02
-1.74496392242879314e-02
-1.78237759265741959e-02
-1.80007385117972943e-02
-1.75491599431484291e-02
-1.75824476204168925e-02
-1.81076868021340306e-02
-1.81434654346267002e-02
-1.68495433152244870e-02
-1.73076580922049590e-02
-1.71565007066086933e-02
-1.76392156981566364e-02
-1.77041602894050971e-02
-1.80347492916464840e-02
-1.80573834675176979e-02
-1.84062924436616225e-02
-1.73689128057168164e-02
-1.78730683330731825e-02
-1.74713944293865137e-02
-1.79930296746253424e-02
-1.83101533951164595e-02
-1.86750816514642676e-02
-1.84455815512821406e-02
-1.88236368968485550e-02
-1.82957868334343056e-02
-1.84843672812766216e-02
-1.86819554667778318e-02
-1.88811875082432468e-02
-1.85983739188300481e-02
-1.86365200324005442e-02
-1.90016679142047049e-02
-1.90419858415395403e-02
-1.89635477059204027e-02
-1.91721116465611227e-02
-1.91226127150880970e-02
-1.93388467095172434e-02
-1.92982667531368113e-02
-1.93404889224043364e-02
-1.94696697924260018e-02
-1.95134590161440830e-02
-5.23100606901233888e-04
-1.05122476657892351e-03
-4.99383878400984165e-04
-1.00409993495294324e-03
-1.58924790546409044e-03
-2.14175249865857604e-03
-1.51932603396336412e-03
-2.04993484616669336e-03
-4.73518307713953089e-04
-9.52592631939297050e-04
-4.45602515884846039e-04
-8.96891333230545942e-04
-1.44262063954904017e-03
-1.94868681766564291e-03
-1.35939272550979987e-03
-1.83831646332541883e-03
-2.71288977598202691e-03
-3.30625104688407265e-03
-2.60034976265911041e-03
-3.17441081453403344e-03
-3.92475152315428181e-03
-4.57052924691369981e-03
-3.77525359298748388e-03
-4.40520388234402240e-03
-2.47541460619349818e-03
-3.02682878495223089e-03
-2.33840636861330168e-03
-2.86380122132138181e-03
-3.60623118472538744e-03
-4.21609250223802315e-03
-3.41790911721505820e-03
-4.00329808343126339e-03
-4.15746283571263788e-04
-8.37208949044911653e-04
-3.84070062517711088e-04
-7.73782077473970801e-04
-1.26994518370475711e-03
-1.71919731708760053e-03
-1.17462224506711954e-03
-1.59176871357666534e-03
-3.50704412969125010e-04
-7.06870046921862730e-04
-3.15789367553582047e-04
-6.36753742335625906e-04
-1.07380845829071797e-03
-1.45653518994670952e-03
-9.67927173002100429e-04
-1.31406491209899918e-03
-2.18974414418355743e-03
-2.68576253815930614e-03
-2.02994610987526245e-03
-2.49329012951731788e-03
-3.21070243244635277e-03
-3.76717796181215946e-03
-2.98522519744738243e-03
-3.50835792665646178e-03
-1.85962998131670499e-03
-2.28710663886533185e-03
-1.67951175286615599e-03
-2.06807945969711242e-03
-2.74229545851482426e-03
-3.22774081913942360e-03
-2.48293601421750157e-03
-2.92650914250426088e-03
-5.24486140325636056e-03
-5.94809991923157030e-03
-5.06569037719864761e-03
-5.75717746206861388e-03
-6.67962783179747860e-03
-7.43783745600930073e-03
-6.47911959610643611e-03
-7.22993837598192961e-03
-4.85796264938059830e-03
-5.53240166447841863e-03
-4.62160540541034157e-03
-5.27346771252163241e-03
-6.23893276678301901e-03
-6.97601865430427532e-03
-5.95847341886452438e-03
-6.67513863013217100e-03
-8.22013091080342831e-03
-9.02294307356948586e-03
-8.00702285715917256e-03
-8.80675320815277329e-03
-9.84178654679070467e-03
-1.06713177409525038e-02
-9.62454726489396853e-03
-1.04549290540646884e-02
-7.74106164002813252e-03
-8.53042770341174567e-03
-7.42090711758832192e-03
-8.19217443716682356e-03
-9.33949401404048432e-03
-1.01627189737263542e-02
-8.98433574678992805e-03
-9.79185635957804772e-03
-4.35687720121961854e-03
-4.98049253747688547e-03
-4.06438875917013945e-03
-4.65404377900490752e-03
-5.63767326063003161e-03
-6.32700147945553740e-03
-5.27702824872805076e-03
-5.93200294948400056e-03
-3.74511623695906928e-03
-4.29515879160098646e-03
-3.40040627899317006e-03
-3.90535276582317566e-03
-4.87762441400795867e-03
-5.49126507335180765e-03
-4.44114969047181181e-03
-5.00665233811608840e-03
-7.04599195872053583e-03
-7.79111595606770020e-03
-6.61658390902318191e-03
-7.32736559411570603e-03
-8.55784861470678532e-03
-9.34073895585345315e-03
-8.05996713375383214e-03
-8.80910063879259200e-03
-6.13382842447341911e-03
-6.80207998941457538e-03
-5.59976978744364078e-03
-6.21748571933332297e-03
-7.49184745689936843e-03
-8.19808620277096001e-03
-6.85590004687068426e-03
-7.51029052254352601e-03
-2.79473723350799912e-04
-5.63734214427360179e-04
-2.41914265061105607e-04
-4.88131075785727567e-04
-8.57438515740324768e-04
-1.16498709042119454e-03
-7.42836859806828682e-04
-1.00998837766395812e-03
-2.03274923371011223e-04
-4.10280692532058130e-04
-1.63725873749526191e-04
-3.30534184859147741e-04
-6.24647803114693873e-04
-8.49808269902046641e-04
-5.03424681149557043e-04
-6.85233559800305331e-04
-1.49040264785962428e-03
-1.83721733463862273e-03
-1.29320425593215617e-03
-1.59566400548584713e-03
-2.20837079472817116e-03
-2.60612136700854626e-03
-1.92001676541183686e-03
-2.26830180202427937e-03
-1.08890188691761311e-03
-1.34468895432853517e-03
-8.78556223450645529e-04
-1.08567536378117654e-03
-1.61947140787230054e-03
-1.91502410417465911e-03
-1.30849596725366672e-03
-1.54848868747420798e-03
-1.23442581975972108e-04
-2.49255254258952852e-04
-8.26048036700019776e-05
-1.66817859366377036e-04
-3.79744654637812168e-04
-5.17091918684236987e-04
-2.54204423099119170e-04
-3.46244709291043977e-04
-4.13955459433969279e-05
-8.36037659944000630e-05
-1.27415625761473535e-04
-1.73579153695390412e-04
-6.63293405254678577e-04
-8.20105509359432354e-04
-4.44293725476432302e-04
-5.49543876295851739e-04
-9.88994785875221003e-04
-1.17109449233359524e-03
-6.62991165725094166e-04
-7.85405748396474004e-04
-2.22779161700908457e-04
-2.75618363851686562e-04
-3.32600311705347467e-04
-3.94114525296703963e-04
-3.03197240306080085e-03
-3.48661535995749457e-03
-2.64188253731145132e-03
-3.04139558748366817e-03
-3.96989095861819546e-03
-4.48076930604814766e-03
-3.46671596645285133e-03
-3.91693925811213619e-03
-2.23253779491904177e-03
-2.57257506912658696e-03
-1.80664284707403311e-03
-2.08343012300388989e-03
-2.93504026130558555e-03
-3.31916402002308854e-03
-2.37877973723850389e-03
-2.69206572510757684e-03
-5.01734946794708120e-03
-5.57687855567767787e-03
-4.39038119279820845e-03
-4.88459468528970424e-03
-6.15578996756926348e-03
-6.74976000818301031e-03
-5.39640401230837095e-03
-5.92195543496095746e-03
-3.72350291310696423e-03
-4.14595411909707279e-03
-3.02210659121802169e-03
-3.36717739388861861e-03
-4.58378492680113631e-03
-5.03367644297320494e-03
-3.72503402900713990e-03
-4.09294921909086808e-03
-1.36716851971465910e-03
-1.57758351983060285e-03
-9.17307486490771622e-04
-1.05894706004167234e-03
-1.80228985996802745e-03
-2.04081184382494570e-03
-1.21029305795403207e-03
-1.37102534720249950e-03
-4.60424151239016612e-04
-5.31656424517539970e-04
-6.07796149704201258e-04
-6.88682351774473731e-04
-2.29224743657642938e-03
-2.55527752549012093e-03
-1.54053488135949134e-03
-1.71792996975340126e-03
-2.82818454035818623e-03
-3.10888005460235092e-03
-1.90204888820717051e-03
-2.09147857449363053e-03
-7.74008177887062251e-04
-8.63324060883972400e-04
-9.56044084411757501e-04
-1.05145541998891969e-03
-1.15054227180403316e-02
-1.23373210092325783e-02
-1.12916178759556677e-02
-1.21276360894316398e-02
-1.31596852281832943e-02
-1.39647739560692270e-02
-1.29554333336588338e-02
-1.37670245621892250e-02
-1.09937333331894226e-02
-1.18254504804030380e-02
-1.06083635758585856e-02
-1.14267578734878958e-02
-1.26501935796522330e-02
-1.34598368724045368e-02
-1.22393411140163562e-02
-1.30379590507983568e-02
-1.47445750838253418e-02
-1.54909565670313977e-02
-1.45541389625894260e-02
-1.53083765956111943e-02
-1.61958213847060509e-02
-1.68512633983918456e-02
-1.60213694170981864e-02
-1.66849432471285197e-02
-1.42459581411904720e-02
-1.49999990925676358e-02
-1.38141551123151830e-02
-1.45593321865285612e-02
-1.57134302401982333e-02
-1.63779167679121047e-02
-1.52649189553756733e-02
-1.59225372263857370e-02
-1.01335010231413444e-02
-1.09291242706966336e-02
-9.56866020298643635e-03
-1.03318297201667082e-02
-1.17200008671810210e-02
-1.24980672189658974e-02
-1.10912072423230736e-02
-1.18389432424793779e-02
-8.91496467280358806e-03
-9.63596783698806095e-03
-8.17519304397841540e-03
-8.84449897263979608e-03
-1.03540165307012023e-02
-1.10616001516360939e-02
-9.51156740933668289e-03
-1.01693500441932330e-02
-1.32549567046898863e-02
-1.39821603675202681e-02
-1.25668898423094283e-02
-1.32667578240125254e-02
-1.46711921358075557e-02
-1.53137550413123512e-02
-1.39302780742676796e-02
-1.45493640088373132e-02
-1.17509198894994570e-02
-1.24140394346078740e-02
-1.08105259240021036e-02
-1.14276432625530951e-02
-1.30430399466312241e-02
-1.36301759694174920e-02
-1.20132652643235825e-02
-1.25601168421922253e-02
-1.74497207844299743e-02
-1.79841237607478582e-02
-1.72912772264426674e-02
-1.78330573505382159e-02
-1.84480334487777745e-02
-1.88357688987231542e-02
-1.83036207958603356e-02
-1.86970879475891819e-02
-1.69854818275527036e-02
-1.75286637779548116e-02
-1.65241666830686224e-02
-1.70623035277462885e-02
-1.80006639984922646e-02
-1.83954821105041452e-02
-1.75301096187586887e-02
-1.79215489057104813e-02
-1.91425195582269267e-02
-1.93644407751460378e-02
-1.90084793004174635e-02
-1.92338147267633527e-02
-1.94987302878779738e-02
-1.95436840636816420e-02
-1.93701929840939813e-02
-1.94158497562886799e-02
-1.87080357082488151e-02
-1.89342620320446901e-02
-1.82315082372683027e-02
-1.84558999501234430e-02
-1.90711994027864644e-02
-1.91170466707148261e-02
-1.85917440378807197e-02
-1.86372281363852907e-02
-1.59019048789932407e-02
-1.64282078040257039e-02
-1.51162715017557295e-02
-1.56237528935435736e-02
-1.68858884891716840e-02
-1.72689656660916062e-02
-1.60652017774675047e-02
-1.64347854588218351e-02
-1.41680289541664950e-02
-1.46496551017090762e-02
-1.30612290875492063e-02
-1.35100783968131709e-02
-1.50687243542600505e-02
-1.54196475551680538e-02
-1.39007172709412034e-02
-1.42278939816141738e-02
-1.75723721433349335e-02
-1.77920567257685222e-02
-1.67275622453016796e-02
-1.69395810510939611e-02
-1.79250658479127335e-02
-1.79696031686779611e-02
-1.70679611763100772e-02
-1.71109505486284341e-02
-1.56976890478067385e-02
-1.58990622963916528e-02
-1.44871585355582852e-02
-1.46749526617920845e-02
-1.60210064754241939e-02
-1.60618423827877874e-02
-1.47886818891240866e-02
-1.48267681655628349e-02
-7.35378170949812018e-03
-7.96225430364978261e-03
-6.45678321395712698e-03
-6.99588963050725744e-03
-8.56908645596742707e-03
-9.16781106701020955e-03
-7.53383732079789502e-03
-8.06485196346926579e-03
-5.49178059918917563e-03
-5.95378925963640799e-03
-4.46775945882415051e-03
-4.84592192997364106e-03
-6.41501396803097201e-03
-6.87047463993198815e-03
-5.22358018150769106e-03
-5.59663717967040161e-03
-9.75170919957292319e-03
-1.03139404867217867e-02
-8.58293313339305967e-03
-9.08197095617245195e-03
-1.08476772341458780e-02
-1.13462393475690024e-02
-9.55586607003528453e-03
-9.99865032793448121e-03
-7.31499531136533751e-03
-7.74330490013009579e-03
-5.96083417182505064e-03
-6.31183368057035028e-03
-8.15014082579063569e-03
-8.53035327054913264e-03
-6.64530485370969787e-03
-6.95700934308614294e-03
-3.39494079264869922e-03
-3.68365228628615964e-03
-2.28457901935196720e-03
-2.47951284000345233e-03
-3.97205925618119345e-03
-4.25702164812572295e-03
-2.67427941026975036e-03
-2.86675282207604111e-03
-1.14873063955594091e-03
-1.24694264448996315e-03
-1.34508189510069856e-03
-1.44207557448144063e-03
-4.53527513012288476e-03
-4.80349475874024268e-03
-3.05472286946601541e-03
-3.23593818007913547e-03
-5.05836045340202038e-03
-5.29662287696040963e-03
-3.40815057177793184e-03
-3.56915968478710042e-03
-1.53680827835522621e-03
-1.62814378914642212e-03
-1.71494746864721812e-03
-1.79610878985259005e-03
-1.18032271954605968e-02
-1.22126495592548758e-02
-1.04046056543183052e-02
-1.07683785085780880e-02
-1.25690439268345260e-02
-1.28675865479323717e-02
-1.10850874998269667e-02
-1.13504218434076938e-02
-8.87900784733276771e-03
-9.19148447386541195e-03
-7.24288587222698434e-03
-7.49913167946140991e-03
-9.46357033152704641e-03
-9.69154491371293850e-03
-7.72227908910239937e-03
-7.90926556700439522e-03
-1.31041898888167273e-02
-1.32755853934398062e-02
-1.15607285452139098e-02
-1.17130864413180127e-02
-1.33793897733035239e-02
-1.34141534018239385e-02
-1.18053655023044983e-02
-1.18362701280179689e-02
-9.87225533745898602e-03
-1.00031803006537731e-02
-8.05749575607280812e-03
-8.16489415910398066e-03
-1.00824813106993958e-02
-1.01090400837461816e-02
-8.22994733696013475e-03
-8.25173471519369608e-03
-5.51516831085863569e-03
-5.71108113369611821e-03
-3.71685693291192842e-03
-3.84926783129052857e-03
-5.88170256258497160e-03
-6.02468439626110529e-03
-3.96459179240172058e-03
-4.06123853596196752e-03
-1.87056352510705723e-03
-1.93731511471726130e-03
-1.99545475748425568e-03
-2.04417979182650988e-03
-6.13803660575557020e-03
-6.22016775023915072e-03
-4.13786033073204086e-03
-4.19337937555434165e-03
-6.26991734957262938e-03
-6.28657951779972111e-03
-4.22700973122426462e-03
-4.23827333180804011e-03
-2.08280997270974362e-03
-2.11080129468262621e-03
-2.12775706396521169e-03
-2.13343598160875428e-03
-3.93700913883798798e-18
-6.00051624878224351e-04
-4.79081834967032272e-18
-5.93669756146714047e-04
-1.19790491686936002e-03
-1.18521381829894278e-03
-5.82081041353155193e-18
-5.83151756250474313e-04
-4.03865309250850402e-18
-5.68672693001332852e-04
-1.16429713226957909e-03
-1.13550240763757001e-03
-1.79135509393004528e-03
-1.77249853352010305e-03
-2.37818413389718694e-03
-2.35337408052771046e-03
-1.74141931350506839e-03
-1.69863235070519215e-03
-2.31248051613099732e-03
-2.25617820344221724e-03
-5.43456338958359098e-18
-5.50472510763515884e-04
-4.24871726342757050e-18
-5.28851013411287376e-04
-1.09930599040928808e-03
-1.05630306635909983e-03
-3.27971157176865091e-18
-5.04161601356521152e-04
-1.75505226671091030e-18
-4.76803897674132925e-04
-1.00719523082407753e-03
-9.52775853658840771e-04
-1.64484339009725007e-03
-1.58093425868312916e-03
-2.18539198445232832e-03
-2.10127746848232750e-03
-1.50794445726560298e-03
-1.42704948697407511e-03
-2.00519692423121272e-03
-1.89869089547535421e-03
-2.95615375461180229e-03
-2.92566620078592559e-03
-3.52299908087558983e-03
-3.48716883970149943e-03
-2.87541167042973866e-03
-2.80621500874969881e-03
-3.42810338036543018e-03
-3.34676583460419589e-03
-4.07642487614628436e-03
-4.03563959878728163e-03
-4.61410710913821680e-03
-4.56880075950967784e-03
-3.96840009769941233e-03
-3.87579420287881846e-03
-4.49410025562536897e-03
-4.39120300654126123e-03
-2.71920678294738363e-03
-2.61579969378767513e-03
-3.24447633919460170e-03
-3.12288452036387811e-03
-2.49765912900659637e-03
-2.36666849325610062e-03
-2.98393514461255159e-03
-2.82982767622891231e-03
-3.75931301003959873e-03
-3.62081984006286557e-03
-4.26175035917247206e-03
-4.10779347997798031e-03
-3.46251148925614573e-03
-3.28687260541819185e-03
-3.93175076284863010e-03
-3.73635768082970126e-03
-3.97766672030619439e-18
-4.47215422282152110e-04
-5.08219768352580203e-18
-4.15862493622735051e-04
-8.93913554824348009e-04
-8.31534146749069261e-04
-5.84113920426565514e-18
-3.83230553897500649e-04
-3.00527289685825760e-18
-3.49814126275735902e-04
-7.66601432560261157e-04
-7.00097273823908428e-04
-1.33953637770946234e-03
-1.24677694589573739e-03
-1.78344615219288433e-03
-1.66126066774400019e-03
-1.15019935773351531e-03
-1.05125861049261502e-03
-1.53400637665452146e-03
-1.40359051514064186e-03
-4.78065395430327111e-18
-3.16106620349984949e-04
-3.84552958053452354e-18
-2.82590205290510275e-04
-6.33001357023151609e-04
-5.66271094310677350e-04
-2.94767465644496518e-18
-2.49725968579724900e-04
-8.67361737988403547e-19
-2.17944571923824271e-04
-5.00822090953730601e-04
-4.37509599419767445e-04
-9.51406567469461522e-04
-8.52062191573037166e-04
-1.27191637674951602e-03
-1.14084432771909949e-03
-7.54582617888312733e-04
-6.60235687099482030e-04
-1.01215392061866031e-03
-8.87507920649807311e-04
-2.22489006176252412e-03
-2.07452220118644389e-03
-2.66297061296391895e-03
-2.48593158366919179e-03
-1.91785387923566709e-03
-1.75721744270767710e-03
-2.30138428275106222e-03
-2.11205338408897506e-03
-3.09662417268045161e-03
-2.89466721480344117e-03
-3.52461016193107105e-03
-3.29970270852610222e-03
-2.68402292930789658e-03
-2.46777054129143983e-03
-3.06496259270737760e-03
-2.82378154400891304e-03
-1.59494068056741795e-03
-1.43329920360364010e-03
-1.92065862014041190e-03
-1.72985922937902710e-03
-1.27447016482902628e-03
-1.12048831525754229e-03
-1.54219996660967854e-03
-1.36005983626198137e-03
-2.24898421436942400e-03
-2.03067037583462432e-03
-2.57954639930396343e-03
-2.33557020629216036e-03
-1.81570680342995868e-03
-1.60678478228368357e-03
-2.09502526133335592e-03
-1.86087951970119719e-03
-5.13370322682339935e-03
-5.08434921210895816e-03
-5.63287464624652803e-03
-5.57997874269407831e-03
-5.00296563226444637e-03
-4.89084309895420136e-03
-5.49274330007746680e-03
-5.37253477784256465e-03
-6.10932456914995911e-03
-6.05341771305683771e-03
-6.56085326758468895e-03
-6.50248421263808964e-03
-5.96120308130946176e-03
-5.83410492728290205e-03
-6.40619247597920289e-03
-6.27344162957008122e-03
-4.74975078017557308e-03
-4.58189968816466887e-03
-5.22122639441187277e-03
-5.04115933372622886e-03
-4.38989684902623724e-03
-4.17669134128279863e-03
-4.83509431621768730e-03
-4.60615457713380808e-03
-5.67407579113689796e-03
-5.48355615747925414e-03
-6.10623822863473175e-03
-5.90709046471729875e-03
-5.26542409233780005e-03
-5.02293594370717238e-03
-5.67895654802559602e-03
-5.42518392997648133e-03
-6.98543157063813685e-03
-6.92515935517060751e-03
-7.38129154978131585e-03
-7.31967767912353705e-03
-6.82570964040430436e-03
-6.68856669567227495e-03
-7.21799331253727364e-03
-7.07772492487144470e-03
-7.74703153582823826e-03
-7.68463177086376424e-03
-8.08173079414611223e-03
-8.01908644920793119e-03
-7.58162678019166491e-03
-7.43948715899789455e-03
-7.91565125097498309e-03
-7.77286251845048931e-03
-6.51576558405070252e-03
-6.30985035867590895e-03
-6.90091075626339447e-03
-6.69009909501852053e-03
-6.07382187431659143e-03
-5.81107633697831947e-03
-6.44829619657979851e-03
-6.17890495855979039e-03
-7.26022954996188678e-03
-7.04637554326980817e-03
-7.59269146489550267e-03
-7.37760322454627301e-03
-6.80090036526008208e-03
-6.52717245855028057e-03
-7.13050694700350252e-03
-6.85469703127034383e-03
-3.94551336548898228e-03
-3.69980765686272160e-03
-4.35776147996126944e-03
-4.09356415096044559e-03
-3.44316267431076656e-03
-3.17923708964132573e-03
-3.81736464910551864e-03
-3.53304028124787339e-03
-4.75965938209332255e-03
-4.47940022201898970e-03
-5.14944067374146532e-03
-4.85564044917858803e-03
-4.18612459882522145e-03
-3.88387817441837591e-03
-4.54786276519036133e-03
-4.23027015430786982e-03
-2.91168515820766074e-03
-2.64408257547365817e-03
-3.24446473301806320e-03
-2.95542971054746188e-03
-2.37985441253339052e-03
-2.12220667770233063e-03
-2.66956877599118774e-03
-2.39028501133457848e-03
-3.57670410872234926e-03
-3.26856155914099101e-03
-3.90702408897016570e-03
-3.58220143514834891e-03
-2.96324645776454470e-03
-2.66431626564151997e-03
-3.25971323609310819e-03
-2.94322756734324538e-03
-5.52533591330297245e-03
-5.22057289191694106e-03
-5.88565567029900559e-03
-5.57253032538373213e-03
-4.90092902699888928e-03
-4.57063179719141045e-03
-5.24368212333382443e-03
-4.90335188927531595e-03
-6.22888525195466718e-03
-5.90998258587622713e-03
-6.55378676140762513e-03
-6.23163576846919118e-03
-5.57457939453492174e-03
-5.22687934743706461e-03
-5.89227287526732698e-03
-5.53981597874243087e-03
-4.23390937834740300e-03
-3.89490615507148523e-03
-4.55578320562416081e-03
-4.20513807622218978e-03
-3.55760058301941851e-03
-3.22572716173844540e-03
-3.85541493041393355e-03
-3.51037072251780520e-03
-4.87109121671645568e-03
-4.51134576300067560e-03
-5.17839068715121240e-03
-4.81204945459605838e-03
-4.15161491971659420e-03
-3.79563500452625990e-03
-4.44469294305251551e-03
-4.07999529228238872e-03
-1.20109271920659788e-18
-1.87637605078222057e-04
-1.27393755267046771e-18
-1.59149823120911793e-04
-3.77111358496151617e-04
-3.20312185666212065e-04
-1.41285095602017297e-18
-1.32772433493270734e-04
-9.11407451245627165e-19
-1.08737576316915061e-04
-2.67690652829822759e-04
-2.19708130185464559e-04
-5.70174529736915039e-04
-4.85414746533632856e-04
-7.68419017190995809e-04
-6.56219934662453756e-04
-4.06814673707047965e-04
-3.35059154942717692e-04
-5.52037582840634493e-04
-4.56771798963222643e-04
-9.30042176085221772e-19
-8.72141155821408453e-05
-5.48030316873532319e-19
-6.83048303494369837e-05
-1.76700431662614547e-04
-1.38872238822313875e-04
-3.40507244796228736e-19
-5.20450647265445390e-05
-1.36795820981569505e-19
-3.84028637374309124e-05
-1.06294419852415010e-04
-7.89042974779039793e-05
-2.70647165700528601e-04
-2.13883551839624098e-04
-3.71079134238202547e-04
-2.95362027863800157e-04
-1.64875055276954546e-04
-1.23530706388935929e-04
-2.29763594751055712e-04
-1.74168131348867862e-04
-9.73205338646808936e-04
-8.34253337340328709e-04
-1.18560464923010440e-03
-1.02074442049084383e-03
-7.05013251032353210e-04
-5.86588883062570958e-04
-8.67096519399744277e-04
-7.25955359518236929e-04
-1.40635557340885575e-03
-1.21658234117548859e-03
-1.63583774254201161e-03
-1.42228864153418674e-03
-1.03929856835921161e-03
-8.75973846329324707e-04
-1.22225915168798450e-03
-1.03737680773251847e-03
-4.79787087050420223e-04
-3.85104532937966047e-04
-5.98269272770176361e-04
-4.84625056741759975e-04
-3.02721328721351020e-04
-2.32501625405750681e-04
-3.85240517400954835e-04
-2.99965156028153416e-04
-7.27687767714350724e-04
-5.95112472946578673e-04
-8.68841023462253595e-04
-7.17403880074068555e-04
-4.78504214246902159e-04
-3.77704104935548018e-04
-5.83360823103098699e-04
-4.66551452531857960e-04
-2.31239994600423993e-19
-2.72805899715341808e-05
-2.15993401549846586e-19
-1.85179837894816271e-05
-5.65088556457010496e-05
-3.87908111122843254e-05
-1.87194281343200375e-19
-1.18965985605109087e-05
-6.76567566619372396e-20
-7.14551259467800432e-06
-2.53174139413052594e-05
-1.55517817519919072e-05
-8.95665681500487388e-05
-6.25147226270582400e-05
-1.28207319940053021e-04
-9.12719881912721115e-05
-4.17362984563147515e-05
-2.64382503159414569e-05
-6.25291602758976399e-05
-4.09440211548743268e-05
-5.79688173277161795e-20
-3.94819175509850274e-06
-2.52654046298196773e-20
-1.95035179118045669e-06
-8.86651762856070419e-06
-4.55931209542515385e-06
-9.20486585649009197e-21
-7.68647763118434346e-07
-1.87018655444618311e-06
-1.56935200615854916e-05
-8.46413588498099897e-06
-2.53063090805889066e-05
-1.42605553889430016e-05
-3.62674216599632875e-06
-6.33950724365946613e-06
-1.74001181238524829e-04
-1.26481710339253737e-04
-2.28288972474723545e-04
-1.69359180826072976e-04
-8.89316937220413522e-05
-6.00931905799585074e-05
-1.22004461952360024e-04
-8.47662139982029281e-05
-2.92148022679822100e-04
-2.20885436731489904e-04
-3.66370371658460007e-04
-2.81787842107514720e-04
-1.62606735663188605e-04
-1.15678447775705172e-04
-2.11379779676522519e-04
-1.53366423135988374e-04
-3.84940576077125060e-05
-2.24848668932868271e-05
-5.59361101311453679e-05
-3.35991361224537101e-05
-1.02797110507509829e-05
-1.56811615336385172e-05
-7.81855752071297004e-05
-4.79801085363777864e-05
-1.05658820029195261e-04
-6.59121040196953927e-05
-2.27346546766273250e-05
-3.15843910808139336e-05
-1.87406297192340495e-03
-1.63800759461796655e-03
-2.12068406111932213e-03
-1.86351398734883617e-03
-1.41623631616696931e-03
-1.21051586647326044e-03
-1.62111322146960110e-03
-1.39536772218947446e-03
-2.37502031627614485e-03
-2.09823723849313559e-03
-2.63609811484145310e-03
-2.34130000299860152e-03
-1.83642079457851503e-03
-1.59155528649923810e-03
-2.06137424153792761e-03
-1.79838197235893593e-03
-1.02215299964235774e-03
-8.51973786829875027e-04
-1.18767824779912991e-03
-9.98938431944190047e-04
-7.00313567241808146e-04
-5.67017755947805827e-04
-8.29524117210025751e-04
-6.79294156508636771e-04
-1.36512147498985513e-03
-1.15807372787882744e-03
-1.55386948454877376e-03
-1.32884473165504084e-03
-9.70828870154955437e-04
-8.03266954227725878e-04
-1.12376583548396769e-03
-9.38541800413053096e-04
-2.90270418760080629e-03
-2.59156883005829666e-03
-3.17344879215603233e-03
-2.84771402491665543e-03
-2.29492091476551571e-03
-2.01487660754245436e-03
-2.53579669355873767e-03
-2.23984617088883453e-03
-3.44683559798973724e-03
-3.10827560550742390e-03
-3.72133489192699642e-03
-3.37173212952693487e-03
-2.78258786178911055e-03
-2.47193345092873440e-03
-3.03379543582500428e-03
-2.70967676777905979e-03
-1.75303297777819897e-03
-1.51044418338412072e-03
-1.96149549062714715e-03
-1.70183749670108552e-03
-1.28760976690664615e-03
-1.08447528937522745e-03
-1.46141306955853726e-03
-1.24021165573821369e-03
-2.17796670366273652e-03
-1.90181160114112732e-03
-2.40103746415963474e-03
-2.10902518288914398e-03
-1.64405006657127864e-03
-1.40472236777633972e-03
-1.83426238828168645e-03
-1.57684660528537501e-03
-4.51453471586982669e-04
-3.52531712310790270e-04
-5.47602643389486117e-04
-4.33322284421747421e-04
-2.68739579501455655e-04
-1.98181830880922785e-04
-3.34878385084078707e-04
-2.50292690382855696e-04
-6.54743910114982024e-04
-5.24115777499267787e-04
-7.72545397143908604e-04
-6.24637910708156392e-04
-4.09773970312785085e-04
-3.09690785180712547e-04
-4.93205190096333780e-04
-3.76204191680998919e-04
-1.38630842302738834e-04
-8.75838751785033083e-05
-1.77236107685436816e-04
-1.13089146629347147e-04
-4.23263880792366278e-05
-5.50087436218121229e-05
-2.21474142855560376e-04
-1.42430351522553257e-04
-2.71218980959329382e-04
-1.75524951977159519e-04
-6.96335068834045418e-05
-8.61598455573535859e-05
-9.00445260586905504e-04
-7.34408057614460057e-04
-1.03768405975120147e-03
-8.52767191101497300e-04
-5.84772263151384043e-04
-4.49513607506612633e-04
-6.83920199769886476e-04
-5.29171186323151507e-04
-1.18333959063752461e-03
-9.78907881258113573e-04
-1.33636240215002033e-03
-1.11190480817836010e-03
-7.89963899174705043e-04
-6.14620680579955857e-04
-9.02113624886287965e-04
-7.05217852374468487e-04
-3.26231468000718326e-04
-2.12213672174850823e-04
-3.86173443341573486e-04
-2.52269978050577220e-04
-1.04508171093263739e-04
-1.24564886375329493e-04
-4.50622884580343893e-04
-2.95410191885388783e-04
-5.19089233120990532e-04
-3.41303717498691857e-04
-1.46187448420026739e-04
-1.69209483386014158e-04
-8.38506761062122498e-03
-8.32269630077486083e-03
-8.65743334063268782e-03
-8.59581917639501598e-03
-8.21968247440304015e-03
-8.07741375504556977e-03
-8.49402332222310222e-03
-8.35336855992459271e-03
-8.90003424711532064e-03
-8.83961754815791763e-03
-9.11497275783495174e-03
-9.05613943951402885e-03
-8.73976434777228722e-03
-8.60171901448295029e-03
-8.95886417247051398e-03
-8.82430121931584120e-03
-7.89779343251069237e-03
-7.68320209644527546e-03
-8.17566950500699455e-03
-7.96319628923567932e-03
-7.43644973581393965e-03
-7.16071933243883543e-03
-7.71862921710232686e-03
-7.44500536860420031e-03
-8.42718889525992214e-03
-8.21831044245549015e-03
-8.65403463773363295e-03
-8.45004719166775331e-03
-7.97760692081544986e-03
-7.70793860055213245e-03
-8.21468153313100607e-03
-7.95059448504694365e-03
-9.30530012046064045e-03
-9.24837099099331747e-03
-9.47503330432058338e-03
-9.42025358915770869e-03
-9.15420190042523160e-03
-9.02384749272319361e-03
-9.32959461849963353e-03
-9.20400437467227585e-03
-9.62913033709651353e-03
-9.57665981423533666e-03
-9.77341999713234912e-03
-9.72332417744674327e-03
-9.48977434798927225e-03
-9.36931095465460238e-03
-9.64032050181754842e-03
-9.52513369134976202e-03
-8.85875550150437216e-03
-8.66073872117188552e-03
-9.04478461564803965e-03
-8.85356610933271670e-03
-8.43194000766998158e-03
-8.17479105626664655e-03
-8.63227770692860316e-03
-8.38310991430317107e-03
-9.21641951670092510e-03
-9.03254140322303986e-03
-9.37875992920264578e-03
-9.20244890327162786e-03
-8.81938276947612232e-03
-8.57888310263548413e-03
-8.99768137692608452e-03
-8.76614276219182982e-03
-6.85950315897902990e-03
-6.53653314777772297e-03
-7.14565829308610751e-03
-6.82415208649071910e-03
-6.19570682350936795e-03
-5.84101038677731828e-03
-6.48421126401686320e-03
-6.12964792930851057e-03
-7.41244650305242746e-03
-7.09449090331489788e-03
-7.66070540273277277e-03
-7.34813971769021981e-03
-6.75758590470341373e-03
-6.40533148465527707e-03
-7.01616886957576180e-03
-6.66814790836216687e-03
-5.47644059571537282e-03
-5.10592711693538467e-03
-5.76428779796580096e-03
-5.39189665616224972e-03
-4.73325700532258378e-03
-4.36200292446917246e-03
-5.01610882397496901e-03
-4.64035914793618082e-03
-6.04134446279807995e-03
-5.66918986437369137e-03
-6.30745209713379131e-03
-5.93741386563832567e-03
-5.29231414148029732e-03
-4.91398167265296587e-03
-5.56126145522695819e-03
-5.18206055735997984e-03
-7.89196583625983647e-03
-7.58632967597303032e-03
-8.10847373710524635e-03
-7.81095567541858007e-03
-7.26088508340847361e-03
-6.91871545647564958e-03
-7.49326982487187945e-03
-7.15820810158026601e-03
-8.31317968147220546e-03
-8.02456870376091688e-03
-8.50969325388407395e-03
-8.23033515525132750e-03
-7.71546390508327014e-03
-7.38835354475132853e-03
-7.93017808413887942e-03
-7.61140279225633494e-03
-6.56292788032618660e-03
-6.19659622706819884e-03
-6.80858964677169120e-03
-6.44721048262641028e-03
-5.82270576462459982e-03
-5.44410044692789780e-03
-6.07679448339547203e-03
-5.69994669542967739e-03
-7.04575666772519395e-03
-6.69017956492931956e-03
-7.27622435789954114e-03
-6.92685552384028104e-03
-6.32407334799408704e-03
-5.94979352830636750e-03
-6.56547094681405544e-03
-6.19417310323054811e-03
-9.91448381488498412e-03
-9.86672663090167393e-03
-1.00594905671186480e-02
-1.00139290392229924e-02
-9.78754587843947733e-03
-9.67755582166048706e-03
-9.93833639070355879e-03
-9.83322156975629039e-03
-1.02159857662565377e-02
-1.01723670956141120e-02
-1.03916409457464418e-02
-1.03496024381674635e-02
-1.00999469798694549e-02
-9.99913756144042362e-03
-1.02797583962670573e-02
-1.01824360229250694e-02
-9.53760146009566094e-03
-9.36874393720212723e-03
-9.69928543296873051e-03
-9.53740936714882540e-03
-9.17224231197058537e-03
-8.94953207674698686e-03
-9.34864107132299740e-03
-9.13417779496841775e-03
-9.87050721083850870e-03
-9.71477211106721965e-03
-1.00580874576589492e-02
-9.90728397523514201e-03
-9.53278573708013846e-03
-9.32552644603238529e-03
-9.73070872775669282e-03
-9.52914817503138466e-03
-1.05939697147675541e-02
-1.05530418704780447e-02
-1.08300195036077577e-02
-1.07896325167499887e-02
-1.04850016364675305e-02
-1.03901063966025629e-02
-1.07224587169135813e-02
-1.06287038468742753e-02
-1.11060495564200973e-02
-1.10655433584399693e-02
-1.14272069758286042e-02
-1.13858448329337766e-02
-1.09981500502917794e-02
-1.09040446734402705e-02
-1.13170199008077038e-02
-1.12208998268953052e-02
-1.02687127732984020e-02
-1.01212729973226643e-02
-1.05086539148807924e-02
-1.03626732036880692e-02
-9.94833035951444428e-03
-9.75051383024929177e-03
-1.01912017678867008e-02
-9.99475246073693036e-03
-1.07834713089747843e-02
-1.06367421135238269e-02
-1.10977186958177952e-02
-1.09477764108279300e-02
-1.04642360978308147e-02
-1.02663976610959870e-02
-1.07714379031479020e-02
-1.05691321725696619e-02
-8.70220087238789998e-03
-8.43196191008557631e-03
-8.89534738106565262e-03
-8.63358750756462387e-03
-8.14062565643469682e-03
-7.83007037354450930e-03
-8.35042355738594214e-03
-8.04744557434508914e-03
-9.09408343234833355e-03
-8.83964133444913557e-03
-9.30348237374784698e-03
-9.05467431804823572e-03
-8.56346380664123330e-03
-8.26687638958361823e-03
-8.78375854202800323e-03
-8.49182920812214040e-03
-7.50221212847021826e-03
-7.15897489546798733e-03
-7.72628477980142562e-03
-7.38859013202818223e-03
-6.80226137037384833e-03
-6.43392509886405155e-03
-7.03600540712614846e-03
-6.67014726683164659e-03
-7.95124902550432139e-03
-7.61797856965446777e-03
-8.18002791397430540e-03
-7.84953145404717299e-03
-7.26847164726367005e-03
-6.90412819554619538e-03
-7.50153977084719748e-03
-7.13726432424236640e-03
-9.52853194775285343e-03
-9.28316608948459229e-03
-9.77390753908080091e-03
-9.52931490125973925e-03
-9.01526325150645534e-03
-8.72572846878759759e-03
-9.26168401817362326e-03
-8.97178162157757919e-03
-1.00437348965769571e-02
-9.79681768603284098e-03
-1.03413511633674640e-02
-1.00886484801896853e-02
-9.52627560235503636e-03
-9.23279564112115814e-03
-9.81163794916687683e-03
-9.51099202998024335e-03
-8.41551701461376589e-03
-8.08562651955450039e-03
-8.66042721634022877e-03
-8.32848848463586811e-03
-7.73708914975717622e-03
-7.37096398070342419e-03
-7.97687664989055190e-03
-7.60654186675894552e-03
-8.91711980280974169e-03
-8.58004254801139794e-03
-9.18744008507884832e-03
-8.84176651261264594e-03
-8.22240814815862996e-03
-7.84510795407570780e-03
-8.47480874996050723e-03
-8.08745515497355516e-03
-3.99545663698655171e-03
-3.63656917834516728e-03
-4.26781996926941555e-03
-3.90134440498134160e-03
-3.28789898176036011e-03
-2.95156904814110940e-03
-3.54341714080678646e-03
-3.19611377094763342e-03
-4.53721588862257899e-03
-4.16474627029965634e-03
-4.80266018127507507e-03
-4.42564389315455720e-03
-3.79896233633307892e-03
-3.44187558478151277e-03
-4.05328745121120385e-03
-3.68752372109486769e-03
-2.62923405800280811e-03
-2.32205810578897578e-03
-2.86106953315577771e-03
-2.53945808303008636e-03
-2.03070350593581583e-03
-1.75533087925466543e-03
-2.23198073285772952e-03
-1.93886635266523125e-03
-3.09509017981867383e-03
-2.75978298373661269e-03
-3.32991559693703119e-03
-2.98163747864895129e-03
-2.43669333094221306e-03
-2.12612272857155534e-03
-2.64346566955240593e-03
-2.31577786409409422e-03
-5.06343399776199802e-03
-4.68312581667045934e-03
-5.31910998700702194e-03
-4.93652593494085107e-03
-4.30532262927093429e-03
-3.93186667834927173e-03
-4.55420076148903806e-03
-4.17387702409179658e-03
-5.56956244491410481e-03
-5.18543532228237652e-03
-5.81496055787355994e-03
-5.42969924927748284e-03
-4.79927065852425640e-03
-4.41270554927082181e-03
-5.04009737831712362e-03
-4.64768440678544129e-03
-3.56427110897868625e-03
-3.20370304372980452e-03
-3.79701163434743600e-03
-3.42476064413010407e-03
-2.85097467620563276e-03
-2.50654253629115521e-03
-3.05797108885853732e-03
-2.69718002384675658e-03
-4.02713644387088857e-03
-3.64370571147692654e-03
-4.25379458208869753e-03
-3.85955530462942908e-03
-3.26329426736036987e-03
-2.88652037726397576e-03
-3.46588054813211279e-03
-3.07346943239909234e-03
-1.49561048301527673e-03
-1.25074450379600885e-03
-1.65988189928696584e-03
-1.39435330822713704e-03
-1.01949979401873649e-03
-8.00250306261721133e-04
-1.14119625789251521e-03
-8.98956101281636090e-04
-1.82794445236843912e-03
-1.54162279126428075e-03
-1.99856169748351955e-03
-1.69143213188689581e-03
-1.26624148431911387e-03
-1.00054069387998804e-03
-1.39365726157857344e-03
-1.10419193635912329e-03
-5.91028268855751850e-04
-3.89582956477350201e-04
-6.65856061077810496e-04
-4.39852604620474146e-04
-1.93445744567987684e-04
-2.18696759308904294e-04
-7.42961673310306588e-04
-4.91698120460041946e-04
-8.21718432561251502e-04
-5.44693247763090816e-04
-2.44753062802110523e-04
-2.71398962230644182e-04
-2.17051490243735587e-03
-1.84266715886141391e-03
-2.34262073274653544e-03
-1.99423593072329316e-03
-1.52246472258242343e-03
-1.20909300047221087e-03
-1.65169763258332940e-03
-1.31443321089101759e-03
-2.51374462261506676e-03
-2.14508087491332988e-03
-2.68280993516778823e-03
-2.29418761731731884e-03
-1.78041299648866013e-03
-1.41941685993626494e-03
-1.90769912608268087e-03
-1.52327013655068305e-03
-9.01493683550460547e-04
-5.98406547906676521e-04
-9.81657034324249968e-04
-6.52406955035842633e-04
-2.98415811873474924e-04
-3.25584808248802161e-04
-1.06158716258448202e-03
-7.06268407847588080e-04
-1.14067729479556696e-03
-7.59573638664551081e-04
-3.52689334525393061e-04
-3.79516896337119642e-04
-6.05574448985684785e-03
-5.66939924252883760e-03
-6.29258475509967847e-03
-5.90482063238494028e-03
-5.27644966127642674e-03
-4.87831926862817775e-03
-5.50827491481946808e-03
-5.10427093590261512e-03
-6.52632601331802273e-03
-6.13640661689378308e-03
-6.75791709608391383e-03
-6.36470043146081417e-03
-5.73566267066298510e-03
-5.32532722475852725e-03
-5.95879789776196725e-03
-5.54136631874034037e-03
-4.47628105300337028e-03
-4.07144760790572116e-03
-4.69402419195034774e-03
-4.27863417062735504e-03
-3.66476533337917014e-03
-3.25701278119427734e-03
-3.85907929574809969e-03
-3.43621505261709845e-03
-4.90656495130407586e-03
-4.48046552575916482e-03
-5.11352911348478528e-03
-4.67637104021056266e-03
-4.04803925184360307e-03
-3.61021497846240793e-03
-4.23093441272622342e-03
-3.77821682402429328e-03
-6.98832969605733996e-03
-6.59027773201217512e-03
-7.21846870051117556e-03
-6.81367175502713661e-03
-6.17790597580267654e-03
-5.75231311305506900e-03
-6.39319150322691966e-03
-5.95809036733067551e-03
-7.44907760402806901e-03
-7.03529419195042006e-03
-7.68064277223219280e-03
-7.25535499172342592e-03
-6.60477341518177826e-03
-6.15856671936800687e-03
-6.81261910739492348e-03
-6.35350378303539687e-03
-5.31459370270027324e-03
-4.86583404063280558e-03
-5.50944908898044067e-03
-5.04836342114021140e-03
-4.40710885453899151e-03
-3.93947885275387419e-03
-4.57594116499383027e-03
-4.09329956597831359e-03
-5.69775845624483079e-03
-5.22346306784236131e-03
-5.87911643286832038e-03
-5.39060052414179827e-03
-4.73682230829937032e-03
-4.23900251200198114e-03
-4.88913280885240956e-03
-4.37592049156571624e-03
-2.84880313421983188e-03
-2.44059071973410638e-03
-3.01077528798156420e-03
-2.58337660871094240e-03
-2.03268136801422038e-03
-1.62524634332378900e-03
-2.15452573511891758e-03
-1.72462959988036856e-03
-3.16784030605527130e-03
-2.72168402896736956e-03
-3.31917037740140589e-03
-2.85470239157976577e-03
-2.27244071088552419e-03
-1.82073724318112065e-03
-2.38567751321582021e-03
-1.91292113866158974e-03
-1.21833949622524701e-03
-8.11917215668022502e-04
-1.29400792317766519e-03
-8.62907940346371079e-04
-4.05860698075721543e-04
-4.31520911057900903e-04
-1.36714119217030820e-03
-9.12170701797196761e-04
-1.43722401757359489e-03
-9.59347884580438346e-04
-4.56305683922140874e-04
-4.80031942296208468e-04
-3.46398913006583896e-03
-2.98166841350275269e-03
-3.60156307382303916e-03
-3.10186146221498159e-03
-2.49352911174242822e-03
-2.00056811331126693e-03
-2.59532829468426054e-03
-2.08309971469798150e-03
-3.73119191422314860e-03
-3.21459802789356630e-03
-3.85219834009783860e-03
-3.31922574560813890e-03
-2.69044507764280719e-03
-2.15997148986677963e-03
-2.77828373843332305e-03
-2.23067196577394220e-03
-1.50376826157285967e-03
-1.00410041903684121e-03
-1.56631352995294671e-03
-1.04610855364618252e-03
-5.02526020074048644e-04
-5.23624159233709754e-04
-1.62442743535776298e-03
-1.08507241902818636e-03
-1.67770563713301088e-03
-1.12071244321148601e-03
-5.43172909514334367e-04
-5.61029453792356555e-04
1.14272069758287013e-02
1.11060495564201528e-02
1.13858448329338564e-02
1.10655433584400907e-02
1.08300195036077906e-02
1.07896325167500286e-02
1.13170199008077402e-02
1.09981500502918973e-02
1.12208998268953832e-02
1.09040446734403364e-02
1.07224587169136333e-02
1.06287038468743066e-02
1.05939697147675871e-02
1.05530418704780377e-02
1.03916409457464297e-02
1.03496024381674150e-02
1.04850016364675253e-02
1.03901063966026011e-02
1.02797583962670001e-02
1.01824360229250278e-02
1.10977186958179010e-02
1.07834713089749144e-02
1.09477764108280202e-02
1.06367421135239743e-02
1.05086539148807698e-02
1.03626732036880762e-02
1.07714379031480199e-02
1.04642360978309500e-02
1.05691321725698024e-02
1.02663976610961310e-02
1.01912017678866887e-02
9.99475246073691648e-03
1.02687127732983691e-02
1.01212729973226122e-02
1.00580874576589787e-02
9.90728397523520099e-03
9.94833035951439050e-03
9.75051383024925361e-03
9.73070872775677782e-03
9.52914817503145058e-03
1.02159857662565638e-02
1.01723670956140998e-02
1.00594905671186029e-02
1.00139290392229525e-02
1.00999469798694393e-02
9.99913756144040974e-03
9.93833639070353450e-03
9.83322156975628865e-03
9.91448381488491473e-03
9.86672663090162709e-03
9.77341999713249830e-03
9.72332417744685429e-03
9.78754587843949642e-03
9.67755582166051655e-03
9.64032050181769587e-03
9.52513369134989560e-03
9.87050721083855380e-03
9.71477211106728383e-03
9.69928543296879817e-03
9.53740936714888438e-03
9.53278573708024601e-03
9.32552644603244253e-03
9.34864107132299393e-03
9.13417779496837438e-03
9.53760146009563145e-03
9.36874393720209080e-03
9.37875992920269436e-03
9.20244890327162092e-03
9.17224231197051425e-03
8.94953207674694870e-03
8.99768137692607585e-03
8.76614276219183849e-03
1.03413511633675334e-02
1.00437348965771046e-02
1.00886484801897564e-02
9.79681768603299710e-03
9.77390753908085469e-03
9.52931490125979302e-03
9.81163794916698785e-03
9.52627560235519248e-03
9.51099202998040988e-03
9.23279564112128824e-03
9.26168401817368050e-03
8.97178162157760348e-03
9.52853194775288466e-03
9.28316608948463046e-03
9.30348237374793718e-03
9.05467431804831205e-03
9.01526325150647616e-03
8.72572846878762881e-03
8.78375854202803098e-03
8.49182920812215948e-03
9.18744008507896281e-03
8.91711980280988740e-03
8.84176651261274309e-03
8.58004254801151417e-03
8.66042721634025306e-03
8.32848848463590627e-03
8.47480874996063560e-03
8.22240814815871669e-03
8.08745515497369220e-03
7.84510795407579106e-03
7.97687664989056577e-03
7.60654186675891082e-03
8.41551701461379538e-03
8.08562651955451427e-03
8.18002791397434703e-03
7.84953145404719901e-03
7.73708914975720224e-03
7.37096398070341639e-03
7.50153977084723825e-03
7.13726432424236380e-03
9.09408343234835957e-03
8.83964133444915638e-03
8.89534738106560752e-03
8.63358750756457530e-03
8.56346380664126799e-03
8.26687638958363558e-03
8.35042355738589703e-03
8.04744557434504057e-03
8.70220087238788090e-03
8.43196191008556417e-03
8.50969325388403926e-03
8.23033515525128587e-03
8.14062565643466213e-03
7.83007037354442256e-03
7.93017808413886208e-03
7.61140279225630979e-03
7.95124902550433527e-03
7.61797856965449466e-03
7.72628477980136404e-03
7.38859013202812151e-03
7.26847164726365964e-03
6.90412819554615288e-03
7.03600540712606085e-03
6.67014726683159975e-03
7.50221212847013673e-03
7.15897489546789972e-03
7.27622435789951425e-03
6.92685552384025328e-03
6.80226137037376766e-03
6.43392509886403507e-03
6.56547094681407626e-03
6.19417310323059061e-03
9.62913033709663496e-03
9.57665981423549278e-03
9.47503330432056950e-03
9.42025358915772604e-03
9.48977434798936939e-03
9.36931095465466310e-03
9.32959461849957282e-03
9.20400437467219432e-03
9.30530012046061616e-03
9.24837099099327237e-03
9.11497275783498817e-03
9.05613943951402711e-03
9.15420190042519344e-03
9.02384749272317280e-03
8.95886417247052785e-03
8.82430121931586028e-03
9.21641951670098235e-03
9.03254140322309017e-03
9.04478461564795985e-03
8.85356610933267854e-03
8.81938276947616742e-03
8.57888310263544250e-03
8.63227770692857367e-03
8.38310991430306351e-03
8.85875550150436696e-03
8.66073872117187685e-03
8.65403463773366244e-03
8.45004719166776372e-03
8.43194000766997638e-03
8.17479105626656502e-03
8.21468153313100087e-03
7.95059448504688467e-03
8.90003424711535360e-03
8.83961754815795406e-03
8.65743334063263058e-03
8.59581917639500905e-03
8.73976434777229069e-03
8.60171901448291386e-03
8.49402332222307793e-03
8.35336855992454066e-03
8.38506761062110181e-03
8.32269630077472206e-03
8.08173079414608794e-03
8.01908644920789997e-03
8.21968247440292045e-03
8.07741375504548824e-03
7.91565125097497962e-03
7.77286251845051533e-03
8.42718889525990479e-03
8.21831044245546934e-03
8.17566950500697720e-03
7.96319628923566891e-03
7.97760692081540303e-03
7.70793860055207867e-03
7.71862921710233293e-03
7.44500536860422807e-03
7.89779343251060910e-03
7.68320209644519567e-03
7.59269146489549226e-03
7.37760322454626433e-03
7.43644973581388067e-03
7.16071933243882762e-03
7.13050694700351033e-03
6.85469703127036291e-03
8.31317968147210831e-03
8.02456870376089433e-03
8.10847373710515615e-03
7.81095567541867722e-03
7.71546390508330657e-03
7.38835354475138664e-03
7.49326982487200435e-03
7.15820810158033713e-03
7.89196583625978443e-03
7.58632967597307542e-03
7.66070540273274588e-03
7.34813971769016777e-03
7.26088508340856902e-03
6.91871545647573111e-03
7.01616886957572797e-03
6.66814790836216167e-03
7.04575666772522084e-03
6.69017956492936380e-03
6.80858964677175105e-03
6.44721048262646146e-03
6.32407334799415036e-03
5.94979352830641087e-03
6.07679448339550499e-03
5.69994669542969908e-03
6.56292788032624558e-03
6.19659622706822313e-03
6.30745209713381213e-03
5.93741386563832654e-03
5.82270576462461976e-03
5.44410044692790040e-03
5.56126145522694085e-03
5.18206055735994514e-03
7.41244650305238409e-03
7.09449090331486839e-03
7.14565829308614654e-03
6.82415208649075206e-03
6.75758590470341026e-03
6.40533148465524151e-03
6.48421126401686754e-03
6.12964792930846027e-03
6.85950315897903597e-03
6.53653314777770736e-03
6.55378676140763554e-03
6.23163576846920420e-03
6.19570682350931157e-03
5.84101038677726798e-03
5.89227287526735560e-03
5.53981597874247077e-03
6.04134446279802704e-03
5.66918986437363499e-03
5.76428779796573330e-03
5.39189665616219074e-03
5.29231414148025308e-03
4.91398167265294072e-03
5.01610882397495079e-03
4.64035914793617908e-03
5.47644059571533899e-03
5.10592711693537774e-03
5.17839068715124883e-03
4.81204945459607833e-03
4.73325700532258031e-03
4.36200292446915945e-03
4.44469294305252071e-03
4.07999529228239479e-03
7.68064277223231163e-03
7.44907760402815575e-03
7.25535499172350051e-03
7.03529419195050507e-03
7.21846870051114260e-03
6.81367175502713661e-03
6.81261910739502062e-03
6.60477341518186586e-03
6.35350378303544371e-03
6.15856671936805457e-03
6.39319150322690925e-03
5.95809036733068072e-03
6.98832969605730006e-03
6.59027773201213522e-03
6.75791709608388955e-03
6.36470043146078381e-03
6.17790597580263924e-03
5.75231311305506813e-03
5.95879789776194123e-03
5.54136631874030828e-03
5.87911643286834380e-03
5.69775845624489845e-03
5.39060052414181909e-03
5.22346306784242723e-03
5.50944908898045801e-03
5.04836342114022181e-03
4.88913280885242864e-03
4.73682230829942409e-03
4.37592049156575093e-03
4.23900251200200889e-03
4.57594116499383027e-03
4.09329956597830232e-03
5.31459370270025502e-03
4.86583404063278043e-03
5.11352911348477747e-03
4.67637104021056873e-03
4.40710885453896462e-03
3.93947885275386291e-03
4.23093441272622862e-03
3.77821682402431323e-03
6.52632601331800885e-03
6.13640661689378829e-03
6.29258475509966806e-03
5.90482063238493247e-03
5.73566267066297555e-03
5.32532722475847087e-03
5.50827491481943425e-03
5.10427093590256915e-03
6.05574448985682356e-03
5.66939924252880117e-03
5.81496055787361892e-03
5.42969924927752708e-03
5.27644966127640072e-03
4.87831926862816560e-03
5.04009737831718173e-03
4.64768440678550027e-03
4.90656495130407065e-03
4.48046552575919257e-03
4.69402419195032259e-03
4.27863417062734636e-03
4.04803925184361001e-03
3.61021497846242354e-03
3.85907929574808017e-03
3.43621505261707764e-03
4.47628105300334773e-03
4.07144760790570034e-03
4.25379458208875478e-03
3.85955530462947418e-03
3.66476533337914889e-03
3.25701278119425305e-03
3.46588054813213881e-03
3.07346943239909321e-03
3.85219834009788847e-03
3.73119191422319023e-03
3.31922574560817186e-03
3.21459802789360490e-03
3.60156307382303569e-03
3.10186146221498376e-03
2.77828373843336598e-03
2.69044507764284058e-03
2.23067196577397906e-03
2.15997148986680609e-03
2.59532829468424970e-03
2.08309971469797153e-03
3.46398913006582768e-03
2.98166841350274228e-03
3.31917037740142237e-03
2.85470239157978398e-03
2.49352911174241954e-03
2.00056811331125956e-03
2.38567751321583149e-03
1.91292113866158562e-03
1.67770563713303669e-03
1.62442743535778098e-03
1.12071244321149143e-03
1.08507241902819763e-03
1.56631352995294194e-03
1.04610855364618708e-03
5.61029453792353844e-04
5.43172909514336969e-04
5.23624159233713115e-04
1.50376826157285729e-03
1.00410041903683926e-03
1.43722401757359923e-03
9.59347884580442250e-04
5.02526020074050704e-04
4.80031942296210582e-04
3.16784030605529471e-03
2.72168402896738821e-03
3.01077528798154772e-03
2.58337660871092983e-03
2.27244071088553677e-03
1.82073724318111783e-03
2.15452573511891021e-03
1.72462959988036596e-03
2.84880313421978460e-03
2.44059071973406604e-03
2.68280993516778607e-03
2.29418761731732057e-03
2.03268136801419263e-03
1.62524634332377924e-03
1.90769912608268369e-03
1.52327013655069411e-03
1.36714119217030928e-03
9.12170701797201207e-04
1.29400792317766432e-03
8.62907940346369019e-04
4.56305683922143639e-04
4.31520911057898626e-04
1.21833949622523661e-03
8.11917215668011660e-04
1.14067729479556891e-03
7.59573638664552708e-04
4.05860698075715797e-04
3.79516896337120943e-04
5.56956244491416640e-03
5.18543532228245459e-03
5.31910998700700199e-03
4.93652593494083979e-03
4.79927065852432666e-03
4.41270554927087905e-03
4.55420076148902158e-03
4.17387702409178010e-03
5.06343399776198848e-03
4.68312581667043940e-03
4.80266018127505426e-03
4.42564389315454852e-03
4.30532262927092301e-03
3.93186667834926912e-03
4.05328745121122120e-03
3.68752372109487593e-03
4.02713644387093714e-03
3.64370571147697728e-03
3.79701163434741128e-03
3.42476064413009757e-03
3.26329426736040890e-03
2.88652037726399701e-03
3.05797108885855901e-03
2.69718002384677696e-03
3.56427110897867758e-03
3.20370304372978804e-03
3.32991559693704246e-03
2.98163747864893828e-03
2.85097467620562452e-03
2.50654253629114653e-03
2.64346566955239119e-03
2.31577786409408988e-03
4.53721588862253822e-03
4.16474627029960950e-03
4.26781996926940081e-03
3.90134440498131688e-03
3.79896233633303469e-03
3.44187558478148154e-03
3.54341714080674743e-03
3.19611377094759092e-03
3.99545663698653956e-03
3.63656917834516294e-03
3.72133489192700640e-03
3.37173212952695395e-03
3.28789898176034927e-03
2.95156904814108684e-03
3.03379543582501859e-03
2.70967676777907843e-03
3.09509017981865866e-03
2.75978298373659621e-03
2.86106953315573478e-03
2.53945808303005383e-03
2.43669333094220005e-03
2.12612272857155143e-03
2.23198073285769310e-03
1.93886635266520392e-03
2.62923405800278122e-03
2.32205810578894759e-03
2.40103746415964124e-03
2.10902518288914095e-03
2.03070350593579025e-03
1.75533087925465003e-03
1.83426238828167951e-03
1.57684660528536807e-03
2.51374462261509234e-03
2.14508087491335720e-03
2.34262073274654281e-03
1.99423593072328579e-03
1.78041299648868051e-03
1.41941685993628055e-03
1.65169763258331964e-03
1.31443321089101022e-03
2.17051490243734980e-03
1.84266715886141001e-03
1.99856169748351478e-03
1.69143213188689212e-03
1.52246472258242083e-03
1.20909300047220654e-03
1.39365726157857387e-03
1.10419193635912308e-03
1.06158716258449373e-03
7.06268407847598055e-04
9.81657034324240427e-04
6.52406955035836995e-04
3.52689334525397398e-04
3.25584808248801836e-04
9.01493683550456102e-04
5.98406547906671967e-04
8.21718432561255731e-04
5.44693247763092768e-04
2.98415811873473406e-04
2.71398962230644020e-04
1.82794445236842762e-03
1.54162279126426579e-03
1.65988189928694373e-03
1.39435330822712533e-03
1.26624148431910195e-03
1.00054069387997980e-03
1.14119625789250718e-03
8.98956101281625465e-04
1.49561048301526459e-03
1.25074450379600082e-03
1.33636240215001664e-03
1.11190480817835793e-03
1.01949979401872804e-03
8.00250306261713978e-04
9.02113624886285471e-04
7.05217852374469571e-04
7.42961673310303661e-04
4.91698120460041296e-04
6.65856061077800630e-04
4.39852604620467966e-04
2.44753062802110198e-04
2.18696759308902071e-04
5.91028268855742743e-04
3.89582956477342883e-04
5.19089233120989231e-04
3.41303717498689146e-04
1.93445744567984133e-04
1.69209483386012640e-04
7.74703153582827556e-03
7.68463177086379807e-03
7.38129154978132539e-03
7.31967767912354138e-03
7.58162678019172562e-03
7.43948715899795440e-03
7.21799331253727278e-03
7.07772492487143516e-03
6.98543157063812731e-03
6.92515935517059797e-03
6.56085326758468462e-03
6.50248421263809571e-03
6.82570964040428788e-03
6.68856669567225413e-03
6.40619247597922457e-03
6.27344162957007775e-03
7.26022954996196311e-03
7.04637554326989664e-03
6.90091075626337799e-03
6.69009909501850838e-03
6.80090036526015494e-03
6.52717245855031700e-03
6.44829619657978463e-03
6.17890495855977651e-03
6.51576558405066782e-03
6.30985035867587425e-03
6.10623822863475170e-03
5.90709046471733605e-03
6.07382187431656281e-03
5.81107633697829432e-03
5.67895654802562377e-03
5.42518392997648306e-03
6.10932456914997559e-03
6.05341771305686806e-03
5.63287464624651936e-03
5.57997874269404882e-03
5.96120308130947910e-03
5.83410492728289164e-03
5.49274330007739568e-03
5.37253477784249353e-03
5.13370322682333083e-03
5.08434921210886709e-03
4.61410710913816389e-03
4.56880075950963534e-03
5.00296563226435356e-03
4.89084309895414671e-03
4.49410025562535335e-03
4.39120300654126557e-03
5.67407579113689189e-03
5.48355615747924980e-03
5.22122639441179211e-03
5.04115933372615427e-03
5.26542409233779398e-03
5.02293594370715503e-03
4.83509431621763266e-03
4.60615457713376385e-03
4.74975078017550283e-03
4.58189968816458820e-03
4.26175035917247900e-03
4.10779347997796297e-03
4.38989684902617999e-03
4.17669134128276047e-03
3.93175076284861189e-03
3.73635768082969909e-03
6.22888525195467758e-03
5.90998258587623320e-03
5.88565567029898998e-03
5.57253032538366708e-03
5.57457939453494776e-03
5.22687934743709844e-03
5.24368212333374984e-03
4.90335188927525957e-03
5.52533591330294470e-03
5.22057289191690029e-03
5.14944067374146618e-03
4.85564044917860885e-03
4.90092902699883724e-03
4.57063179719137229e-03
4.54786276519038128e-03
4.23027015430786375e-03
4.87109121671647390e-03
4.51134576300067300e-03
4.55578320562410703e-03
4.20513807622214988e-03
4.15161491971659941e-03
3.79563500452627118e-03
3.85541493041391143e-03
3.51037072251778309e-03
4.23390937834736917e-03
3.89490615507145531e-03
3.90702408897015269e-03
3.58220143514835021e-03
3.55760058301939335e-03
3.22572716173842415e-03
3.25971323609311209e-03
2.94322756734325232e-03
4.75965938209331474e-03
4.47940022201898796e-03
4.35776147996122694e-03
4.09356415096038401e-03
4.18612459882520497e-03
3.88387817441835075e-03
3.81736464910544405e-03
3.53304028124781181e-03
3.94551336548893111e-03
3.69980765686265612e-03
3.52461016193105934e-03
3.29970270852608140e-03
3.44316267431071191e-03
3.17923708964129017e-03
3.06496259270735375e-03
2.82378154400890610e-03
3.57670410872234059e-03
3.26856155914099708e-03
3.24446473301801507e-03
2.95542971054742675e-03
2.96324645776455250e-03
2.66431626564152257e-03
2.66956877599115999e-03
2.39028501133456113e-03
2.91168515820760133e-03
2.64408257547359572e-03
2.57954639930394868e-03
2.33557020629213390e-03
2.37985441253333891e-03
2.12220667770229637e-03
2.09502526133332036e-03
1.86087951970117073e-03
4.07642487614630171e-03
4.03563959878729984e-03
3.52299908087558202e-03
3.48716883970148859e-03
3.96840009769942187e-03
3.87579420287881803e-03
3.42810338036541587e-03
3.34676583460417161e-03
2.95615375461177670e-03
2.92566620078588829e-03
2.37818413389716829e-03
2.35337408052767880e-03
2.87541167042969746e-03
2.80621500874966455e-03
2.31248051613096870e-03
2.25617820344219773e-03
3.75931301003962475e-03
3.62081984006289853e-03
3.24447633919457568e-03
3.12288452036385859e-03
3.46251148925616091e-03
3.28687260541822134e-03
2.98393514461252818e-03
2.82982767622891665e-03
2.71920678294732638e-03
2.61579969378760834e-03
2.18539198445229232e-03
2.10127746848228891e-03
2.49765912900653912e-03
2.36666849325608023e-03
2.00519692423117455e-03
1.89869089547532125e-03
1.79135509393001709e-03
1.77249853352008224e-03
1.19790491686932142e-03
1.18521381829891307e-03
1.74141931350505321e-03
1.69863235070518001e-03
1.16429713226955675e-03
1.13550240763755222e-03
6.00051624878205811e-04
5.93669756146693881e-04
5.83151756250457399e-04
5.68672693001320167e-04
1.64484339009723663e-03
1.58093425868311549e-03
1.09930599040926769e-03
1.05630306635907988e-03
1.50794445726558889e-03
1.42704948697406145e-03
1.00719523082405627e-03
9.52775853658828411e-04
5.50472510763500705e-04
5.28851013411272631e-04
5.04161601356508467e-04
4.76803897674126257e-04
3.09662417268048631e-03
2.89466721480346068e-03
2.66297061296392416e-03
2.48593158366917011e-03
2.68402292930789571e-03
2.46777054129143332e-03
2.30138428275103966e-03
2.11205338408896855e-03
2.22489006176250677e-03
2.07452220118640096e-03
1.78344615219285115e-03
1.66126066774396940e-03
1.91785387923562242e-03
1.75721744270764869e-03
1.53400637665449782e-03
1.40359051514062430e-03
2.24898421436943701e-03
2.03067037583463863e-03
1.92065862014041233e-03
1.72985922937902970e-03
1.81570680342996627e-03
1.60678478228368639e-03
1.54219996660968353e-03
1.36005983626198181e-03
1.59494068056739670e-03
1.43329920360362123e-03
1.27191637674949846e-03
1.14084432771908192e-03
1.27447016482901349e-03
1.12048831525753383e-03
1.01215392061864730e-03
8.87507920649797987e-04
1.33953637770944304e-03
1.24677694589571115e-03
8.93913554824329361e-04
8.31534146749044324e-04
1.15019935773349774e-03
1.05125861049260505e-03
7.66601432560238931e-04
7.00097273823890105e-04
4.47215422282136931e-04
4.15862493622716402e-04
3.83230553897483627e-04
3.49814126275724681e-04
9.51406567469447210e-04
8.52062191573024590e-04
6.33001357023133177e-04
5.66271094310660545e-04
7.54582617888300807e-04
6.60235687099472706e-04
5.00822090953714771e-04
4.37509599419755681e-04
3.16106620349970854e-04
2.82590205290497211e-04
2.49725968579714384e-04
2.17944571923819717e-04
3.44683559798976673e-03
3.10827560550745599e-03
3.17344879215601802e-03
2.84771402491664546e-03
2.78258786178913484e-03
2.47193345092874351e-03
2.53579669355872119e-03
2.23984617088882022e-03
2.90270418760078461e-03
2.59156883005827541e-03
2.63609811484147262e-03
2.34130000299861279e-03
2.29492091476549880e-03
2.01487660754244742e-03
2.06137424153793151e-03
1.79838197235893224e-03
2.17796670366274085e-03
1.90181160114113318e-03
1.96149549062713934e-03
1.70183749670108206e-03
1.64405006657127950e-03
1.40472236777633690e-03
1.46141306955853835e-03
1.24021165573821044e-03
1.75303297777819680e-03
1.51044418338411486e-03
1.55386948454877463e-03
1.32884473165503975e-03
1.28760976690664225e-03
1.08447528937522376e-03
1.12376583548396509e-03
9.38541800413053855e-04
2.37502031627614225e-03
2.09823723849313255e-03
2.12068406111929827e-03
1.86351398734880473e-03
1.83642079457851416e-03
1.59155528649923030e-03
1.62111322146956923e-03
1.39536772218945820e-03
1.87406297192337264e-03
1.63800759461793337e-03
1.63583774254199058e-03
1.42228864153417459e-03
1.41623631616693895e-03
1.21051586647324765e-03
1.22225915168797756e-03
1.03737680773251500e-03
1.36512147498984169e-03
1.15807372787881833e-03
1.18767824779911386e-03
9.98938431944174868e-04
9.70828870154950667e-04
8.03266954227723818e-04
8.29524117210015885e-04
6.79294156508629182e-04
1.02215299964234928e-03
8.51973786829867763e-04
8.68841023462249909e-04
7.17403880074068772e-04
7.00313567241800665e-04
5.67017755947800948e-04
5.83360823103097506e-04
4.66551452531857147e-04
1.18333959063752418e-03
9.78907881258112922e-04
1.03768405975118846e-03
8.52767191101485699e-04
7.89963899174705151e-04
6.14620680579956182e-04
6.83920199769878453e-04
5.29171186323146520e-04
9.00445260586899324e-04
7.34408057614453769e-04
7.72545397143915109e-04
6.24637910708159862e-04
5.84772263151379381e-04
4.49513607506608621e-04
4.93205190096337250e-04
3.76204191680999244e-04
4.50622884580343568e-04
2.95410191885387427e-04
3.86173443341570016e-04
2.52269978050575052e-04
1.46187448420025790e-04
1.24564886375328382e-04
3.26231468000715561e-04
2.12213672174850119e-04
2.71218980959329003e-04
1.75524951977159654e-04
1.04508171093263739e-04
8.61598455573535452e-05
6.54743910114981157e-04
5.24115777499267136e-04
5.47602643389476359e-04
4.33322284421740049e-04
4.09773970312785030e-04
3.09690785180712330e-04
3.34878385084072419e-04
2.50292690382852227e-04
4.51453471586978116e-04
3.52531712310786313e-04
3.66370371658460169e-04
2.81787842107514774e-04
2.68739579501451643e-04
1.98181830880920183e-04
2.11379779676521191e-04
1.53366423135987317e-04
2.21474142855560430e-04
1.42430351522553202e-04
1.77236107685434892e-04
1.13089146629346009e-04
6.96335068834043385e-05
5.50087436218115198e-05
1.38630842302736639e-04
8.75838751785018582e-05
1.05658820029194651e-04
6.59121040196949454e-05
4.23263880792360247e-05
3.15843910808135813e-05
1.40635557340886052e-03
1.21658234117548968e-03
1.18560464923010526e-03
1.02074442049083884e-03
1.03929856835921247e-03
8.75973846329324924e-04
8.67096519399739181e-04
7.25955359518230207e-04
9.73205338646800154e-04
8.34253337340321120e-04
7.68419017190986485e-04
6.56219934662446167e-04
7.05013251032345295e-04
5.86588883062560225e-04
5.52037582840628205e-04
4.56771798963216409e-04
7.27687767714354193e-04
5.95112472946580299e-04
5.98269272770175385e-04
4.84625056741758457e-04
4.78504214246903406e-04
3.77704104935548343e-04
3.85240517400953642e-04
2.99965156028152819e-04
4.79787087050410899e-04
3.85104532937961222e-04
3.71079134238195554e-04
2.95362027863795657e-04
3.02721328721345328e-04
2.32501625405747591e-04
2.29763594751051186e-04
1.74168131348864826e-04
5.70174529736905931e-04
4.85414746533626351e-04
3.77111358496139365e-04
3.20312185666203283e-04
4.06814673707042924e-04
3.35059154942713734e-04
2.67690652829815712e-04
2.19708130185459788e-04
1.87637605078216284e-04
1.59149823120906264e-04
1.32772433493266045e-04
1.08737576316911755e-04
2.70647165700525403e-04
2.13883551839621821e-04
1.76700431662610210e-04
1.38872238822310894e-04
1.64875055276952892e-04
1.23530706388934574e-04
1.06294419852412760e-04
7.89042974779028815e-05
8.72141155821379044e-05
6.83048303494349779e-05
5.20450647265432176e-05
3.84028637374303703e-05
2.92148022679822425e-04
2.20885436731490256e-04
2.28288972474722921e-04
1.69359180826072109e-04
1.62606735663189120e-04
1.15678447775705186e-04
1.22004461952359645e-04
8.47662139982023182e-05
1.74001181238522660e-04
1.26481710339251948e-04
1.28207319940050257e-04
9.12719881912702955e-05
8.89316937220397394e-05
6.00931905799573893e-05
6.25291602758961627e-05
4.09440211548733782e-05
7.81855752071296327e-05
4.79801085363775628e-05
5.59361101311447851e-05
3.35991361224533306e-05
2.27346546766272572e-05
1.56811615336383816e-05
3.84940576077117132e-05
2.24848668932864680e-05
2.53063090805882087e-05
1.42605553889426459e-05
1.02797110507508050e-05
6.33950724365933738e-06
8.95665681500472887e-05
6.25147226270570744e-05
5.65088556456998502e-05
3.87908111122831260e-05
4.17362984563137825e-05
2.64382503159407792e-05
2.53174139413043073e-05
1.55517817519913312e-05
2.72805899715332796e-05
1.85179837894807801e-05
1.18965985605102853e-05
7.14551259467771124e-06
1.56935200615850613e-05
8.46413588498077705e-06
8.86651762856034166e-06
4.55931209542498444e-06
3.62674216599623981e-06
1.87018655444611048e-06
3.94819175509829521e-06
1.95035179118035632e-06
7.68647763118397288e-07
1.40675231879994200e-17
2.12775706396522036e-03
1.40675231879994200e-17
2.11080129468265744e-03
4.22700973122420911e-03
4.19337937555436073e-03
1.38777878078144568e-17
2.08280997270980390e-03
1.36338423190052183e-17
2.04417979182656626e-03
4.13786033073210244e-03
4.06123853596199614e-03
6.26991734957253917e-03
6.22016775023916807e-03
8.22994733696013302e-03
8.16489415910406566e-03
6.13803660575563091e-03
6.02468439626111137e-03
8.05749575607289138e-03
7.90926556700441256e-03
1.30646361784503284e-17
1.99545475748428213e-03
1.27935856353289523e-17
1.93731511471730358e-03
3.96459179240171537e-03
3.84926783129055502e-03
1.21430643318376497e-17
1.87056352510711187e-03
1.17906986257798607e-17
1.79610878985262843e-03
3.71685693291198566e-03
3.56915968478711647e-03
5.88170256258494471e-03
5.71108113369613382e-03
7.72227908910240977e-03
7.49913167946148276e-03
5.51516831085870421e-03
5.29662287696039489e-03
7.24288587222711878e-03
6.95700934308618631e-03
1.00824813106993923e-02
1.00031803006538737e-02
1.18053655023043942e-02
1.17130864413180144e-02
9.87225533745906929e-03
9.69154491371293329e-03
1.15607285452138907e-02
1.13504218434075897e-02
1.33793897733033920e-02
1.32755853934398028e-02
1.47886818891240675e-02
1.46749526617922354e-02
1.31041898888167325e-02
1.28675865479322641e-02
1.44871585355585072e-02
1.42278939816142189e-02
9.46357033152704467e-03
9.19148447386550563e-03
1.10850874998269008e-02
1.07683785085781105e-02
8.87900784733293424e-03
8.53035327054908754e-03
1.04046056543184110e-02
9.99865032793430600e-03
1.25690439268344323e-02
1.22126495592548741e-02
1.39007172709413249e-02
1.35100783968133530e-02
1.18032271954606957e-02
1.13462393475688289e-02
1.30612290875495324e-02
1.25601168421923138e-02
1.13570177567856589e-17
1.71494746864724133e-03
1.07607065619186315e-17
1.62814378914644597e-03
3.40815057177791363e-03
3.23593818007912853e-03
1.11943874309128333e-17
1.53680827835527022e-03
1.07878116162307691e-17
1.44207557448148421e-03
3.05472286946606181e-03
2.86675282207608708e-03
5.05836045340195533e-03
4.80349475874021839e-03
6.64530485370967879e-03
6.31183368057037196e-03
4.53527513012294374e-03
4.25702164812577933e-03
5.96083417182518421e-03
5.59663717967052304e-03
7.94178091345631998e-18
1.34508189510071786e-03
7.30481213712108612e-18
1.24694264448999264e-03
2.67427941026975383e-03
2.47951284000347792e-03
7.54875762593032462e-18
1.14873063955598688e-03
6.85757874097081555e-18
1.05145541998895157e-03
2.28457901935202618e-03
2.09147857449366349e-03
3.97205925618119779e-03
3.68365228628619260e-03
5.22358018150771881e-03
4.84592192997369831e-03
3.39494079264876427e-03
3.10888005460238257e-03
4.46775945882425633e-03
4.09294921909094962e-03
8.15014082579051599e-03
7.74330490013014697e-03
9.55586607003503299e-03
9.08197095617251787e-03
7.31499531136555088e-03
6.87047463993217897e-03
8.58293313339323488e-03
8.06485196346939590e-03
1.08476772341456387e-02
1.03139404867217642e-02
1.20132652643235895e-02
1.14276432625531679e-02
9.75170919957311574e-03
9.16781106701042292e-03
1.08105259240024454e-02
1.01693500441935401e-02
6.41501396803104487e-03
5.95378925963646437e-03
7.53383732079791150e-03
6.99588963050725224e-03
5.49178059918928405e-03
5.03367644297330556e-03
6.45678321395719984e-03
5.92195543496101210e-03
8.56908645596741667e-03
7.96225430364973751e-03
9.51156740933677483e-03
8.84449897263987414e-03
7.35378170949819825e-03
6.74976000818307623e-03
8.17519304397865652e-03
7.51029052254366131e-03
1.60210064754243084e-02
1.58990622963919442e-02
1.70679611763100460e-02
1.69395810510941033e-02
1.56976890478069536e-02
1.54196475551680832e-02
1.67275622453017560e-02
1.64347854588217934e-02
1.79250658479125635e-02
1.77920567257684910e-02
1.85917440378806156e-02
1.84558999501234777e-02
1.75723721433349508e-02
1.72689656660915403e-02
1.82315082372683235e-02
1.79215489057103494e-02
1.50687243542601875e-02
1.46496551017093676e-02
1.60652017774674735e-02
1.56237528935436795e-02
1.41680289541668974e-02
1.36301759694174799e-02
1.51162715017558666e-02
1.45493640088370513e-02
1.68858884891715522e-02
1.64282078040256935e-02
1.75301096187586020e-02
1.70623035277464481e-02
1.59019048789933795e-02
1.53137550413120910e-02
1.65241666830689658e-02
1.59225372263858203e-02
1.90711994027862215e-02
1.89342620320447005e-02
1.93701929840936066e-02
1.92338147267632070e-02
1.87080357082487943e-02
1.83954821105039787e-02
1.90084793004173178e-02
1.86970879475889321e-02
1.94987302878777344e-02
1.93644407751459753e-02
1.94696697924260503e-02
1.93388467095173440e-02
1.91425195582269059e-02
1.88357688987229079e-02
1.91226127150881595e-02
1.88236368968484301e-02
1.80006639984922369e-02
1.75286637779549608e-02
1.83036207958601413e-02
1.78330573505381500e-02
1.69854818275529881e-02
1.63779167679121429e-02
1.72912772264427542e-02
1.66849432471283879e-02
1.84480334487774032e-02
1.79841237607476362e-02
1.84455815512819740e-02
1.79930296746252730e-02
1.74497207844299569e-02
1.68512633983916790e-02
1.74713944293866733e-02
1.68868125252825511e-02
1.30430399466311409e-02
1.24140394346080908e-02
1.39302780742673431e-02
1.32667578240127024e-02
1.17509198894998803e-02
1.10616001516364443e-02
1.25668898423097076e-02
1.18389432424796017e-02
1.46711921358072036e-02
1.39821603675203045e-02
1.52649189553755119e-02
1.45593321865284970e-02
1.32549567046901604e-02
1.24980672189661714e-02
1.38141551123153010e-02
1.30379590507984817e-02
1.03540165307012925e-02
9.63596783698808176e-03
1.10912072423231377e-02
1.03318297201667724e-02
8.91496467280378235e-03
8.19808620277109358e-03
9.56866020298656472e-03
8.80910063879267353e-03
1.17200008671811632e-02
1.09291242706968002e-02
1.22393411140163440e-02
1.14267578734879201e-02
1.01335010231415369e-02
9.34073895585349825e-03
1.06083635758587088e-02
9.79185635957809629e-03
1.57134302401979835e-02
1.49999990925675977e-02
1.60213694170978499e-02
1.53083765956111145e-02
1.42459581411905241e-02
1.34598368724044952e-02
1.45541389625894885e-02
1.37670245621891903e-02
1.61958213847057837e-02
1.54909565670313023e-02
1.62460237971363830e-02
1.55562395565933664e-02
1.47445750838254702e-02
1.39647739560692982e-02
1.48250025331122560e-02
1.40600413974381680e-02
1.26501935796521463e-02
1.18254504804030276e-02
1.29554333336586950e-02
1.21276360894315774e-02
1.09937333331896411e-02
1.01627189737264426e-02
1.12916178759558568e-02
1.04549290540647717e-02
1.31596852281831711e-02
1.23373210092325037e-02
1.32691229738008606e-02
1.24599052929843072e-02
1.15054227180405276e-02
1.06713177409526114e-02
1.16397946161967969e-02
1.08158094698240278e-02
6.35613523619626974e-18
9.56044084411766066e-04
5.71916645986103589e-18
8.63324060883981616e-04
1.90204888820715793e-03
1.71792996975339996e-03
5.23127548224255889e-18
7.74008177887077972e-04
4.69595065957784108e-18
6.88682351774488259e-04
1.54053488135949827e-03
1.37102534720250470e-03
2.82818454035816021e-03
2.55527752549011659e-03
3.72503402900714641e-03
3.36717739388862946e-03
2.29224743657643068e-03
2.04081184382494136e-03
3.02210659121804424e-03
2.69206572510759592e-03
4.16740210049115767e-18
6.07796149704215244e-04
3.56431464204609583e-18
5.31656424517553631e-04
1.21029305795403641e-03
1.05894706004168167e-03
3.08997619158368764e-18
4.60424151239033146e-04
2.60208521396521064e-18
3.94114525296718004e-04
9.17307486490793848e-04
7.85405748396489399e-04
1.80228985996802897e-03
1.57758351983061673e-03
2.37877973723853815e-03
2.08343012300392805e-03
1.36716851971469032e-03
1.17109449233361021e-03
1.80664284707408970e-03
1.54848868747424723e-03
4.58378492680114498e-03
4.14595411909707799e-03
5.39640401230833625e-03
4.88459468528967475e-03
3.72350291310699199e-03
3.31916402002311976e-03
4.39038119279820237e-03
3.91693925811213532e-03
6.15578996756922445e-03
5.57687855567763537e-03
6.85590004687067732e-03
6.21748571933336894e-03
5.01734946794706906e-03
4.48076930604815373e-03
5.59976978744372057e-03
5.00665233811613351e-03
2.93504026130562111e-03
2.57257506912663076e-03
3.46671596645284959e-03
3.04139558748369593e-03
2.23253779491911376e-03
1.91502410417471701e-03
2.64188253731151854e-03
2.26830180202432317e-03
3.96989095861820067e-03
3.48661535995752623e-03
4.44114969047184650e-03
3.90535276582322250e-03
3.03197240306087110e-03
2.60612136700858745e-03
3.40040627899326721e-03
2.92650914250433677e-03
2.09725357740164764e-18
3.32600311705352942e-04
1.77199292565599631e-18
2.75618363851692200e-04
6.62991165725093949e-04
5.49543876295855100e-04
1.47044919643346539e-18
2.22779161700917429e-04
1.14688261058232266e-18
1.73579153695397053e-04
4.44293725476445692e-04
3.46244709291053626e-04
9.88994785875218401e-04
8.20105509359436800e-04
1.30849596725367799e-03
1.08567536378119563e-03
6.63293405254696900e-04
5.17091918684250214e-04
8.78556223450673393e-04
6.85233559800325388e-04
8.26704156520197131e-19
1.27415625761476787e-04
5.49724382768040920e-19
8.36037659944040068e-05
2.54204423099121664e-04
1.66817859366382077e-04
2.71050543121376109e-19
4.13955459433998553e-05
8.26048036700068158e-05
3.79744654637814770e-04
2.49255254258959303e-04
5.03424681149565608e-04
3.30534184859156903e-04
1.23442581975978153e-04
1.63725873749533753e-04
1.61947140787231593e-03
1.34468895432855902e-03
1.92001676541183686e-03
1.59566400548585537e-03
1.08890188691765388e-03
8.49808269902072879e-04
1.29320425593218544e-03
1.00998837766398068e-03
2.20837079472817549e-03
1.83721733463863010e-03
2.48293601421752629e-03
2.06807945969715839e-03
1.49040264785965247e-03
1.16498709042121861e-03
1.67951175286621388e-03
1.31406491209903236e-03
6.24647803114703306e-04
4.10280692532072333e-04
7.42836859806833560e-04
4.88131075785740740e-04
2.03274923371022905e-04
2.41914265061118482e-04
8.57438515740332357e-04
5.63734214427376226e-04
9.67927173002123306e-04
6.36753742335648023e-04
2.79473723350812814e-04
3.15789367553597877e-04
7.49184745689933287e-03
6.80207998941461268e-03
8.05996713375376969e-03
7.32736559411568695e-03
6.13382842447352146e-03
5.49126507335185796e-03
6.61658390902322528e-03
5.93200294948400923e-03
8.55784861470672981e-03
7.79111595606767852e-03
8.98433574678993499e-03
8.19217443716687560e-03
7.04599195872055491e-03
6.32700147945553393e-03
7.42090711758840085e-03
6.67513863013224733e-03
4.87762441400801071e-03
4.29515879160107840e-03
5.27702824872806724e-03
4.65404377900498212e-03
3.74511623695920198e-03
3.22774081913952769e-03
4.06438875917025568e-03
3.50835792665653724e-03
5.63767326063002901e-03
4.98049253747692537e-03
5.95847341886458076e-03
5.27346771252172782e-03
4.35687720121971482e-03
3.76717796181222234e-03
4.62160540541047687e-03
4.00329808343135099e-03
9.33949401404035942e-03
8.53042770341176995e-03
9.62454726489372567e-03
8.80675320815267962e-03
7.74106164002823227e-03
6.97601865430435338e-03
8.00702285715916562e-03
7.22993837598187757e-03
9.84178654679056415e-03
9.02294307356945637e-03
9.99445457562240201e-03
9.18160734308148645e-03
8.22013091080344913e-03
7.43783745600925302e-03
8.38241931528655934e-03
7.60123463260315921e-03
6.23893276678306064e-03
5.53240166447852098e-03
6.47911959610639795e-03
5.75717746206864077e-03
4.85796264938078218e-03
4.21609250223814545e-03
5.06569037719877598e-03
4.40520388234409352e-03
6.67962783179745605e-03
5.94809991923161713e-03
6.84152720697541513e-03
6.10585789163323178e-03
5.24486140325647332e-03
4.57052924691376053e-03
5.39585249537409550e-03
4.71220103676221920e-03
2.74229545851486980e-03
2.28710663886539604e-03
2.98522519744742233e-03
2.49329012951737339e-03
1.85962998131678501e-03
1.45653518994675202e-03
2.02994610987534138e-03
1.59176871357671564e-03
3.21070243244634844e-03
2.68576253815932175e-03
3.41790911721505299e-03
2.86380122132138008e-03
2.18974414418361468e-03
1.71919731708764564e-03
2.33840636861333204e-03
1.83831646332544853e-03
1.07380845829074941e-03
7.06870046921898292e-04
1.17462224506714209e-03
7.73782077473998773e-04
3.50704412969149296e-04
3.84070062517735374e-04
1.26994518370477207e-03
8.37208949044936914e-04
1.35939272550981136e-03
8.96891333230566434e-04
4.15746283571283141e-04
4.45602515884862356e-04
3.60623118472538830e-03
3.02682878495223870e-03
3.77525359298746567e-03
3.17441081453405253e-03
2.47541460619355672e-03
1.94868681766568693e-03
2.60034976265918240e-03
2.04993484616673586e-03
3.92475152315428875e-03
3.30625104688410691e-03
4.05467817140131841e-03
3.42218426489649102e-03
2.71288977598209457e-03
2.14175249865861811e-03
2.81280613520325153e-03
2.22389606048682079e-03
1.44262063954905578e-03
9.52592631939325023e-04
1.51932603396336260e-03
1.00409993495296688e-03
4.73518307713975911e-04
4.99383878401009969e-04
1.58924790546408632e-03
1.05122476657894368e-03
1.65216725164498736e-03
1.09380363087799803e-03
5.23100606901258283e-04
5.44581446869204762e-04
1.92982667531366552e-02
1.91721116465611158e-02
1.90016679142043336e-02
1.88811875082431635e-02
1.89635477059203333e-02
1.86750816514641670e-02
1.86819554667778838e-02
1.84062924436614248e-02
1.85983739188298608e-02
1.84843672812765800e-02
1.81076868021337635e-02
1.80007385117971555e-02
1.82957868334342293e-02
1.80347492916461995e-02
1.78237759265739079e-02
1.75786999490447834e-02
1.83101533951165012e-02
1.78730683330734219e-02
1.80573834675174551e-02
1.76392156981566364e-02
1.73689128057171634e-02
1.68034545340215238e-02
1.71565007066088251e-02
1.66145829404798669e-02
1.77041602894046912e-02
1.73076580922046711e-02
1.72681205216774700e-02
1.68953066224571298e-02
1.68495433152244141e-02
1.63346961448151452e-02
1.64641238226839251e-02
1.59789607385748059e-02
1.75491599431481619e-02
1.74496392242879314e-02
1.69420672554136155e-02
1.68501328634802598e-02
1.72849059039026504e-02
1.70566391913580979e-02
1.66978933799444146e-02
1.64868062812014785e-02
1.63049072420378971e-02
1.62205177168222338e-02
1.56549558822556070e-02
1.55778846342651996e-02
1.60807066938146066e-02
1.58867154109174520e-02
1.54501315940420800e-02
1.52727323507163559e-02
1.67671452609009161e-02
1.64193136781626038e-02
1.62188738995530379e-02
1.58966062630454125e-02
1.60165629855291806e-02
1.55627766046864385e-02
1.55229746865976938e-02
1.51013570999349971e-02
1.56402498696826334e-02
1.53434499121659282e-02
1.50471110696484712e-02
1.47750554838883170e-02
1.49988505977892601e-02
1.46093366977400659e-02
1.44586856543781790e-02
1.41004171571778997e-02
1.61830301623109227e-02
1.55144223118652037e-02
1.60193363308899425e-02
1.53770512495139643e-02
1.48047287725259664e-02
1.40612266253290399e-02
1.46943142287708738e-02
1.39778830105804341e-02
1.57684828308519952e-02
1.51566534448716161e-02
1.54446459443708470e-02
1.48663571168269580e-02
1.45052330836867964e-02
1.38204088358279374e-02
1.42495243449024377e-02
1.35997296606302845e-02
1.32912341946942007e-02
1.25019737715617897e-02
1.32345595860419770e-02
1.24710639277853808e-02
1.17004380281702271e-02
1.08932629613731485e-02
1.16939110977774575e-02
1.09092943364453611e-02
1.31084149157510762e-02
1.23754184063755643e-02
1.29226049248803310e-02
1.22237302333819998e-02
1.16274080334255528e-02
1.08700883256191098e-02
1.15085349932602006e-02
1.07822037587959607e-02
1.50622304200016214e-02
1.45195135822791706e-02
1.46354762725722683e-02
1.41293322457530963e-02
1.39394442150572277e-02
1.33269818118971657e-02
1.35871304026251027e-02
1.30132066984017317e-02
1.41780912693928521e-02
1.37085393974098087e-02
1.37029194727237430e-02
1.32690704521386312e-02
1.32042882888928365e-02
1.26690649850467220e-02
1.28019078167446662e-02
1.23045787074301371e-02
1.26871381807824469e-02
1.20248888193173024e-02
1.24119516298698638e-02
1.17877345471199754e-02
1.13450865913255344e-02
1.06523795219845875e-02
1.11448298992978204e-02
1.04873469607572219e-02
1.21066529996531509e-02
1.15208292142199003e-02
1.17802883391002408e-02
1.12322488312608243e-02
1.09153023505499554e-02
1.02936543038796794e-02
1.06636292785185632e-02
1.00775080945975197e-02
1.50078802216372254e-02
1.49377347899006148e-02
1.43774220908389067e-02
1.43136668091804614e-02
1.48213958746589401e-02
1.46597085470697372e-02
1.42078621195781130e-02
1.40606815988915650e-02
1.37751586731626966e-02
1.37171399100432002e-02
1.32103437820050157e-02
1.31573168779290442e-02
1.36207950850085590e-02
1.34866484780409995e-02
1.30692074721647754e-02
1.29464151531715477e-02
1.44538358548111836e-02
1.42052392756371604e-02
1.38730532312786349e-02
1.36461447599313529e-02
1.39156542961217551e-02
1.35870616268562450e-02
1.33813453804874655e-02
1.30802441556022060e-02
1.33154234140879634e-02
1.31080318583825725e-02
1.27894922916592241e-02
1.25991371562760076e-02
1.28655614074429034e-02
1.25892599411360807e-02
1.23761852994543290e-02
1.21215993842244737e-02
1.26898308021642352e-02
1.26409878188993349e-02
1.22180754005289556e-02
1.21725728172827462e-02
1.25597850184009496e-02
1.24465235229066166e-02
1.20968890676371697e-02
1.19912538666154655e-02
1.17972134245210095e-02
1.17541989660011476e-02
1.16826321702594646e-02
1.15826984758708295e-02
1.23016206746445651e-02
1.21256059027482800e-02
1.18559865970155713e-02
1.16914941351362149e-02
1.19191155438800322e-02
1.16828867135500541e-02
1.14982681170489546e-02
1.12768816899625202e-02
1.14546564743553212e-02
1.12988369009727283e-02
1.11156413558546503e-02
1.09055407689930793e-02
1.32216546560455454e-02
1.28218038211465220e-02
1.27446055974978923e-02
1.23763429230077104e-02
1.23900186412442131e-02
1.19289081999005789e-02
1.19774895324754743e-02
1.15501692988425868e-02
1.22805182483020116e-02
1.19408509788184250e-02
1.18364576531493973e-02
1.15219412665698764e-02
1.15718763077965955e-02
1.11752947221192347e-02
1.11793207585209348e-02
1.08099418745425217e-02
1.14411408982327545e-02
1.09294043103409962e-02
1.10965662756109459e-02
1.06188944416281735e-02
1.03963659676505112e-02
9.84463587538749775e-03
1.01193680966199569e-02
9.60017350417950374e-03
1.07528673552477454e-02
1.03063943027966419e-02
1.04152110658126962e-02
9.99658091837599821e-03
9.83769334867454909e-03
9.34857951968520555e-03
9.55553579463783685e-03
9.09357795678287194e-03
1.14177503423794902e-02
1.11246235063857321e-02
1.10279858011897800e-02
1.07523050841004560e-02
1.08045011924607429e-02
1.04584476493085349e-02
1.04506334060800576e-02
1.01238291478061536e-02
1.06690736250677921e-02
1.04068439662569519e-02
1.01195191929935695e-02
9.80782768407382002e-03
1.00875874800161018e-02
9.69309663503457875e-03
9.77281028600316889e-03
9.39854935320165799e-03
9.27619346359701176e-03
8.83812997751564841e-03
9.00206834787755858e-03
8.58443366669731957e-03
9.47255625856238681e-03
9.11454750256732865e-03
8.73469698415882054e-03
8.33395037949021672e-03
1.00866100563159165e-02
9.28606015908445270e-03
1.01229766057752898e-02
9.34019287245805088e-03
8.49652129001615512e-03
7.72215232428470535e-03
8.56556518122943492e-03
7.80303228840707741e-03
1.01087813944851553e-02
9.34833839911066757e-03
1.00495888084912704e-02
9.31513129611919247e-03
8.59306254808264898e-03
7.84664523791147976e-03
8.58279261950957786e-03
7.85599742646632751e-03
6.96630411975171764e-03
6.23147929143533057e-03
7.05579530732663301e-03
6.32628046782955471e-03
5.51931142551805552e-03
4.83056410241290875e-03
5.61611971872726535e-03
4.92614951334294920e-03
7.11211663978293315e-03
6.39181173082276500e-03
7.13758942228228180e-03
6.42980086335735550e-03
5.68735242900710730e-03
4.99964613971357399e-03
5.73423632248501458e-03
5.05187099993927372e-03
9.95113443594374675e-03
9.24536803300270854e-03
9.81916450521610855e-03
9.14387178510083984e-03
8.53868683166902204e-03
7.83423721584989262e-03
8.46471703360813892e-03
7.78456454114608010e-03
9.65928555447097097e-03
9.01536578404467381e-03
9.47682861101926954e-03
8.86435883803083670e-03
8.36479070769683905e-03
7.71014599445625330e-03
8.24265620227952051e-03
7.61403796515943559e-03
7.13466659827863108e-03
6.44209647084989512e-03
7.10586116933120595e-03
6.43061295871264448e-03
5.75810785210460665e-03
5.08373937130672873e-03
5.76037226534668184e-03
5.09623563105144999e-03
7.05367899340143822e-03
6.39727881065450723e-03
6.98055790007824552e-03
6.34398966885363087e-03
5.74246509932354026e-03
5.09038573354671058e-03
5.70581719003491854e-03
5.06723213835446815e-03
4.16514966719921075e-03
3.52216725606372717e-03
4.25642772224152019e-03
3.60626822267260316e-03
2.89995916855218102e-03
2.29618427651626230e-03
2.97429232962268669e-03
2.35849586702932199e-03
4.32890066429636108e-03
3.67465506472195716e-03
4.38306353731405564e-03
3.72758297500740739e-03
3.03582573094727083e-03
2.41076656687815808e-03
3.08464918615648700e-03
2.45298582638682743e-03
1.70790679027349587e-03
1.13169836870365874e-03
1.75633033758464466e-03
1.16479634301880483e-03
5.63751270014426105e-04
5.80547140441417661e-04
1.79734190358035338e-03
1.19301047158061526e-03
1.83088456629612378e-03
1.21627912805190698e-03
5.94918523588738824e-04
6.06827434162458042e-04
4.41949795275229599e-03
3.76538178912375629e-03
4.43885235762052615e-03
3.78844352154919257e-03
3.12091502480534803e-03
2.48519331491000922e-03
3.14483093799313232e-03
2.50747536567196483e-03
4.44182334334314918e-03
3.79721049320639464e-03
4.42913855807709669e-03
3.79216441712271202e-03
3.15665309848893851e-03
2.51996149371467573e-03
3.15667977687005301e-03
2.52282110779968776e-03
1.85693918886223113e-03
1.23456593386736643e-03
1.87552304294981041e-03
1.24785946373888543e-03
6.16248528102291077e-04
6.23169144112693373e-04
1.88668839991374239e-03
1.25617288752610280e-03
1.89052114673886654e-03
1.25954357034328162e-03
6.27589300624541006e-04
6.29521654215723877e-04
9.27673152378468042e-03
8.69504609959863804e-03
9.06344234889771769e-03
8.51122753213775368e-03
8.10182053135815802e-03
7.49911991602348650e-03
7.94548177754634231e-03
7.36803945391254975e-03
8.84084586562709079e-03
8.31624583259362761e-03
8.61221442852443814e-03
8.11294483289711800e-03
7.77647755999633875e-03
7.22317038762277860e-03
7.59725042007645783e-03
7.06658447097010135e-03
6.88881477727372113e-03
6.27256749858086209e-03
6.78060195080989504e-03
6.18472686316529248e-03
5.65182415989065948e-03
5.02781188759517540e-03
5.58182115620530113e-03
4.97313839397577149e-03
6.65787380875831284e-03
6.08204905014709564e-03
6.52236423018483051e-03
5.96596448664291588e-03
5.49706340054027971e-03
4.90418734806161768e-03
5.39871288236450173e-03
4.82188699057346098e-03
8.38018347398128589e-03
7.90364865359472271e-03
8.14675112748253216e-03
7.69016114700941597e-03
7.40983035662896340e-03
6.90003702474255558e-03
7.21583413197813411e-03
6.72496613455629295e-03
7.91330053255249848e-03
7.47378446997551057e-03
7.01648039091197495e-03
6.54250465033575854e-03
6.37557497738129673e-03
5.83774357232197741e-03
6.21877481596993381e-03
5.69849575286917459e-03
5.28783129865213058e-03
4.72711282841244574e-03
5.16537911182213347e-03
4.62068670750131073e-03
6.05300875209731533e-03
5.54917636585311458e-03
5.03222037958036151e-03
4.50337999685438643e-03
4.40154170613422761e-03
3.77381675863286241e-03
4.35978002473441737e-03
3.74270062692098979e-03
3.14524564609460801e-03
2.51626052237857896e-03
3.12271693206804708e-03
2.50052035781624321e-03
4.30459452395173369e-03
3.69936438778808952e-03
4.23671316418088115e-03
3.64436711572153123e-03
3.08948752838071692e-03
2.47587339653234512e-03
3.04597615083893047e-03
2.44262294027763286e-03
1.88713947792807550e-03
1.25803265124963112e-03
1.87669270694667211e-03
1.25172461871591017e-03
6.28991425500441924e-04
6.26036298286819243e-04
1.85936023198412788e-03
1.24072689831599293e-03
1.83535068085504977e-03
1.22516946479885600e-03
6.20706297387039747e-04
6.13063649827095300e-04
4.15684703063439343e-03
3.57827592907318092e-03
4.06568945013537596e-03
3.50166517782750809e-03
2.99262456305983892e-03
2.40110169004910390e-03
2.92989685960876132e-03
2.35167114581581608e-03
3.96391788546469719e-03
3.41511738133957240e-03
2.85827974919368412e-03
2.29472149887217361e-03
1.80490124907740717e-03
1.20520448688947999e-03
1.76827723375872913e-03
1.18100600886844641e-03
6.03182633324342689e-04
5.91149414753306800e-04
1.72577175408875874e-03
1.15276966820043779e-03
5.77061879871802719e-04
-1.17972134245210823e-02
-1.17541989660012586e-02
-1.22180754005292366e-02
-1.21725728172828868e-02
-1.16826321702595132e-02
-1.15826984758708451e-02
-1.20968890676372356e-02
-1.19912538666155331e-02
-1.26898308021641901e-02
-1.26409878188993262e-02
-1.32103437820048318e-02
-1.31573168779289887e-02
-1.25597850184010727e-02
-1.24465235229067189e-02
-1.30692074721648292e-02
-1.29464151531716292e-02
-1.14546564743553351e-02
-1.12988369009727786e-02
-1.18559865970156962e-02
-1.16914941351364023e-02
-1.11156413558546815e-02
-1.09055407689930845e-02
-1.14982681170490812e-02
-1.12768816899625930e-02
-1.23016206746446918e-02
-1.21256059027483702e-02
-1.27894922916594357e-02
-1.25991371562762036e-02
-1.19191155438801294e-02
-1.16828867135501131e-02
-1.23761852994545667e-02
-1.21215993842245934e-02
-1.37751586731627348e-02
-1.37171399100432263e-02
-1.43774220908388997e-02
-1.43136668091804961e-02
-1.36207950850085573e-02
-1.34866484780410429e-02
-1.42078621195781025e-02
-1.40606815988915355e-02
-1.50078802216371335e-02
-1.49377347899004725e-02
-1.56549558822556972e-02
-1.55778846342652828e-02
-1.48213958746588135e-02
-1.46597085470696296e-02
-1.54501315940421928e-02
-1.52727323507164531e-02
-1.33154234140881143e-02
-1.31080318583827616e-02
-1.38730532312785117e-02
-1.36461447599312488e-02
-1.28655614074430213e-02
-1.25892599411361380e-02
-1.33813453804873615e-02
-1.30802441556022060e-02
-1.44538358548110136e-02
-1.42052392756370355e-02
-1.50471110696484677e-02
-1.47750554838882789e-02
-1.39156542961216684e-02
-1.35870616268562467e-02
-1.44586856543780749e-02
-1.41004171571778684e-02
-1.06690736250678441e-02
-1.04068439662570213e-02
-1.10279858011898425e-02
-1.07523050841005115e-02
-1.01195191929936319e-02
-9.80782768407383043e-03
-1.04506334060801773e-02
-1.01238291478062455e-02
-1.14177503423795075e-02
-1.11246235063857286e-02
-1.18364576531495239e-02
-1.15219412665699336e-02
-1.08045011924607689e-02
-1.04584476493085887e-02
-1.11793207585208672e-02
-1.08099418745424905e-02
-9.47255625856243018e-03
-9.11454750256739110e-03
-9.77281028600321920e-03
-9.39854935320169962e-03
-8.73469698415884135e-03
-8.33395037949020978e-03
-9.00206834787760368e-03
-8.58443366669734212e-03
-1.00875874800161365e-02
-9.69309663503458742e-03
-1.04152110658126892e-02
-9.99658091837600168e-03
-9.27619346359701696e-03
-8.83812997751568137e-03
-9.55553579463785940e-03
-9.09357795678290316e-03
-1.22805182483021018e-02
-1.19408509788185811e-02
-1.27446055974978836e-02
-1.23763429230077538e-02
-1.15718763077966563e-02
-1.11752947221192174e-02
-1.19774895324755281e-02
-1.15501692988426510e-02
-1.32216546560455228e-02
-1.28218038211464543e-02
-1.37029194727236944e-02
-1.32690704521386312e-02
-1.23900186412442357e-02
-1.19289081999006917e-02
-1.28019078167446732e-02
-1.23045787074301666e-02
-1.07528673552477732e-02
-1.03063943027966801e-02
-1.10965662756109962e-02
-1.06188944416282134e-02
-9.83769334867459766e-03
-9.34857951968524024e-03
-1.01193680966200142e-02
-9.60017350417956966e-03
-1.14411408982328100e-02
-1.09294043103410274e-02
-1.17802883391003345e-02
-1.12322488312609561e-02
-1.03963659676505511e-02
-9.84463587538755500e-03
-1.06636292785186881e-02
-1.00775080945975648e-02
-1.63049072420379977e-02
-1.62205177168224107e-02
-1.69420672554135912e-02
-1.68501328634802043e-02
-1.60807066938148079e-02
-1.58867154109175596e-02
-1.66978933799443036e-02
-1.64868062812013640e-02
-1.75491599431483111e-02
-1.74496392242880285e-02
-1.81076868021339196e-02
-1.80007385117973394e-02
-1.72849059039026434e-02
-1.70566391913581257e-02
-1.78237759265741647e-02
-1.75786999490449500e-02
-1.56402498696826854e-02
-1.53434499121659663e-02
-1.62188738995529581e-02
-1.58966062630453743e-02
-1.49988505977893330e-02
-1.46093366977401509e-02
-1.55229746865977840e-02
-1.51013570999351202e-02
-1.67671452609009092e-02
-1.64193136781625483e-02
-1.72681205216775810e-02
-1.68953066224572235e-02
-1.60165629855291251e-02
-1.55627766046863934e-02
-1.64641238226839286e-02
-1.59789607385747157e-02
-1.85983739188299267e-02
-1.84843672812766355e-02
-1.90016679142044689e-02
-1.88811875082432086e-02
-1.82957868334343125e-02
-1.80347492916463209e-02
-1.86819554667778109e-02
-1.84062924436614664e-02
-1.92982667531365407e-02
-1.91721116465610186e-02
-1.94696697924257416e-02
-1.93388467095170768e-02
-1.89635477059202293e-02
-1.86750816514640074e-02
-1.91226127150879652e-02
-1.88236368968483017e-02
-1.77041602894048751e-02
-1.73076580922048445e-02
-1.80573834675175418e-02
-1.76392156981566295e-02
-1.68495433152245355e-02
-1.63346961448151903e-02
-1.71565007066088009e-02
-1.66145829404798911e-02
-1.83101533951163034e-02
-1.78730683330732484e-02
-1.84455815512818873e-02
-1.79930296746252903e-02
-1.73689128057170628e-02
-1.68034545340214406e-02
-1.74713944293867357e-02
-1.68868125252824922e-02
-1.41780912693929666e-02
-1.37085393974099787e-02
-1.46354762725723897e-02
-1.41293322457531657e-02
-1.32042882888929129e-02
-1.26690649850467307e-02
-1.35871304026251721e-02
-1.30132066984018080e-02
-1.50622304200015780e-02
-1.45195135822791151e-02
-1.54446459443708401e-02
-1.48663571168268852e-02
-1.39394442150571861e-02
-1.33269818118971588e-02
-1.42495243449022972e-02
-1.35997296606301752e-02
-1.21066529996532897e-02
-1.15208292142200547e-02
-1.24119516298699384e-02
-1.17877345471200396e-02
-1.09153023505500421e-02
-1.02936543038797124e-02
-1.11448298992978603e-02
-1.04873469607572808e-02
-1.26871381807824313e-02
-1.20248888193172660e-02
-1.29226049248802426e-02
-1.22237302333819305e-02
-1.13450865913255622e-02
-1.06523795219845632e-02
-1.15085349932602405e-02
-1.07822037587960128e-02
-1.57684828308519639e-02
-1.51566534448716646e-02
-1.60193363308899148e-02
-1.53770512495140753e-02
-1.45052330836867149e-02
-1.38204088358278090e-02
-1.46943142287709431e-02
-1.39778830105804341e-02
-1.61830301623109227e-02
-1.55144223118652974e-02
-1.62460237971362789e-02
-1.55562395565933525e-02
-1.48047287725259925e-02
-1.40612266253289150e-02
-1.48250025331122491e-02
-1.40600413974380934e-02
-1.31084149157510051e-02
-1.23754184063755487e-02
-1.32345595860419475e-02
-1.24710639277852923e-02
-1.16274080334255545e-02
-1.08700883256191410e-02
-1.16939110977773552e-02
-1.09092943364452900e-02
-1.32912341946941140e-02
-1.25019737715616839e-02
-1.32691229738008017e-02
-1.24599052929842656e-02
-1.17004380281701004e-02
-1.08932629613730670e-02
-1.16397946161966945e-02
-1.08158094698239376e-02
-7.91330053255248807e-03
-7.47378446997556609e-03
-8.14675112748256686e-03
-7.69016114700946628e-03
-7.01648039091199750e-03
-6.54250465033578543e-03
-7.21583413197817575e-03
-6.72496613455631897e-03
-8.38018347398133620e-03
-7.90364865359474700e-03
-8.61221442852446936e-03
-8.11294483289715269e-03
-7.40983035662898595e-03
-6.90003702474256686e-03
-7.59725042007648212e-03
-7.06658447097010048e-03
-6.05300875209734308e-03
-5.54917636585309983e-03
-6.21877481596997978e-03
-5.69849575286918934e-03
-5.03222037958038233e-03
-4.50337999685439770e-03
-5.16537911182216730e-03
-4.62068670750133675e-03
-6.37557497738132362e-03
-5.83774357232199562e-03
-6.52236423018483658e-03
-5.96596448664294537e-03
-5.28783129865213492e-03
-4.72711282841245008e-03
-5.39871288236451041e-03
-4.82188699057346792e-03
-8.84084586562712896e-03
-8.31624583259366230e-03
-9.06344234889777320e-03
-8.51122753213778144e-03
-7.77647755999636564e-03
-7.22317038762280809e-03
-7.94548177754638395e-03
-7.36803945391258010e-03
-9.27673152378471859e-03
-8.69504609959865886e-03
-9.47682861101928689e-03
-8.86435883803086272e-03
-8.10182053135817710e-03
-7.49911991602349344e-03
-8.24265620227952918e-03
-7.61403796515944600e-03
-6.65787380875835534e-03
-6.08204905014716329e-03
-6.78060195080990979e-03
-6.18472686316530029e-03
-5.49706340054031961e-03
-4.90418734806164283e-03
-5.58182115620530980e-03
-4.97313839397579751e-03
-6.88881477727370812e-03
-6.27256749858083953e-03
-6.98055790007825333e-03
-6.34398966885363780e-03
-5.65182415989066815e-03
-5.02781188759520142e-03
-5.70581719003492721e-03
-5.06723213835446641e-03
-3.96391788546470846e-03
-3.41511738133958367e-03
-4.06568945013539417e-03
-3.50166517782753497e-03
-2.85827974919368845e-03
-2.29472149887217057e-03
-2.92989685960880772e-03
-2.35167114581582778e-03
-4.15684703063439603e-03
-3.57827592907319003e-03
-4.23671316418089763e-03
-3.64436711572154598e-03
-2.99262456305985670e-03
-2.40110169004911517e-03
-3.04597615083894002e-03
-2.44262294027765671e-03
-1.72577175408876720e-03
-1.15276966820044690e-03
-1.76827723375873650e-03
-1.18100600886844901e-03
-5.77061879871809116e-04
-5.91149414753311246e-04
-1.80490124907740500e-03
-1.20520448688947695e-03
-1.83535068085506148e-03
-1.22516946479885990e-03
-6.03182633324339870e-04
-6.13063649827088469e-04
-4.30459452395177012e-03
-3.69936438778813203e-03
-4.35978002473444513e-03
-3.74270062692100714e-03
-3.08948752838073340e-03
-2.47587339653236160e-03
-3.12271693206804101e-03
-2.50052035781624538e-03
-4.40154170613422588e-03
-3.77381675863284506e-03
-4.42913855807709755e-03
-3.79216441712271332e-03
-3.14524564609459240e-03
-2.51626052237855554e-03
-3.15667977687002959e-03
-2.52282110779966781e-03
-1.85936023198414197e-03
-1.24072689831600204e-03
-1.87669270694667926e-03
-1.25172461871591646e-03
-6.20706297387042132e-04
-6.26036298286823255e-04
-1.88713947792805816e-03
-1.25803265124962158e-03
-1.89052114673886437e-03
-1.25954357034327425e-03
-6.28991425500437153e-04
-6.29521654215721167e-04
-9.65928555447101607e-03
-9.01536578404472239e-03
-9.81916450521614845e-03
-9.14387178510085372e-03
-8.36479070769687374e-03
-7.71014599445631402e-03
-8.46471703360816841e-03
-7.78456454114613648e-03
-9.95113443594369297e-03
-9.24536803300266344e-03
-1.00495888084912964e-02
-9.31513129611918553e-03
-8.53868683166899775e-03
-7.83423721584985099e-03
-8.58279261950959001e-03
-7.85599742646630149e-03
-7.05367899340148072e-03
-6.39727881065453759e-03
-7.10586116933125365e-03
-6.43061295871266356e-03
-5.74246509932356715e-03
-5.09038573354672185e-03
-5.76037226534669745e-03
-5.09623563105147167e-03
-7.13466659827858684e-03
-6.44209647084985262e-03
-7.13758942228224884e-03
-6.42980086335734075e-03
-5.75810785210456935e-03
-5.08373937130669837e-03
-5.73423632248500851e-03
-5.05187099993925203e-03
-1.01087813944851865e-02
-9.34833839911068491e-03
-1.01229766057752569e-02
-9.34019287245804741e-03
-8.59306254808266806e-03
-7.84664523791150058e-03
-8.56556518122940543e-03
-7.80303228840707134e-03
-1.00866100563158628e-02
-9.28606015908439719e-03
-9.99445457562233783e-03
-9.18160734308144134e-03
-8.49652129001611175e-03
-7.72215232428466198e-03
-8.38241931528651077e-03
-7.60123463260311324e-03
-7.11211663978294963e-03
-6.39181173082278755e-03
-7.05579530732665123e-03
-6.32628046782957813e-03
-5.68735242900712899e-03
-4.99964613971358701e-03
-5.61611971872727923e-03
-4.92614951334297262e-03
-6.96630411975168208e-03
-6.23147929143530281e-03
-6.84152720697535442e-03
-6.10585789163317107e-03
-5.51931142551802343e-03
-4.83056410241287579e-03
-5.39585249537404867e-03
-4.71220103676217583e-03
-4.44182334334316913e-03
-3.79721049320641459e-03
-4.43885235762053743e-03
-3.78844352154919517e-03
-3.15665309848896279e-03
-2.51996149371468180e-03
-3.14483093799314186e-03
-2.50747536567196613e-03
-4.41949795275226997e-03
-3.76538178912373504e-03
-4.38306353731404523e-03
-3.72758297500740783e-03
-3.12091502480533068e-03
-2.48519331491002006e-03
-3.08464918615649047e-03
-2.45298582638683654e-03
-1.88668839991374131e-03
-1.25617288752609695e-03
-1.87552304294979458e-03
-1.24785946373888283e-03
-6.27589300624536994e-04
-6.23169144112691855e-04
-1.85693918886224631e-03
-1.23456593386737814e-03
-1.83088456629614330e-03
-1.21627912805191869e-03
-6.16248528102298883e-04
-6.06827434162464006e-04
-4.32890066429637236e-03
-3.67465506472196149e-03
-4.25642772224155315e-03
-3.60626822267261183e-03
-3.03582573094727257e-03
-2.41076656687816675e-03
-2.97429232962268713e-03
-2.35849586702932806e-03
-4.16514966719918212e-03
-3.52216725606369812e-03
-4.05467817140124816e-03
-3.42218426489644028e-03
-2.89995916855215544e-03
-2.29618427651624279e-03
-2.81280613520321944e-03
-2.22389606048679998e-03
-1.79734190358036162e-03
-1.19301047158062437e-03
-1.75633033758464856e-03
-1.16479634301880092e-03
-5.94918523588740776e-04
-5.80547140441416468e-04
-1.70790679027347635e-03
-1.13169836870364400e-03
-1.65216725164497348e-03
-1.09380363087799586e-03
-5.63751270014423069e-04
-5.44581446869205846e-04
-1.94987302878777413e-02
-1.93644407751459718e-02
-1.93701929840938147e-02
-1.92338147267633632e-02
-1.91425195582269267e-02
-1.88357688987230119e-02
-1.90084793004174704e-02
-1.86970879475890708e-02
-1.90711994027863395e-02
-1.89342620320448116e-02
-1.85917440378805983e-02
-1.84558999501235714e-02
-1.87080357082489053e-02
-1.83954821105040411e-02
-1.82315082372684553e-02
-1.79215489057103980e-02
-1.84480334487775802e-02
-1.79841237607478166e-02
-1.83036207958602835e-02
-1.78330573505382922e-02
-1.74497207844301061e-02
-1.68512633983916547e-02
-1.72912772264428825e-02
-1.66849432471283601e-02
-1.80006639984921744e-02
-1.75286637779549087e-02
-1.75301096187586020e-02
-1.70623035277463475e-02
-1.69854818275529118e-02
-1.63779167679119521e-02
-1.65241666830688305e-02
-1.59225372263857301e-02
-1.79250658479125739e-02
-1.77920567257684875e-02
-1.70679611763099107e-02
-1.69395810510939437e-02
-1.75723721433349508e-02
-1.72689656660914813e-02
-1.67275622453016033e-02
-1.64347854588216477e-02
-1.60210064754240447e-02
-1.58990622963916771e-02
-1.47886818891239322e-02
-1.46749526617920706e-02
-1.56976890478066969e-02
-1.54196475551678890e-02
-1.44871585355582609e-02
-1.42278939816140350e-02
-1.68858884891715938e-02
-1.64282078040256865e-02
-1.60652017774673486e-02
-1.56237528935435511e-02
-1.59019048789933899e-02
-1.53137550413122454e-02
-1.51162715017558423e-02
-1.45493640088371762e-02
-1.50687243542599186e-02
-1.46496551017091213e-02
-1.39007172709410837e-02
-1.35100783968132160e-02
-1.41680289541666650e-02
-1.36301759694174053e-02
-1.30612290875493486e-02
-1.25601168421921872e-02
-1.61958213847057178e-02
-1.54909565670314220e-02
-1.60213694170978117e-02
-1.53083765956113123e-02
-1.47445750838256472e-02
-1.39647739560694231e-02
-1.45541389625897643e-02
-1.37670245621893377e-02
-1.57134302401978933e-02
-1.49999990925676514e-02
-1.52649189553755033e-02
-1.45593321865284606e-02
-1.42459581411906906e-02
-1.34598368724046479e-02
-1.38141551123152351e-02
-1.30379590507984800e-02
-1.31596852281831850e-02
-1.23373210092324812e-02
-1.29554333336587644e-02
-1.21276360894316173e-02
-1.15054227180405241e-02
-1.06713177409526183e-02
-1.12916178759559036e-02
-1.04549290540648446e-02
-1.26501935796522157e-02
-1.18254504804031213e-02
-1.22393411140163597e-02
-1.14267578734879392e-02
-1.09937333331896949e-02
-1.01627189737264582e-02
-1.06083635758587244e-02
-9.79185635957810496e-03
-1.46711921358073649e-02
-1.39821603675202230e-02
-1.39302780742674506e-02
-1.32667578240125636e-02
-1.32549567046900130e-02
-1.24980672189660448e-02
-1.25668898423095983e-02
-1.18389432424795271e-02
-1.30430399466310160e-02
-1.24140394346078497e-02
-1.20132652643234264e-02
-1.14276432625530413e-02
-1.17509198894996322e-02
-1.10616001516363055e-02
-1.08105259240022736e-02
-1.01693500441934221e-02
-1.17200008671810470e-02
-1.09291242706966926e-02
-1.10912072423231083e-02
-1.03318297201667290e-02
-1.01335010231414710e-02
-9.34073895585348958e-03
-9.56866020298655431e-03
-8.80910063879263711e-03
-1.03540165307012405e-02
-9.63596783698801931e-03
-9.51156740933665687e-03
-8.84449897263979087e-03
-8.91496467280369735e-03
-8.19808620277100511e-03
-8.17519304397853683e-03
-7.51029052254355550e-03
-1.33793897733034128e-02
-1.32755853934398080e-02
-1.18053655023043907e-02
-1.17130864413180196e-02
-1.31041898888167290e-02
-1.28675865479322554e-02
-1.15607285452139063e-02
-1.13504218434075932e-02
-1.00824813106993056e-02
-1.00031803006537818e-02
-8.22994733696005669e-03
-8.16489415910398759e-03
-9.87225533745897388e-03
-9.69154491371285003e-03
-8.05749575607280985e-03
-7.90926556700433624e-03
-1.25690439268344445e-02
-1.22126495592548897e-02
-1.10850874998269077e-02
-1.07683785085781088e-02
-1.18032271954607200e-02
-1.13462393475688584e-02
-1.04046056543183971e-02
-9.99865032793430079e-03
-9.46357033152696661e-03
-9.19148447386541369e-03
-7.72227908910234212e-03
-7.49913167946141858e-03
-8.87900784733284751e-03
-8.53035327054900948e-03
-7.24288587222705459e-03
-6.95700934308612819e-03
-6.26991734957252963e-03
-6.22016775023915940e-03
-4.22700973122418742e-03
-4.19337937555433991e-03
-6.13803660575562397e-03
-6.02468439626110963e-03
-4.13786033073207989e-03
-4.06123853596197792e-03
-2.12775706396517699e-03
-2.11080129468261450e-03
-2.08280997270976140e-03
-2.04417979182652376e-03
-5.88170256258493864e-03
-5.71108113369612688e-03
-3.96459179240169456e-03
-3.84926783129053507e-03
-5.51516831085869293e-03
-5.29662287696038708e-03
-3.71685693291196962e-03
-3.56915968478709782e-03
-1.99545475748424180e-03
-1.93731511471726412e-03
-1.87056352510707544e-03
-1.79610878985259287e-03
-1.08476772341456404e-02
-1.03139404867217486e-02
-9.55586607003503473e-03
-9.08197095617244848e-03
-9.75170919957305676e-03
-9.16781106701038302e-03
-8.58293313339314294e-03
-8.06485196346935773e-03
-8.15014082579044487e-03
-7.74330490013006023e-03
-6.64530485370962067e-03
-6.31183368057031124e-03
-7.31499531136541471e-03
-6.87047463993202372e-03
-5.96083417182507840e-03
-5.59663717967040942e-03
-8.56908645596742707e-03
-7.96225430364981210e-03
-7.53383732079791757e-03
-6.99588963050731902e-03
-7.35378170949826677e-03
-6.74976000818309010e-03
-6.45678321395725015e-03
-5.92195543496101730e-03
-6.41501396803099890e-03
-5.95378925963647304e-03
-5.22358018150771274e-03
-4.84592192997370351e-03
-5.49178059918928145e-03
-5.03367644297328908e-03
-4.46775945882422858e-03
-4.09294921909092186e-03
-5.05836045340195360e-03
-4.80349475874021232e-03
-3.40815057177789845e-03
-3.23593818007911638e-03
-4.53527513012290471e-03
-4.25702164812573770e-03
-3.05472286946602278e-03
-2.86675282207604631e-03
-1.71494746864720750e-03
-1.62814378914641496e-03
-1.53680827835522859e-03
-1.44207557448144236e-03
-3.97205925618123075e-03
-3.68365228628622469e-03
-2.67427941026976684e-03
-2.47951284000349093e-03
-3.39494079264875993e-03
-3.10888005460237607e-03
-2.28457901935201360e-03
-2.09147857449365135e-03
-1.34508189510070160e-03
-1.24694264448997789e-03
-1.14873063955596324e-03
-1.05145541998893097e-03
-9.84178654679056762e-03
-9.02294307356946851e-03
-9.62454726489383842e-03
-8.80675320815273339e-03
-8.22013091080347341e-03
-7.43783745600928598e-03
-8.00702285715920725e-03
-7.22993837598191573e-03
-9.33949401404039758e-03
-8.53042770341175087e-03
-8.98433574678988642e-03
-8.19217443716682703e-03
-7.74106164002818196e-03
-6.97601865430429440e-03
-7.42090711758834100e-03
-6.67513863013218835e-03
-6.67962783179746646e-03
-5.94809991923162668e-03
-6.47911959610641009e-03
-5.75717746206865638e-03
-5.24486140325649761e-03
-4.57052924691378655e-03
-5.06569037719878899e-03
-4.40520388234411260e-03
-6.23893276678301294e-03
-5.53240166447847414e-03
-5.95847341886454954e-03
-5.27346771252169225e-03
-4.85796264938072320e-03
-4.21609250223810295e-03
-4.62160540541042743e-03
-4.00329808343131803e-03
-8.55784861470671940e-03
-7.79111595606771928e-03
-8.05996713375373500e-03
-7.32736559411569042e-03
-7.04599195872059395e-03
-6.32700147945552439e-03
-6.61658390902325391e-03
-5.93200294948402051e-03
-7.49184745689924353e-03
-6.80207998941453722e-03
-6.85590004687059752e-03
-6.21748571933330996e-03
-6.13382842447345207e-03
-5.49126507335180331e-03
-5.59976978744365899e-03
-5.00665233811608407e-03
-5.63767326063005676e-03
-4.98049253747697394e-03
-5.27702824872808805e-03
-4.65404377900497691e-03
-4.35687720121972783e-03
-3.76717796181223839e-03
-4.06438875917025308e-03
-3.50835792665653593e-03
-4.87762441400796127e-03
-4.29515879160103156e-03
-4.44114969047179533e-03
-3.90535276582320776e-03
-3.74511623695916512e-03
-3.22774081913949342e-03
-3.40040627899324812e-03
-2.92650914250431422e-03
-3.92475152315430609e-03
-3.30625104688411948e-03
-3.77525359298751511e-03
-3.17441081453408288e-03
-2.71288977598210627e-03
-2.14175249865862288e-03
-2.60034976265920148e-03
-2.04993484616674410e-03
-3.60623118472538397e-03
-3.02682878495224824e-03
-3.41790911721503955e-03
-2.86380122132138572e-03
-2.47541460619356279e-03
-1.94868681766569257e-03
-2.33840636861334461e-03
-1.83831646332545395e-03
-1.58924790546409456e-03
-1.05122476657894932e-03
-1.51932603396336867e-03
-1.00409993495296926e-03
-5.23100606901259475e-04
-4.99383878401010619e-04
-1.44262063954905817e-03
-9.52592631939325131e-04
-1.35939272550981548e-03
-8.96891333230566976e-04
-4.73518307713976508e-04
-4.45602515884861272e-04
-3.21070243244635104e-03
-2.68576253815931958e-03
-2.98522519744738373e-03
-2.49329012951734000e-03
-2.18974414418360644e-03
-1.71919731708763263e-03
-2.02994610987531580e-03
-1.59176871357670047e-03
-2.74229545851482383e-03
-2.28710663886535267e-03
-2.48293601421750807e-03
-2.06807945969713454e-03
-1.85962998131675465e-03
-1.45653518994673945e-03
-1.67951175286618786e-03
-1.31406491209901935e-03
-1.26994518370476773e-03
-8.37208949044936372e-04
-1.17462224506713168e-03
-7.73782077473990967e-04
-4.15746283571282653e-04
-3.84070062517732447e-04
-1.07380845829073445e-03
-7.06870046921886583e-04
-9.67927173002111271e-04
-6.36753742335642060e-04
-3.50704412969143496e-04
-3.15789367553593757e-04
-6.15578996756922531e-03
-5.57687855567763971e-03
-5.39640401230833278e-03
-4.88459468528966347e-03
-5.01734946794706385e-03
-4.48076930604814593e-03
-4.39038119279819023e-03
-3.91693925811212491e-03
-4.58378492680109814e-03
-4.14595411909703289e-03
-3.72503402900710824e-03
-3.36717739388859433e-03
-3.72350291310695599e-03
-3.31916402002308810e-03
-3.02210659121800911e-03
-2.69206572510756643e-03
-3.96989095861819893e-03
-3.48661535995752970e-03
-3.46671596645284266e-03
-3.04139558748369289e-03
-3.03197240306087024e-03
-2.60612136700858962e-03
-2.64188253731151464e-03
-2.26830180202431796e-03
-2.93504026130559205e-03
-2.57257506912660474e-03
-2.37877973723851603e-03
-2.08343012300390637e-03
-2.23253779491909337e-03
-1.91502410417470183e-03
-1.80664284707407214e-03
-1.54848868747423356e-03
-2.82818454035815500e-03
-2.55527752549011616e-03
-1.90204888820714752e-03
-1.71792996975339259e-03
-2.29224743657642765e-03
-2.04081184382493876e-03
-1.54053488135949090e-03
-1.37102534720249733e-03
-9.56044084411746117e-04
-8.63324060883963944e-04
-7.74008177887061601e-04
-6.88682351774473514e-04
-1.80228985996802897e-03
-1.57758351983061564e-03
-1.21029305795403055e-03
-1.05894706004167516e-03
-1.36716851971468685e-03
-1.17109449233360782e-03
-9.17307486490787994e-04
-7.85405748396484737e-04
-6.07796149704202234e-04
-5.31656424517542572e-04
-4.60424151239023714e-04
-3.94114525296709764e-04
-2.20837079472817593e-03
-1.83721733463863379e-03
-1.92001676541183447e-03
-1.59566400548585645e-03
-1.49040264785965551e-03
-1.16498709042121948e-03
-1.29320425593218696e-03
-1.00998837766397981e-03
-1.61947140787230054e-03
-1.34468895432854492e-03
-1.30849596725366498e-03
-1.08567536378118478e-03
-1.08890188691764260e-03
-8.49808269902065073e-04
-8.78556223450665153e-04
-6.85233559800319859e-04
-8.57438515740332249e-04
-5.63734214427375792e-04
-7.42836859806832585e-04
-4.88131075785739601e-04
-2.79473723350812868e-04
-2.41914265061118048e-04
-6.24647803114697776e-04
-4.10280692532068484e-04
-5.03424681149561163e-04
-3.30534184859153921e-04
-2.03274923371021062e-04
-1.63725873749532181e-04
-9.88994785875217100e-04
-8.20105509359436149e-04
-6.62991165725090371e-04
-5.49543876295852389e-04
-6.63293405254696141e-04
-5.17091918684249672e-04
-4.44293725476443036e-04
-3.46244709291051566e-04
-3.32600311705346546e-04
-2.75618363851686779e-04
-2.22779161700912848e-04
-1.73579153695393421e-04
-3.79744654637814282e-04
-2.49255254258959032e-04
-2.54204423099120308e-04
-1.66817859366381183e-04
-1.23442581975977990e-04
-8.26048036700064228e-05
-1.27415625761474239e-04
-8.36037659944023127e-05
-4.13955459433990218e-05
