4096
-1.42936809849163182e-21
9.23265912507187370e-20
-6.18334051495639248e-20
2.11247240494931653e-05
2.50721752387272900e-19
6.77001025593421688e-05
-1.42301535138722457e-19
6.25040274240342314e-05
1.74157625982403099e-04
5.48877349820786620e-19
1.62722372658190674e-04
8.60585474410369144e-19
3.24492838797062796e-04
3.79352462154166400e-04
7.13379198399644466e-04
-3.25260651745651330e-19
1.41853837017810502e-04
3.53217975655629058e-04
-6.91178884959509077e-19
2.72337643745885366e-04
6.29917843541876019e-04
6.96829464630925577e-04
1.22246973478553787e-03
1.14959532097210805e-03
1.89218156464383055e-03
3.30681662608078852e-18
5.64786715921966414e-04
5.54298360683214142e-18
8.87591485536135243e-04
1.19887823291860455e-03
1.84339485051933935e-03
7.44033740868177418e-18
1.28852580081833894e-03
6.50521303491302660e-18
1.75499127343732879e-03
2.63825410119008803e-03
3.55885687872948718e-03
1.96191305010080547e-03
2.92544817235124198e-03
2.89619112960568404e-03
4.17353799014333164e-03
4.10027993675333383e-03
5.45095525428737626e-03
5.70756207657936374e-03
7.45356507376570242e-03
-1.21295118046815809e-18
4.61423028124678235e-04
1.01827567902838595e-03
-1.81603863891321993e-18
7.10684631994908176e-04
1.52092426556329000e-03
1.75646750773659609e-03
2.74370033200788035e-03
2.52015209837570722e-03
3.77844431320728102e-03
-2.85958322993051794e-18
1.01638973874115714e-03
2.13027665821962373e-03
-3.87602276663567835e-18
1.37057165546891147e-03
2.83065864748496300e-03
3.42897962681478494e-03
4.98035459848571518e-03
4.46006851076611970e-03
6.32004845529485822e-03
4.02237355299112087e-03
5.60470563043775471e-03
5.33898155638878012e-03
7.21287079867980081e-03
7.47050366555389311e-03
9.56778451995598210e-03
9.37678757173825324e-03
1.17736551238926679e-02
6.82522030030078934e-03
8.97216317091894047e-03
8.44606955982728398e-03
1.08428877974096338e-02
1.13951851224333590e-02
1.40344122306996864e-02
1.34823253802236424e-02
1.63039809152239826e-02
1.12485975395371085e-17
2.26704624227874003e-03
1.14925430283463470e-17
2.79892830964145398e-03
4.56637604474117130e-03
5.61071059624549014e-03
1.23056946577104753e-17
3.32109640139203847e-03
1.01372903127394665e-17
3.80261819079206077e-03
6.63444721803289027e-03
7.57749145419572834e-03
6.92178336302840761e-03
8.44104799367218286e-03
9.34181799609533521e-03
1.12827896358203804e-02
9.92665432352571146e-03
1.12927295035904814e-02
1.31741530929648763e-02
1.49089737675211168e-02
2.36898174688082719e-17
4.21369879112899748e-03
2.53703308361608038e-17
4.52813424968291200e-03
8.38197268198029831e-03
8.99700307823699148e-03
2.75929452897560878e-17
4.72547963245805325e-03
1.89193279098720524e-17
4.79274583877179177e-03
9.38288290454270153e-03
9.51439166062004703e-03
1.24566128465868654e-02
1.33456375871870894e-02
1.63843796821953810e-02
1.75099726423961939e-02
1.39031234185683014e-02
1.40930662887454230e-02
1.82152601855160266e-02
1.84554716854028050e-02
1.18162047461774829e-02
1.41130140278868665e-02
1.43163148108959686e-02
1.68938836203043341e-02
1.63410287236034207e-02
1.83779472667630409e-02
1.93802623846213856e-02
2.16440719865938734e-02
1.67998180593336988e-02
1.95776547675788580e-02
1.92188237432409856e-02
2.21153783995068770e-02
2.22390508900529860e-02
2.46500468917891305e-02
2.48679808741925530e-02
2.73464085921378622e-02
2.01062126630650144e-02
2.14225791862201025e-02
2.35591707498917051e-02
2.50148549390419826e-02
2.22465647611499728e-02
2.25270653495510675e-02
2.59248702909269726e-02
2.62344635398743774e-02
2.66822144783562670e-02
2.82229539662924890e-02
2.94260662651580872e-02
3.09978603263464034e-02
2.91845902572892071e-02
2.95114898652320684e-02
3.19769198068871746e-02
3.23094191121239549e-02
-4.79759461324835712e-18
1.76228529779117035e-03
3.60081138111368725e-03
-6.28837260041592572e-18
2.17880942233659785e-03
4.41629407665949675e-03
5.58305739229609209e-03
7.75975488121054963e-03
6.76370399611142363e-03
9.25810111416884227e-03
-7.04731412115577882e-18
2.60665802209785304e-03
5.25150021653421426e-03
-7.26415455565287971e-18
3.03235053935579750e-03
6.08116807189779465e-03
7.96689272575708263e-03
1.07740910390251576e-02
9.15882791886784425e-03
1.22699001773646683e-02
1.01583862380175711e-02
1.27787479566213724e-02
1.19168637031916384e-02
1.47339536133821135e-02
1.55909807525658889e-02
1.85362553201200708e-02
1.76782893104313193e-02
2.06943855011930272e-02
1.36789527000123236e-02
1.66690482242303137e-02
1.54081595962531244e-02
1.85546013938602955e-02
1.97124419974579988e-02
2.27582701927196429e-02
2.16766581657413943e-02
2.47287086256131362e-02
-9.10729824887823725e-18
3.44294970489052816e-03
6.88138532783783962e-03
-1.02999206386122921e-17
3.82640663195166772e-03
7.63015631913635181e-03
1.03083695090990749e-02
1.37123541057510984e-02
1.13875879857850103e-02
1.50731472306735691e-02
-1.06251812903579435e-17
4.17176278802706361e-03
8.30763155879450307e-03
-1.21430643318376497e-17
4.46925630552746922e-03
8.89610733642858843e-03
1.23716891818993618e-02
1.63280042833766764e-02
1.32385014229674074e-02
1.74550954174906847e-02
1.70754436657772762e-02
2.03722857315160703e-02
1.86587168334103916e-02
2.21132522596160924e-02
2.35697090678399987e-02
2.66271654813969305e-02
2.54027803850828265e-02
2.84907873086730282e-02
2.01407010375576796e-02
2.37741129992699377e-02
2.15056118172998363e-02
2.53511981877549662e-02
2.71930360015218454e-02
3.03630854846510118e-02
2.89547878760966389e-02
3.22814597009667345e-02
2.15300728319772310e-02
2.44679129507610650e-02
2.37052238815918075e-02
2.66171261511938539e-02
2.72327586372589150e-02
2.97038639426138902e-02
2.93262265810525294e-02
3.17260020818190755e-02
2.57390868569720398e-02
2.85747957152414321e-02
2.76538564782042827e-02
3.03868469343789235e-02
3.11778471605235960e-02
3.34592692482579834e-02
3.28578888010084627e-02
3.49970703017325468e-02
3.17660223206173292e-02
3.33185481641733242e-02
3.37152249128020789e-02
3.52056649087914147e-02
3.42832071345088724e-02
3.46104194613445076e-02
3.61288876932704256e-02
3.64415711259481329e-02
3.53350278399688425e-02
3.67321807043289941e-02
3.67390036974782896e-02
3.80273119680672872e-02
3.75943060171507054e-02
3.78857459786603457e-02
3.88185821867407799e-02
3.90854538102458071e-02
2.94979604382098262e-02
3.21311882778603092e-02
3.13389862974221417e-02
3.39084226169583114e-02
3.44742254550751692e-02
3.64755853010891168e-02
3.61608412139699451e-02
3.80602186034255940e-02
3.32511532402137919e-02
3.58259483541810489e-02
3.52987929196019110e-02
3.79772124474319489e-02
3.80585980133580914e-02
3.99232765998271122e-02
4.02903181643429684e-02
4.22151913054423025e-02
3.80879046064555443e-02
3.92708187621933907e-02
3.95743440103669478e-02
4.06763282491681491e-02
3.99934894467818408e-02
4.02365763107359123e-02
4.13459225801093497e-02
4.15705435641646609e-02
4.13978267841241393e-02
4.24643345667083533e-02
4.37326704950806514e-02
4.48275900021861268e-02
4.31096215843368297e-02
4.33256224005158716e-02
4.54889732959801313e-02
4.57101759472363853e-02
1.03541307472365673e-17
-4.46925630552747356e-03
1.13299127024735213e-17
-4.17176278802707922e-03
-8.89610733642858323e-03
-8.30763155879452909e-03
1.04083408558608426e-17
-3.82640663195167596e-03
-7.63015631913635355e-03
-1.32385014229674369e-02
-1.23716891818994069e-02
-1.74550954174907298e-02
-1.63280042833767458e-02
-1.13875879857849825e-02
-1.50731472306735483e-02
8.34835672813838414e-18
-3.44294970489051949e-03
-6.88138532783781707e-03
7.88757080483204476e-18
-3.03235053935579663e-03
-6.08116807189781460e-03
-1.03083695090990454e-02
-1.37123541057510481e-02
-9.15882791886788415e-03
-1.22699001773647186e-02
-2.15056118172999161e-02
-2.01407010375577594e-02
-2.53511981877550148e-02
-2.37741129992700140e-02
-1.86587168334103257e-02
-2.21132522596160369e-02
-2.89547878760967499e-02
-2.71930360015219461e-02
-3.22814597009668941e-02
-3.03630854846511297e-02
-2.54027803850827225e-02
-2.84907873086729102e-02
-1.70754436657772103e-02
-2.03722857315159801e-02
-1.54081595962532007e-02
-1.85546013938603788e-02
-2.35697090678399016e-02
-2.66271654813968542e-02
-2.16766581657414914e-02
-2.47287086256132958e-02
6.72205346941012749e-18
-2.60665802209786562e-03
-5.25150021653424115e-03
5.36680075380324695e-18
-2.17880942233659265e-03
-4.41629407665947854e-03
-7.96689272575711906e-03
-1.07740910390251854e-02
-6.76370399611139934e-03
-9.25810111416879022e-03
4.79759461324835712e-18
-1.76228529779115517e-03
-3.60081138111365863e-03
3.48299947910968299e-18
-1.37057165546890214e-03
-2.83065864748495346e-03
-5.58305739229605566e-03
-7.75975488121052014e-03
-4.46006851076610755e-03
-6.32004845529485302e-03
-1.36789527000123704e-02
-1.66690482242303692e-02
-1.19168637031915776e-02
-1.47339536133820666e-02
-1.97124419974580717e-02
-2.27582701927197296e-02
-1.76782893104312465e-02
-2.06943855011929023e-02
-1.01583862380175607e-02
-1.27787479566213568e-02
-8.44606955982729439e-03
-1.08428877974096286e-02
-1.55909807525658715e-02
-1.85362553201199980e-02
-1.34823253802236771e-02
-1.63039809152239826e-02
-3.52987929196020914e-02
-3.32511532402139237e-02
-3.79772124474321432e-02
-3.58259483541812779e-02
-3.13389862974220723e-02
-3.39084226169583183e-02
-4.02903181643432112e-02
-3.80585980133582580e-02
-4.22151913054425454e-02
-3.99232765998272440e-02
-3.61608412139698410e-02
-3.80602186034254136e-02
-2.94979604382097395e-02
-3.21311882778602051e-02
-2.76538564782043902e-02
-3.03868469343789895e-02
-3.44742254550750374e-02
-3.64755853010889780e-02
-3.28578888010085668e-02
-3.49970703017326301e-02
-4.37326704950808803e-02
-4.13978267841242989e-02
-4.48275900021863558e-02
-4.24643345667085267e-02
-3.95743440103668506e-02
-4.06763282491681422e-02
-4.54889732959803325e-02
-4.31096215843370378e-02
-4.57101759472363089e-02
-4.33256224005159271e-02
-4.13459225801094538e-02
-4.15705435641649385e-02
-3.80879046064554611e-02
-3.92708187621933075e-02
-3.67390036974784770e-02
-3.80273119680674399e-02
-3.99934894467817714e-02
-4.02365763107359886e-02
-3.88185821867408423e-02
-3.90854538102457655e-02
-2.57390868569721994e-02
-2.85747957152416056e-02
-2.37052238815917415e-02
-2.66171261511938019e-02
-3.11778471605237764e-02
-3.34592692482581222e-02
-2.93262265810523906e-02
-3.17260020818190061e-02
-2.15300728319771616e-02
-2.44679129507609852e-02
-1.92188237432409925e-02
-2.21153783995069395e-02
-2.72327586372588352e-02
-2.97038639426137896e-02
-2.48679808741926536e-02
-2.73464085921378934e-02
-3.53350278399690576e-02
-3.67321807043292300e-02
-3.37152249128019957e-02
-3.52056649087913523e-02
-3.75943060171509275e-02
-3.78857459786604150e-02
-3.61288876932704464e-02
-3.64415711259481814e-02
-3.17660223206172321e-02
-3.33185481641731507e-02
-2.94260662651581011e-02
-3.09978603263463479e-02
-3.42832071345086850e-02
-3.46104194613443550e-02
-3.19769198068870358e-02
-3.23094191121237745e-02
2.33103467084383453e-18
-1.01638973874115779e-03
-2.13027665821962113e-03
2.07353665487852723e-18
-7.10684631994904490e-04
-1.52092426556327699e-03
-3.42897962681477583e-03
-4.98035459848570478e-03
-2.52015209837568813e-03
-3.77844431320726150e-03
1.44334414212132778e-18
-4.61423028124672327e-04
-1.01827567902837272e-03
6.84402621381474674e-19
-2.72337643745882547e-04
-6.29917843541869947e-04
-1.75646750773657528e-03
-2.74370033200785519e-03
-1.14959532097209938e-03
-1.89218156464381884e-03
-6.82522030030076332e-03
-8.97216317091890751e-03
-5.33898155638875670e-03
-7.21287079867975311e-03
-1.13951851224333191e-02
-1.40344122306996586e-02
-9.37678757173819079e-03
-1.17736551238926089e-02
-4.02237355299108357e-03
-5.60470563043770267e-03
-2.89619112960565975e-03
-4.17353799014329868e-03
-7.47050366555383413e-03
-9.56778451995592832e-03
-5.70756207657931516e-03
-7.45356507376567640e-03
3.81164826264435153e-19
-1.41853837017809174e-04
-3.53217975655625697e-04
1.67289007082724317e-19
-6.25040274240332285e-05
-1.74157625982400823e-04
-6.96829464630918747e-04
-1.22246973478552855e-03
-3.79352462154159515e-04
-7.13379198399634274e-04
4.92337900591562072e-20
-2.11247240494927485e-05
-6.77001025593412879e-05
-1.62722372658188804e-04
-3.24492838797059381e-04
-1.96191305010079463e-03
-2.92544817235123157e-03
-1.19887823291858677e-03
-1.84339485051931550e-03
-4.10027993675332429e-03
-5.45095525428736932e-03
-2.63825410119006157e-03
-3.55885687872945812e-03
-5.64786715921953945e-04
-8.87591485536114101e-04
-1.28852580081831119e-03
-1.75499127343730623e-03
-1.67998180593336641e-02
-1.95776547675788372e-02
-1.43163148108958853e-02
-1.68938836203041953e-02
-2.22390508900529513e-02
-2.46500468917891097e-02
-1.93802623846212746e-02
-2.16440719865938110e-02
-1.18162047461773893e-02
-1.41130140278867312e-02
-9.34181799609530919e-03
-1.12827896358203231e-02
-1.63410287236033062e-02
-1.83779472667629715e-02
-1.31741530929648243e-02
-1.49089737675210544e-02
-2.66822144783562497e-02
-2.82229539662924855e-02
-2.35591707498915941e-02
-2.50148549390419236e-02
-2.91845902572892453e-02
-2.95114898652320684e-02
-2.59248702909270004e-02
-2.62344635398743913e-02
-2.01062126630648860e-02
-2.14225791862199880e-02
-1.63843796821953255e-02
-1.75099726423961245e-02
-2.22465647611498653e-02
-2.25270653495510328e-02
-1.82152601855159295e-02
-1.84554716854027391e-02
-6.92178336302838246e-03
-8.44104799367213082e-03
-4.56637604474111839e-03
-5.61071059624543983e-03
-9.92665432352566116e-03
-1.12927295035904311e-02
-6.63444721803282175e-03
-7.57749145419566242e-03
-2.26704624227870577e-03
-2.79892830964142102e-03
-3.32109640139200118e-03
-3.80261819079202434e-03
-1.24566128465868411e-02
-1.33456375871870651e-02
-8.38197268198021678e-03
-8.99700307823690648e-03
-1.39031234185682858e-02
-1.40930662887453779e-02
-9.38288290454261653e-03
-9.51439166061997244e-03
-4.21369879112891681e-03
-4.52813424968282439e-03
-4.72547963245795611e-03
-4.79274583877173366e-03
-1.66018457661842866e-19
-3.13063377305189405e-18
1.13841228110977966e-18
-6.70308946031229367e-04
-4.28259858131774251e-18
-1.39049790130078626e-03
2.98155597433513719e-18
-1.32788053050519753e-03
-2.75134293366665738e-03
-6.20705743747951288e-18
-2.20511493209376176e-03
-9.10729824887823725e-18
-3.14851338236797704e-03
-4.35571581723965661e-03
-6.20672373468067300e-03
4.79759461324835712e-18
-1.96034764381312898e-03
-4.05406349363800038e-03
7.56231015308639343e-18
-2.55606277050512759e-03
-5.27245566595527584e-03
-6.40011990070438620e-03
-9.08996529555933068e-03
-8.29203728418586444e-03
-1.17242630913616461e-02
-1.15467531369706222e-17
-4.24088692137087036e-03
-1.75640751942651718e-17
-5.48555357009687314e-03
-8.34286343865306076e-03
-1.07701826398304071e-02
-3.24176449573165826e-17
-6.86773201256408485e-03
-3.20923843055709312e-17
-8.35492460806505112e-03
-1.34599292758996181e-02
-1.63492913571359373e-02
-1.21768222488811834e-02
-1.56683605231969572e-02
-1.56322007055898320e-02
-2.00236445739211365e-02
-1.95234025283524820e-02
-2.36529702718443688e-02
-2.48471285045244947e-02
-2.99932113890533369e-02
9.86623976961809035e-18
-3.10440772102316392e-03
-6.38349148442084006e-03
1.01915004213637417e-17
-3.59604917851975674e-03
-7.36798713288699426e-03
-9.99262740139694565e-03
-1.40502948146607395e-02
-1.14718788329705307e-02
-1.60258938856635766e-02
1.01372903127394665e-17
-4.02313099142415347e-03
-8.21099751111856527e-03
1.42030484595601081e-17
-4.37940032267032306e-03
-8.90193491651683662e-03
-1.27092249919423927e-02
-1.76269118374547396e-02
-1.36934007936671334e-02
-1.88464617763822034e-02
-1.86237385846764331e-02
-2.37191650698400369e-02
-2.10955881396221318e-02
-2.66838497291869564e-02
-2.92773547629706192e-02
-3.51751065262177615e-02
-3.27264178520675769e-02
-3.90934009619155129e-02
-2.30224525405241937e-02
-2.88938678054401002e-02
-2.44078020198239265e-02
-3.03693821838296255e-02
-3.51745191321227307e-02
-4.17346198320411380e-02
-3.66645967554281443e-02
-4.31697071256234993e-02
-4.69459540686223420e-17
-9.89888269028861741e-03
-3.72965547335013525e-17
-1.14389929289364801e-02
-1.93451803947049840e-02
-2.23307482436738355e-02
-3.70797142990042516e-17
-1.29068005264297622e-02
-4.14165229889462694e-17
-1.42312864254383019e-02
-2.51740905792050863e-02
-2.77384005602457073e-02
-2.79256077103639880e-02
-3.21765426842873653e-02
-3.53009556922823722e-02
-4.05690691622925537e-02
-3.62199202075428814e-02
-3.98630724349875731e-02
-4.55707764216082487e-02
-5.00711634332954014e-02
-4.61870125478824889e-17
-1.53444500100519549e-02
-5.61616725347491297e-17
-1.61867216591700426e-02
-2.98927098669890534e-02
-3.15223021234535411e-02
-8.10983225019157317e-17
-1.67117432988903407e-02
-6.20163642661708536e-17
-1.68901086222298380e-02
-3.25379102432742304e-02
-3.28829121970289420e-02
-4.29216131034011392e-02
-4.52340709493847526e-02
-5.38455221936614617e-02
-5.66971339816343400e-02
-4.66748138818061653e-02
-4.71641603413180746e-02
-5.84729747883829462e-02
-5.90760022880830044e-02
-4.12324242543242597e-02
-4.72248600242261216e-02
-4.55967023054189846e-02
-5.20027495386264360e-02
-5.28999811604445869e-02
-5.79965706485806518e-02
-5.80494655662981557e-02
-6.34660493678813331e-02
-4.83884530646385008e-02
-5.49067134101718646e-02
-4.97104684445508413e-02
-5.60734183603097611e-02
-6.10329443040352262e-02
-6.65026876307419912e-02
-6.20208912606755036e-02
-6.73084974465109898e-02
-6.22649318213748387e-02
-6.54865697933522950e-02
-6.79938901589990236e-02
-7.14068369560256766e-02
-6.74915722416183639e-02
-6.81722065396728333e-02
-7.35290972211024574e-02
-7.42492383588114757e-02
-7.10637246053068272e-02
-7.44956892154320927e-02
-7.17035907224160413e-02
-7.50031588261152043e-02
-7.66273854241152630e-02
-7.73503327790183715e-02
-7.70496166414225137e-02
-7.77431583701550105e-02
1.32272665043231541e-17
-4.66027085706582130e-03
-9.43443971752031853e-03
9.70360944374526468e-18
-4.86283155118180394e-03
-9.80605592804548697e-03
-1.44216337473555747e-02
-1.96927582793132508e-02
-1.48983352364389851e-02
-2.01859266816051680e-02
1.43656787854329338e-17
-4.98581330819125677e-03
-1.00177815047941456e-02
1.56667213924155391e-17
-5.02952810137931826e-03
-1.00735701944112913e-02
-1.51335050384631010e-02
-2.03542562851106237e-02
-1.51410791868974090e-02
-2.02304062544619856e-02
-2.52795713760339963e-02
-3.11672712542290994e-02
-2.56840300312327491e-02
-3.13709468370371378e-02
-3.72912799837032127e-02
-4.35385436978914311e-02
-3.71855980623492233e-02
-4.30286557987383453e-02
-2.56786998611657560e-02
-3.10786905194946408e-02
-2.53252558438710300e-02
-3.03920250034185324e-02
-3.64975520864600153e-02
-4.18510255746788670e-02
-3.53787953143084033e-02
-4.02161018149643362e-02
1.25225350922075762e-17
-4.99579531327039739e-03
-9.97985848114154271e-03
1.37151574819416311e-17
-4.88786847453576579e-03
-9.74517860327284158e-03
-1.49374373158819521e-02
-1.98480384441344360e-02
-1.45402441163715122e-02
-1.92392562388613055e-02
1.27935856353289523e-17
-4.71037240752935661e-03
-9.37989877148095487e-03
-1.39677373810299949e-02
-1.84330886527338152e-02
-2.46832778469055526e-02
-2.94055258900822597e-02
-2.38055439633559143e-02
-2.81991880455623282e-02
-3.39675001246641933e-02
-3.83128760551634806e-02
-3.23770560965259968e-02
-3.62932885196072044e-02
-2.27352966413498989e-02
-2.68340383853982213e-02
-3.06896166767280584e-02
-3.42633616643446062e-02
-4.97532783803144446e-02
-5.57467048328016829e-02
-4.87672313674435420e-02
-5.42427533006909074e-02
-6.13099699070497051e-02
-6.62291733621803019e-02
-5.92813911018775369e-02
-6.37061582262895276e-02
-4.70308426956719608e-02
-5.19106524914136058e-02
-4.48194483537631694e-02
-4.90933861380687120e-02
-5.63538234056928447e-02
-6.02224785404070762e-02
-5.29368350381012182e-02
-5.62492172944203811e-02
-7.03012347463982112e-02
-7.33492584545789861e-02
-6.73496795943377552e-02
-7.00665479379459916e-02
-7.52360941895387769e-02
-7.58749411275155827e-02
-7.17442246783720483e-02
-7.23115621751020954e-02
-6.33870122910871470e-02
-6.57352914968119817e-02
-5.89369001607518289e-02
-6.09194140167100065e-02
-6.71807675873569154e-02
-6.76688159910802112e-02
-6.21349282236737660e-02
-6.25445271508858480e-02
-4.23778966101098914e-02
-4.60938729222607757e-02
-3.99002245367594127e-02
-4.31497176720689254e-02
-4.93903898477195125e-02
-5.21989662648192354e-02
-4.59947542638858287e-02
-4.83912599647532901e-02
-3.75181357628991546e-02
-4.04189255927730889e-02
-4.29334950745954083e-02
-4.50330661837397075e-02
-5.44568780802569818e-02
-5.61108346867312396e-02
-5.02999602490060913e-02
-5.16881533388825962e-02
-5.71202088735921626e-02
-5.74595551249266895e-02
-5.25312583650535958e-02
-5.28140176474665018e-02
-4.66929889184804492e-02
-4.78933602002495767e-02
-4.86195528904966104e-02
-4.88626207779925201e-02
-1.31188462870746037e-17
4.71037240752937049e-03
9.37989877148098956e-03
-1.37151574819416311e-17
4.88786847453576666e-03
9.74517860327284505e-03
1.39677373810300470e-02
1.84330886527338637e-02
1.45402441163715469e-02
1.92392562388613471e-02
-1.21430643318376497e-17
4.99579531327039045e-03
9.97985848114151322e-03
-1.33898968301959798e-17
5.02952810137931566e-03
1.00735701944112792e-02
1.49374373158819192e-02
1.98480384441344429e-02
1.51410791868973674e-02
2.02304062544619856e-02
2.27352966413499474e-02
2.68340383853983011e-02
2.38055439633560219e-02
2.81991880455624323e-02
3.06896166767281348e-02
3.42633616643446548e-02
3.23770560965260662e-02
3.62932885196073016e-02
2.46832778469055873e-02
2.94055258900822493e-02
2.53252558438710716e-02
3.03920250034186643e-02
3.39675001246642627e-02
3.83128760551634945e-02
3.53787953143085490e-02
4.02161018149643848e-02
-1.33356867215717045e-17
4.98581330819127411e-03
1.00177815047941838e-02
-1.06793913989822187e-17
4.86283155118182216e-03
9.80605592804551993e-03
1.51335050384631426e-02
2.03542562851106966e-02
1.48983352364390562e-02
2.01859266816052478e-02
-1.35525271560688054e-17
4.66027085706581957e-03
9.43443971752031159e-03
-1.42572585681843833e-17
4.37940032267031092e-03
8.90193491651682448e-03
1.44216337473555764e-02
1.96927582793132057e-02
1.36934007936671195e-02
1.88464617763821618e-02
2.56786998611658948e-02
3.10786905194948906e-02
2.56840300312328497e-02
3.13709468370372557e-02
3.64975520864602096e-02
4.18510255746790544e-02
3.71855980623493482e-02
4.30286557987385049e-02
2.52795713760338575e-02
3.11672712542289468e-02
2.44078020198237634e-02
3.03693821838294659e-02
3.72912799837030393e-02
4.35385436978913687e-02
3.66645967554280541e-02
4.31697071256234646e-02
3.75181357628992240e-02
4.04189255927732000e-02
3.99002245367595862e-02
4.31497176720691614e-02
4.29334950745954777e-02
4.50330661837398186e-02
4.59947542638860021e-02
4.83912599647533942e-02
4.23778966101098914e-02
4.60938729222607896e-02
4.48194483537633498e-02
4.90933861380689895e-02
4.93903898477195263e-02
5.21989662648192076e-02
5.29368350381015235e-02
5.62492172944208321e-02
4.66929889184805463e-02
4.78933602002496878e-02
5.02999602490062508e-02
5.16881533388828251e-02
4.86195528904966590e-02
4.88626207779924437e-02
5.25312583650537901e-02
5.28140176474665157e-02
5.44568780802569680e-02
5.61108346867312327e-02
5.89369001607521897e-02
6.09194140167101383e-02
5.71202088735922250e-02
5.74595551249267311e-02
6.21349282236736966e-02
6.25445271508857648e-02
4.70308426956723147e-02
5.19106524914140430e-02
4.87672313674437224e-02
5.42427533006910184e-02
5.63538234056933582e-02
6.02224785404075064e-02
5.92813911018777034e-02
6.37061582262895137e-02
4.97532783803143336e-02
5.57467048328015372e-02
4.97104684445506539e-02
5.60734183603096778e-02
6.13099699070495385e-02
6.62291733621802325e-02
6.20208912606753787e-02
6.73084974465109481e-02
6.33870122910876882e-02
6.57352914968123564e-02
6.73496795943377413e-02
7.00665479379461859e-02
6.71807675873572485e-02
6.76688159910804471e-02
7.17442246783724091e-02
7.23115621751024285e-02
7.03012347463980725e-02
7.33492584545789722e-02
7.17035907224160551e-02
7.50031588261152460e-02
7.52360941895387492e-02
7.58749411275155689e-02
7.70496166414224720e-02
7.77431583701549689e-02
-9.86623976961809035e-18
4.02313099142415954e-03
8.21099751111857741e-03
-8.99887803162968680e-18
3.59604917851976628e-03
7.36798713288700467e-03
1.27092249919424222e-02
1.76269118374547742e-02
1.14718788329705411e-02
1.60258938856635974e-02
-9.08019319456609963e-18
3.10440772102314830e-03
6.38349148442080710e-03
-7.07441917546791643e-18
2.55606277050511284e-03
5.27245566595524288e-03
9.99262740139689014e-03
1.40502948146606736e-02
8.29203728418581240e-03
1.17242630913615767e-02
2.30224525405242526e-02
2.88938678054401973e-02
2.10955881396221734e-02
2.66838497291869668e-02
3.51745191321228348e-02
4.17346198320411380e-02
3.27264178520675422e-02
3.90934009619154643e-02
1.86237385846763463e-02
2.37191650698399432e-02
1.56322007055897487e-02
2.00236445739210359e-02
2.92773547629705047e-02
3.51751065262176088e-02
2.48471285045243732e-02
2.99932113890531878e-02
-5.17706537361828367e-18
1.96034764381311727e-03
4.05406349363797523e-03
-3.48299947910968299e-18
1.32788053050518452e-03
2.75134293366662572e-03
6.40011990070434543e-03
9.08996529555926996e-03
4.35571581723960370e-03
6.20672373468059146e-03
-1.71439468524270389e-18
6.70308946031218742e-04
1.39049790130076631e-03
2.20511493209372966e-03
3.14851338236792847e-03
1.21768222488811140e-02
1.56683605231968774e-02
8.34286343865296015e-03
1.07701826398303013e-02
1.95234025283523883e-02
2.36529702718442612e-02
1.34599292758995105e-02
1.63492913571358332e-02
4.24088692137080704e-03
5.48555357009679855e-03
6.86773201256398510e-03
8.35492460806496785e-03
4.83884530646385702e-02
5.49067134101720658e-02
4.55967023054190193e-02
5.20027495386265332e-02
6.10329443040353858e-02
6.65026876307421577e-02
5.80494655662983292e-02
6.34660493678814996e-02
4.12324242543240654e-02
4.72248600242259481e-02
3.53009556922821641e-02
4.05690691622923316e-02
5.28999811604443648e-02
5.79965706485803811e-02
4.55707764216079364e-02
5.00711634332951239e-02
7.10637246053071048e-02
7.44956892154324257e-02
6.79938901589991762e-02
7.14068369560258154e-02
7.66273854241154989e-02
7.73503327790185519e-02
7.35290972211026239e-02
7.42492383588116700e-02
6.22649318213745057e-02
6.54865697933519342e-02
5.38455221936612258e-02
5.66971339816340347e-02
6.74915722416181141e-02
6.81722065396727639e-02
5.84729747883826756e-02
5.90760022880828101e-02
2.79256077103638284e-02
3.21765426842871571e-02
1.93451803947048070e-02
2.23307482436735684e-02
3.62199202075426524e-02
3.98630724349873580e-02
2.51740905792047671e-02
2.77384005602453534e-02
9.89888269028847169e-03
1.14389929289363101e-02
1.29068005264295713e-02
1.42312864254380833e-02
4.29216131034008824e-02
4.52340709493844750e-02
2.98927098669886475e-02
3.15223021234531525e-02
4.66748138818059016e-02
4.71641603413178179e-02
3.25379102432739320e-02
3.28829121970287269e-02
1.53444500100517259e-02
1.61867216591697963e-02
1.67117432988900874e-02
1.68901086222296888e-02
2.20093041014557400e-17
4.72547963245802376e-03
1.40404181336872824e-17
4.52813424968288164e-03
9.38288290454269286e-03
8.99700307823698628e-03
1.38777878078144568e-17
4.21369879112896799e-03
1.17635935714677231e-17
3.80261819079205990e-03
8.38197268198031566e-03
7.57749145419573181e-03
1.39031234185683118e-02
1.33456375871871310e-02
1.82152601855160232e-02
1.75099726423962217e-02
1.24566128465869175e-02
1.12927295035904849e-02
1.63843796821954019e-02
1.49089737675211186e-02
1.91903784529934285e-17
3.32109640139206059e-03
1.72659195968316581e-17
2.79892830964147653e-03
6.63444721803287812e-03
5.61071059624550054e-03
1.34712119931323926e-17
2.26704624227875608e-03
6.61363325216157705e-18
1.75499127343733182e-03
4.56637604474117911e-03
3.55885687872949108e-03
9.92665432352567156e-03
8.44104799367215511e-03
1.31741530929648607e-02
1.12827896358203648e-02
6.92178336302841021e-03
5.45095525428738320e-03
9.34181799609534909e-03
7.45356507376571283e-03
2.22465647611499520e-02
2.14225791862201406e-02
2.59248702909269692e-02
2.50148549390420277e-02
2.01062126630650317e-02
1.83779472667630547e-02
2.35591707498917294e-02
2.16440719865938734e-02
2.91845902572891655e-02
2.82229539662924890e-02
3.19769198068871399e-02
3.09978603263463826e-02
2.66822144783562983e-02
2.46500468917891374e-02
2.94260662651581080e-02
2.73464085921378622e-02
1.63410287236034069e-02
1.41130140278868631e-02
1.93802623846213475e-02
1.68938836203043237e-02
1.18162047461775038e-02
9.56778451995599771e-03
1.43163148108959894e-02
1.17736551238926818e-02
2.22390508900529582e-02
1.95776547675788615e-02
2.48679808741925183e-02
2.21153783995068458e-02
1.67998180593337265e-02
1.40344122306997054e-02
1.92188237432410029e-02
1.63039809152239930e-02
6.32903018188413213e-18
1.28852580081833461e-03
3.61852475067037105e-18
8.87591485536127329e-04
2.63825410119009236e-03
1.84339485051933437e-03
2.16840434497100887e-18
5.64786715921961318e-04
8.19927892942162728e-19
3.24492838797063284e-04
1.19887823291860390e-03
7.13379198399645767e-04
4.10027993675334511e-03
2.92544817235124805e-03
5.70756207657937501e-03
4.17353799014333511e-03
1.96191305010081155e-03
1.22246973478554112e-03
2.89619112960568491e-03
1.89218156464383510e-03
8.26704156520197131e-19
1.62722372658192084e-04
3.52789222531416091e-19
6.77001025593428464e-05
3.79352462154166454e-04
1.74157625982403858e-04
1.12973019340042308e-19
2.11247240494934092e-05
3.17637355220362627e-22
1.08420217248550443e-19
6.25040274240345567e-05
3.35425047112702934e-19
6.96829464630924385e-04
3.53217975655628624e-04
1.14959532097210740e-03
6.29917843541875151e-04
1.41853837017810773e-04
6.25110315073673650e-19
2.72337643745885745e-04
9.35124373768747574e-19
7.47050366555391046e-03
5.60470563043775384e-03
9.37678757173827059e-03
7.21287079867979995e-03
4.02237355299111827e-03
2.74370033200788468e-03
5.33898155638878012e-03
3.77844431320728796e-03
1.13951851224333711e-02
8.97216317091892659e-03
1.34823253802236614e-02
1.08428877974096477e-02
6.82522030030078327e-03
4.98035459848572212e-03
8.44606955982731694e-03
6.32004845529489812e-03
1.75646750773659458e-03
1.01827567902838551e-03
2.52015209837570765e-03
1.52092426556329086e-03
4.61423028124679320e-04
2.10064170919066484e-18
7.10684631994910020e-04
2.56142763249700423e-18
3.42897962681478104e-03
2.13027665821962503e-03
4.46006851076613271e-03
2.83065864748496994e-03
1.01638973874116213e-03
5.05509262921366442e-18
1.37057165546892014e-03
6.39679281766447616e-18
3.42832071345088446e-02
3.33185481641733935e-02
3.61288876932704187e-02
3.52056649087914841e-02
3.17660223206173847e-02
2.97038639426138763e-02
3.37152249128021206e-02
3.17260020818190686e-02
3.75943060171506638e-02
3.67321807043289872e-02
3.88185821867407521e-02
3.80273119680672594e-02
3.53350278399688703e-02
3.34592692482579904e-02
3.67390036974782619e-02
3.49970703017325330e-02
2.72327586372588283e-02
2.44679129507610130e-02
2.93262265810524739e-02
2.66171261511938956e-02
2.15300728319772032e-02
1.85362553201200708e-02
2.37052238815918699e-02
2.06943855011930480e-02
3.11778471605235821e-02
2.85747957152414460e-02
3.28578888010084003e-02
3.03868469343788784e-02
2.57390868569721126e-02
2.27582701927196845e-02
2.76538564782042827e-02
2.47287086256131779e-02
3.99934894467818061e-02
3.92708187621934809e-02
4.13459225801093080e-02
4.06763282491682115e-02
3.80879046064555929e-02
3.64755853010891029e-02
3.95743440103670449e-02
3.80602186034256079e-02
4.31096215843368089e-02
4.24643345667083463e-02
4.54889732959801729e-02
4.48275900021862517e-02
4.13978267841241809e-02
3.99232765998271261e-02
4.37326704950807693e-02
4.22151913054423372e-02
3.44742254550751206e-02
3.21311882778603092e-02
3.61608412139699242e-02
3.39084226169583183e-02
2.94979604382098991e-02
2.66271654813969791e-02
3.13389862974222388e-02
2.84907873086730767e-02
3.80585980133580429e-02
3.58259483541810558e-02
4.02903181643429753e-02
3.79772124474320183e-02
3.32511532402138543e-02
3.03630854846510603e-02
3.52987929196020289e-02
3.22814597009667831e-02
1.55909807525659461e-02
1.27787479566214141e-02
1.76782893104313436e-02
1.47339536133820788e-02
1.01583862380176040e-02
7.75975488121058519e-03
1.19168637031916175e-02
9.25810111416885094e-03
1.97124419974580092e-02
1.66690482242302651e-02
2.16766581657414463e-02
1.85546013938603094e-02
1.36789527000122889e-02
1.07740910390251542e-02
1.54081595962531296e-02
1.22699001773646857e-02
5.58305739229610250e-03
3.60081138111369766e-03
6.76370399611141929e-03
4.41629407665950369e-03
1.76228529779117772e-03
9.75781955236953991e-18
2.17880942233660306e-03
1.30646361784503284e-17
7.96689272575706701e-03
5.25150021653420472e-03
9.15882791886783731e-03
6.08116807189779118e-03
2.60665802209786041e-03
1.41759434052479705e-17
3.03235053935580227e-03
1.00830802041151912e-17
2.35697090678400022e-02
2.03722857315160391e-02
2.54027803850828335e-02
2.21132522596160473e-02
1.70754436657772693e-02
1.37123541057511417e-02
1.86587168334103569e-02
1.50731472306735691e-02
2.71930360015218801e-02
2.37741129992699030e-02
2.89547878760966770e-02
2.53511981877549419e-02
2.01407010375576553e-02
1.63280042833766799e-02
2.15056118172998155e-02
1.74550954174906986e-02
1.03083695090990975e-02
6.88138532783786044e-03
1.13875879857850016e-02
7.63015631913636309e-03
3.44294970489054811e-03
1.87024874753749515e-17
3.82640663195168680e-03
2.46113893154209507e-17
1.23716891818993167e-02
8.30763155879447705e-03
1.32385014229673675e-02
8.89610733642856241e-03
4.17176278802706621e-03
2.04914210599760338e-17
4.46925630552746488e-03
1.74556549770166214e-17
-4.54889732959801452e-02
-4.31096215843369823e-02
-4.48275900021862864e-02
-4.24643345667085753e-02
-4.13459225801095440e-02
-4.06763282491684058e-02
-4.37326704950808942e-02
-4.13978267841243336e-02
-4.22151913054425523e-02
-3.99232765998272787e-02
-3.95743440103671906e-02
-3.80602186034256565e-02
-3.99934894467818616e-02
-3.92708187621935295e-02
-3.88185821867407937e-02
-3.80273119680673080e-02
-3.80879046064558080e-02
-3.64755853010892139e-02
-3.67390036974782411e-02
-3.49970703017325468e-02
-4.02903181643431488e-02
-3.80585980133582163e-02
-3.79772124474321016e-02
-3.58259483541812362e-02
-3.61608412139700561e-02
-3.39084226169584363e-02
-3.52987929196021330e-02
-3.32511532402139653e-02
-3.22814597009669496e-02
-3.03630854846511609e-02
-3.13389862974222180e-02
-2.84907873086729588e-02
-3.44742254550752525e-02
-3.21311882778603369e-02
-3.28578888010084072e-02
-3.03868469343789097e-02
-2.94979604382098783e-02
-2.66271654813968889e-02
-2.76538564782044041e-02
-2.47287086256133236e-02
-3.75943060171507887e-02
-3.67321807043290843e-02
-3.61288876932704117e-02
-3.52056649087913592e-02
-3.53350278399688147e-02
-3.34592692482579487e-02
-3.37152249128018985e-02
-3.17260020818188812e-02
-3.42832071345086295e-02
-3.33185481641731576e-02
-3.19769198068869942e-02
-3.09978603263463791e-02
-3.17660223206172737e-02
-2.97038639426137549e-02
-2.94260662651582294e-02
-2.73464085921378761e-02
-3.11778471605235995e-02
-2.85747957152415397e-02
-2.93262265810523108e-02
-2.66171261511937776e-02
-2.57390868569722202e-02
-2.27582701927197852e-02
-2.37052238815917173e-02
-2.06943855011929162e-02
-2.72327586372586479e-02
-2.44679129507608430e-02
-2.48679808741924385e-02
-2.21153783995067764e-02
-2.15300728319770887e-02
-1.85362553201199910e-02
-1.92188237432409856e-02
-1.63039809152240069e-02
-2.89547878760967638e-02
-2.71930360015219703e-02
-2.53511981877549836e-02
-2.37741129992700209e-02
-2.54027803850827502e-02
-2.21132522596160265e-02
-2.15056118172999161e-02
-2.01407010375577525e-02
-1.74550954174907576e-02
-1.63280042833767181e-02
-1.86587168334103257e-02
-1.50731472306735725e-02
-2.35697090678399293e-02
-2.03722857315159628e-02
-2.16766581657415053e-02
-1.85546013938603094e-02
-1.70754436657772068e-02
-1.37123541057511209e-02
-1.54081595962531244e-02
-1.22699001773646614e-02
-1.32385014229674299e-02
-1.23716891818993896e-02
-8.89610733642859884e-03
-8.30763155879453430e-03
-1.13875879857849756e-02
-7.63015631913635615e-03
-4.46925630552749437e-03
-4.17176278802709483e-03
-1.92445885616177037e-17
-2.16840434497100887e-17
-3.82640663195168550e-03
-2.27140355135713179e-17
-1.03083695090990489e-02
-6.88138532783782054e-03
-9.15882791886786334e-03
-6.08116807189781460e-03
-3.44294970489052946e-03
-1.77267055201379975e-17
-3.03235053935580834e-03
-1.29291109068896404e-17
-1.97124419974581133e-02
-1.66690482242303588e-02
-1.76782893104312361e-02
-1.47339536133820476e-02
-1.36789527000123617e-02
-1.07740910390251802e-02
-1.19168637031916227e-02
-9.25810111416887176e-03
-1.55909807525658438e-02
-1.27787479566213117e-02
-1.34823253802237048e-02
-1.08428877974096477e-02
-1.01583862380175312e-02
-7.75975488121054442e-03
-8.44606955982729959e-03
-6.32004845529486776e-03
-7.96689272575711212e-03
-5.25150021653424115e-03
-6.76370399611139761e-03
-4.41629407665947681e-03
-2.60665802209787256e-03
-1.38235776991901815e-17
-2.17880942233659742e-03
-1.30104260698260532e-17
-5.58305739229604872e-03
-3.60081138111365863e-03
-4.46006851076611276e-03
-2.83065864748495216e-03
-1.76228529779116102e-03
-9.05308814025396202e-18
-1.37057165546890691e-03
-4.47233396150270579e-18
-2.91845902572891829e-02
-2.82229539662925306e-02
-2.59248702909269484e-02
-2.50148549390419306e-02
-2.66822144783562532e-02
-2.46500468917891305e-02
-2.35591707498915906e-02
-2.16440719865938040e-02
-2.22465647611498757e-02
-2.14225791862200088e-02
-1.82152601855159330e-02
-1.75099726423961315e-02
-2.01062126630649381e-02
-1.83779472667629507e-02
-1.63843796821953810e-02
-1.49089737675210856e-02
-2.22390508900529409e-02
-1.95776547675788337e-02
-1.93802623846213579e-02
-1.68938836203043063e-02
-1.67998180593336814e-02
-1.40344122306996794e-02
-1.43163148108959512e-02
-1.17736551238926453e-02
-1.63410287236033375e-02
-1.41130140278867902e-02
-1.31741530929648139e-02
-1.12827896358203318e-02
-1.18162047461774396e-02
-9.56778451995593873e-03
-9.34181799609530919e-03
-7.45356507376567206e-03
-1.39031234185682667e-02
-1.33456375871870841e-02
-9.38288290454262694e-03
-8.99700307823692903e-03
-1.24566128465868411e-02
-1.12927295035904120e-02
-8.38197268198021504e-03
-7.57749145419563900e-03
-4.72547963245796565e-03
-4.52813424968283827e-03
-4.21369879112893590e-03
-3.80261819079202564e-03
-9.92665432352562299e-03
-8.44104799367213429e-03
-6.63444721803279312e-03
-5.61071059624543289e-03
-6.92178336302839980e-03
-5.45095525428737626e-03
-4.56637604474113487e-03
-3.55885687872946246e-03
-3.32109640139199381e-03
-2.79892830964141321e-03
-2.26704624227870707e-03
-1.75499127343730840e-03
-1.13951851224333833e-02
-8.97216317091892833e-03
-9.37678757173824109e-03
-7.21287079867976785e-03
-6.82522030030078674e-03
-4.98035459848571171e-03
-5.33898155638874890e-03
-3.77844431320726844e-03
-7.47050366555384714e-03
-5.60470563043770961e-03
-5.70756207657933251e-03
-4.17353799014330475e-03
-4.02237355299107924e-03
-2.74370033200786127e-03
-2.89619112960566322e-03
-1.89218156464382079e-03
-3.42897962681477497e-03
-2.13027665821961722e-03
-2.52015209837569507e-03
-1.52092426556328371e-03
-1.01638973874115671e-03
-4.59430670590732504e-18
-7.10684631994907743e-04
-3.95056166599405678e-18
-1.75646750773658005e-03
-1.01827567902837901e-03
-1.14959532097209743e-03
-6.29917843541870164e-04
-4.61423028124676880e-04
-2.48688873313862580e-18
-2.72337643745883360e-04
-9.52065032713833581e-19
-4.10027993675333036e-03
-2.92544817235123071e-03
-2.63825410119006157e-03
-1.84339485051931702e-03
-1.96191305010079940e-03
-1.22246973478553527e-03
-1.19887823291859024e-03
-7.13379198399638178e-04
-1.28852580081831487e-03
-8.87591485536116595e-04
-5.64786715921954704e-04
-3.24492838797060194e-04
-6.96829464630919831e-04
-3.53217975655626185e-04
-3.79352462154160382e-04
-1.74157625982401039e-04
-1.41853837017809771e-04
-6.14945919706622046e-19
-6.25040274240335131e-05
-3.17637355220362627e-19
-1.62722372658188777e-04
-6.77001025593413150e-05
-2.11247240494928875e-05
-1.01855711907329616e-19
-8.13151629364128326e-17
-1.67117432988903199e-02
-5.59448321002520288e-17
-1.61867216591700704e-02
-3.25379102432741818e-02
-3.15223021234535689e-02
-4.05491612509578658e-17
-1.53444500100519739e-02
-3.79470760369926552e-17
-1.42312864254383001e-02
-2.98927098669890881e-02
-2.77384005602457108e-02
-4.66748138818061237e-02
-4.52340709493847457e-02
-5.84729747883829254e-02
-5.66971339816343539e-02
-4.29216131034011808e-02
-3.98630724349875801e-02
-5.38455221936615103e-02
-5.00711634332953945e-02
-3.49113099540332428e-17
-1.29068005264297396e-02
-3.64291929955129490e-17
-1.14389929289364783e-02
-2.51740905792050516e-02
-2.23307482436738217e-02
-4.87890977618476995e-17
-9.89888269028863822e-03
-3.28513258263107844e-17
-8.35492460806506847e-03
-1.93451803947050152e-02
-1.63492913571359651e-02
-3.62199202075428467e-02
-3.21765426842873445e-02
-4.55707764216081862e-02
-4.05690691622925467e-02
-2.79256077103640227e-02
-2.36529702718444070e-02
-3.53009556922824000e-02
-2.99932113890533751e-02
-6.74915722416182806e-02
-6.54865697933524199e-02
-7.35290972211023464e-02
-7.14068369560257737e-02
-6.22649318213749289e-02
-5.79965706485806171e-02
-6.79938901589991207e-02
-6.34660493678813609e-02
-7.66273854241152075e-02
-7.44956892154321065e-02
-7.70496166414224026e-02
-7.50031588261149407e-02
-7.10637246053068827e-02
-6.65026876307419912e-02
-7.17035907224158331e-02
-6.73084974465108926e-02
-5.28999811604444550e-02
-4.72248600242261285e-02
-5.80494655662981487e-02
-5.20027495386264846e-02
-4.12324242543243014e-02
-3.51751065262177684e-02
-4.55967023054191928e-02
-3.90934009619155684e-02
-6.10329443040351638e-02
-5.49067134101718438e-02
-6.20208912606753440e-02
-5.60734183603096847e-02
-4.83884530646385772e-02
-4.17346198320411935e-02
-4.97104684445507580e-02
-4.31697071256235340e-02
-3.31765864780564357e-17
-6.86773201256409786e-03
-1.85398571495021258e-17
-5.48555357009687314e-03
-1.34599292758996493e-02
-1.07701826398304105e-02
-1.24141148749590258e-17
-4.24088692137086949e-03
-8.67361737988403547e-18
-3.14851338236797921e-03
-8.34286343865306076e-03
-6.20672373468068254e-03
-1.95234025283525167e-02
-1.56683605231969468e-02
-2.48471285045245398e-02
-2.00236445739211330e-02
-1.21768222488811712e-02
-9.08996529555933935e-03
-1.56322007055898354e-02
-1.17242630913616617e-02
-6.01732205729454961e-18
-2.20511493209375829e-03
-4.41812385287843057e-18
-1.39049790130078648e-03
-4.35571581723965227e-03
-2.75134293366665651e-03
-3.04931861011548122e-18
-6.70308946031231536e-04
-9.48676900924816380e-20
-3.22550146314437569e-18
-1.32788053050520165e-03
-5.77337656848531111e-18
-6.40011990070438359e-03
-4.05406349363800298e-03
-8.29203728418586791e-03
-5.27245566595528278e-03
-1.96034764381313635e-03
-9.16150835750251247e-18
-2.55606277050513800e-03
-1.07336015076064939e-17
-2.92773547629706539e-02
-2.37191650698400473e-02
-3.27264178520675353e-02
-2.66838497291869009e-02
-1.86237385846764365e-02
-1.40502948146607708e-02
-2.10955881396221109e-02
-1.60258938856635974e-02
-3.51745191321227654e-02
-2.88938678054400447e-02
-3.66645967554281305e-02
-3.03693821838294624e-02
-2.30224525405241867e-02
-1.76269118374547604e-02
-2.44078020198238085e-02
-1.88464617763822104e-02
-9.99262740139694045e-03
-6.38349148442084267e-03
-1.14718788329705151e-02
-7.36798713288699253e-03
-3.10440772102317736e-03
-1.36609473733173559e-17
-3.59604917851977235e-03
-1.30104260698260532e-17
-1.27092249919423875e-02
-8.21099751111856180e-03
-1.36934007936671213e-02
-8.90193491651683488e-03
-4.02313099142416301e-03
-1.63714528045311170e-17
-4.37940032267034041e-03
-1.49619899802999612e-17
-7.52360941895386520e-02
-7.33492584545790138e-02
-7.17442246783720622e-02
-7.00665479379462830e-02
-7.03012347463981002e-02
-6.62291733621803019e-02
-6.73496795943381160e-02
-6.37061582262896386e-02
-6.71807675873567767e-02
-6.57352914968120788e-02
-6.21349282236736619e-02
-6.09194140167101661e-02
-6.33870122910876466e-02
-6.02224785404072011e-02
-5.89369001607520440e-02
-5.62492172944204089e-02
-6.13099699070496496e-02
-5.57467048328017384e-02
-5.92813911018775230e-02
-5.42427533006909421e-02
-4.97532783803145348e-02
-4.35385436978914311e-02
-4.87672313674436253e-02
-4.30286557987383800e-02
-5.63538234056929696e-02
-5.19106524914138001e-02
-5.29368350381011626e-02
-4.90933861380687397e-02
-4.70308426956721690e-02
-4.18510255746789364e-02
-4.48194483537632249e-02
-4.02161018149643917e-02
-5.71202088735922181e-02
-5.61108346867312535e-02
-5.25312583650535958e-02
-5.16881533388825892e-02
-5.44568780802568153e-02
-5.21989662648190897e-02
-5.02999602490059733e-02
-4.83912599647532207e-02
-4.86195528904965479e-02
-4.78933602002496392e-02
-4.66929889184805047e-02
-4.50330661837397145e-02
-4.93903898477192627e-02
-4.60938729222605814e-02
-4.59947542638857246e-02
-4.31497176720689324e-02
-4.23778966101098012e-02
-3.83128760551635084e-02
-3.99002245367594752e-02
-3.62932885196072183e-02
-4.29334950745953736e-02
-4.04189255927731028e-02
-3.75181357628992171e-02
-3.42633616643446340e-02
-3.72912799837031364e-02
-3.11672712542289676e-02
-3.71855980623492580e-02
-3.13709468370371447e-02
-2.52795713760338471e-02
-1.96927582793132300e-02
-2.56840300312327560e-02
-2.01859266816052131e-02
-3.64975520864601055e-02
-3.10786905194947172e-02
-3.53787953143086184e-02
-3.03920250034186608e-02
-2.56786998611658046e-02
-2.03542562851107001e-02
-2.53252558438710439e-02
-2.02304062544619995e-02
-1.44216337473555643e-02
-9.43443971752032373e-03
-1.48983352364389938e-02
-9.80605592804548870e-03
-4.66027085706584385e-03
-2.07082614944731347e-17
-4.86283155118181695e-03
-1.98951098651090064e-17
-1.51335050384631062e-02
-1.00177815047941647e-02
-1.51410791868974021e-02
-1.00735701944113087e-02
-4.98581330819127845e-03
-2.13045726893401621e-17
-5.02952810137934341e-03
-1.73472347597680709e-17
-3.39675001246643182e-02
-2.94055258900822805e-02
-3.23770560965260454e-02
-2.81991880455623178e-02
-2.46832778469056255e-02
-1.98480384441344776e-02
-2.38055439633559560e-02
-1.92392562388613436e-02
-3.06896166767281139e-02
-2.68340383853981936e-02
-2.27352966413498746e-02
-1.84330886527338395e-02
-1.49374373158819469e-02
-9.97985848114153924e-03
-1.45402441163715087e-02
-9.74517860327283464e-03
-4.99579531327040433e-03
-1.89193279098720524e-17
-4.88786847453577446e-03
-1.43114686768086585e-17
-1.39677373810299828e-02
-9.37989877148095660e-03
-4.71037240752937569e-03
-2.05998412772245842e-17
4.86195528904966243e-02
4.78933602002497780e-02
5.25312583650537623e-02
5.16881533388829084e-02
4.66929889184806088e-02
4.50330661837398394e-02
5.02999602490062508e-02
4.83912599647533526e-02
5.71202088735921834e-02
5.61108346867312119e-02
6.21349282236735301e-02
6.09194140167099371e-02
5.44568780802569333e-02
5.21989662648191313e-02
5.89369001607520371e-02
5.62492172944207142e-02
4.29334950745954708e-02
4.04189255927731930e-02
4.59947542638859119e-02
4.31497176720690781e-02
3.75181357628992934e-02
3.42633616643447103e-02
3.99002245367595723e-02
3.62932885196073363e-02
4.93903898477194361e-02
4.60938729222607757e-02
5.29368350381014194e-02
4.90933861380689895e-02
4.23778966101099469e-02
3.83128760551635639e-02
4.48194483537634331e-02
4.02161018149644611e-02
6.71807675873570542e-02
6.57352914968123148e-02
7.17442246783723536e-02
7.00665479379462275e-02
6.33870122910876743e-02
6.02224785404074231e-02
6.73496795943378246e-02
6.37061582262894860e-02
7.52360941895386798e-02
7.33492584545790000e-02
7.70496166414223610e-02
7.50031588261152043e-02
7.03012347463981002e-02
6.62291733621802603e-02
7.17035907224160829e-02
6.73084974465110175e-02
5.63538234056931917e-02
5.19106524914140222e-02
5.92813911018774398e-02
5.42427533006909213e-02
4.70308426956724257e-02
4.18510255746791029e-02
4.87672313674437363e-02
4.30286557987385257e-02
6.13099699070493998e-02
5.57467048328014747e-02
6.20208912606753648e-02
5.60734183603096709e-02
4.97532783803143266e-02
4.35385436978913826e-02
4.97104684445507511e-02
4.31697071256235132e-02
3.06896166767282007e-02
2.68340383853982664e-02
3.23770560965261078e-02
2.81991880455623976e-02
2.27352966413499405e-02
1.84330886527338915e-02
2.38055439633560253e-02
1.92392562388613991e-02
3.39675001246643460e-02
2.94055258900822805e-02
3.53787953143086531e-02
3.03920250034186851e-02
2.46832778469056290e-02
1.98480384441344741e-02
2.53252558438711167e-02
2.02304062544620446e-02
1.39677373810300383e-02
9.37989877148099130e-03
1.45402441163715694e-02
9.74517860327286066e-03
4.71037240752938350e-03
2.61292723569006569e-17
4.88786847453580309e-03
3.13876528934553534e-17
1.49374373158819088e-02
9.97985848114152536e-03
1.51410791868974055e-02
1.00735701944113139e-02
4.99579531327041734e-03
3.02492406123455737e-17
5.02952810137934775e-03
2.46655994240452259e-17
3.64975520864602165e-02
3.10786905194948629e-02
3.71855980623493482e-02
3.13709468370372418e-02
2.56786998611658879e-02
2.03542562851107729e-02
2.56840300312328428e-02
2.01859266816052652e-02
3.72912799837030740e-02
3.11672712542288913e-02
3.66645967554281235e-02
3.03693821838294069e-02
2.52795713760338402e-02
1.96927582793132126e-02
2.44078020198237357e-02
1.88464617763821757e-02
1.51335050384631842e-02
1.00177815047942063e-02
1.48983352364390094e-02
9.80605592804550258e-03
4.98581330819129927e-03
2.61834824655249321e-17
4.86283155118182216e-03
2.01661604082303825e-17
1.44216337473555348e-02
9.43443971752030465e-03
1.36934007936670987e-02
8.90193491651683141e-03
4.66027085706583778e-03
2.31477163825655197e-17
4.37940032267034127e-03
2.06540513858488595e-17
7.66273854241154850e-02
7.44956892154324951e-02
7.35290972211025129e-02
7.14068369560259264e-02
7.10637246053071742e-02
6.65026876307421994e-02
6.79938901589992040e-02
6.34660493678814441e-02
6.74915722416179753e-02
6.54865697933520452e-02
5.84729747883826895e-02
5.66971339816341457e-02
6.22649318213746514e-02
5.79965706485803811e-02
5.38455221936613021e-02
5.00711634332951239e-02
6.10329443040354136e-02
5.49067134101720242e-02
5.80494655662982251e-02
5.20027495386264985e-02
4.83884530646386396e-02
4.17346198320411935e-02
4.55967023054190956e-02
3.90934009619155268e-02
5.28999811604442538e-02
4.72248600242259481e-02
4.55707764216079364e-02
4.05690691622923941e-02
4.12324242543241556e-02
3.51751065262176504e-02
3.53009556922822473e-02
2.99932113890532294e-02
4.66748138818058947e-02
4.52340709493845861e-02
3.25379102432739042e-02
3.15223021234532289e-02
4.29216131034009657e-02
3.98630724349873719e-02
2.98927098669887516e-02
2.77384005602453881e-02
1.67117432988900735e-02
1.61867216591698171e-02
1.53444500100517658e-02
1.42312864254381007e-02
3.62199202075426455e-02
3.21765426842871918e-02
2.51740905792047567e-02
2.23307482436735719e-02
2.79256077103638839e-02
2.36529702718442855e-02
1.93451803947048313e-02
1.63492913571358506e-02
1.29068005264295523e-02
1.14389929289363118e-02
9.89888269028848557e-03
8.35492460806497479e-03
3.51745191321228626e-02
2.88938678054401557e-02
3.27264178520675561e-02
2.66838497291869495e-02
2.30224525405242388e-02
1.76269118374548055e-02
2.10955881396221630e-02
1.60258938856636286e-02
2.92773547629705325e-02
2.37191650698399398e-02
2.48471285045244045e-02
2.00236445739210220e-02
1.86237385846763429e-02
1.40502948146606892e-02
1.56322007055897279e-02
1.17242630913615923e-02
1.27092249919424326e-02
8.21099751111858955e-03
1.14718788329705272e-02
7.36798713288699079e-03
4.02313099142417516e-03
2.04914210599760338e-17
3.59604917851977061e-03
1.42030484595601081e-17
9.99262740139686759e-03
6.38349148442079843e-03
8.29203728418581414e-03
5.27245566595524549e-03
3.10440772102315654e-03
1.31459513413867413e-17
2.55606277050511891e-03
8.75493254282044830e-18
1.95234025283523918e-02
1.56683605231968601e-02
1.34599292758995209e-02
1.07701826398302856e-02
1.21768222488811018e-02
9.08996529555928905e-03
8.34286343865295668e-03
6.20672373468060534e-03
6.86773201256399290e-03
5.48555357009679334e-03
4.24088692137080704e-03
3.14851338236793584e-03
6.40011990070434890e-03
4.05406349363797696e-03
4.35571581723960023e-03
2.75134293366662269e-03
1.96034764381312291e-03
8.67361737988403547e-18
1.32788053050518799e-03
5.61074624261248545e-18
2.20511493209372836e-03
1.39049790130076545e-03
6.70308946031221019e-04
3.33392168039292613e-18
-9.02090088825829861e-20
-2.11247240494926401e-05
-2.49874719440018600e-19
-6.77001025593405560e-05
-6.25040274240327135e-05
-1.74157625982399684e-04
-5.45489218031769418e-19
-1.62722372658188642e-04
-8.53809210832334742e-19
-3.24492838797058730e-04
-3.79352462154162009e-04
-7.13379198399636443e-04
-1.41853837017807738e-04
-3.53217975655623583e-04
-2.72337643745881896e-04
-6.29917843541868971e-04
-6.96829464630918855e-04
-1.22246973478552247e-03
-1.14959532097209677e-03
-1.89218156464380995e-03
-3.01543729222530921e-18
-5.64786715921960559e-04
-3.86247023947960955e-18
-8.87591485536130690e-04
-1.19887823291859176e-03
-1.84339485051932764e-03
-6.62718577931764585e-18
-1.28852580081833742e-03
-6.17995238316737527e-18
-1.75499127343732618e-03
-2.63825410119008716e-03
-3.55885687872947807e-03
-1.96191305010078509e-03
-2.92544817235122117e-03
-2.89619112960566539e-03
-4.17353799014330736e-03
-4.10027993675333297e-03
-5.45095525428735978e-03
-5.70756207657935073e-03
-7.45356507376569201e-03
-4.61423028124671676e-04
-1.01827567902837380e-03
-7.10684631994898961e-04
-1.52092426556327525e-03
-1.75646750773658005e-03
-2.74370033200784826e-03
-2.52015209837568900e-03
-3.77844431320724459e-03
-1.01638973874114370e-03
-2.13027665821960161e-03
-1.37057165546889651e-03
-2.83065864748493655e-03
-3.42897962681476022e-03
-4.98035459848568309e-03
-4.46006851076609714e-03
-6.32004845529483220e-03
-4.02237355299108271e-03
-5.60470563043770180e-03
-5.33898155638872982e-03
-7.21287079867974010e-03
-7.47050366555386883e-03
-9.56778451995597690e-03
-9.37678757173823416e-03
-1.17736551238926228e-02
-6.82522030030072949e-03
-8.97216317091887108e-03
-8.44606955982723021e-03
-1.08428877974095644e-02
-1.13951851224333225e-02
-1.40344122306996014e-02
-1.34823253802236233e-02
-1.63039809152239409e-02
-1.13570177567856589e-17
-2.26704624227872485e-03
-1.13841228110977966e-17
-2.79892830964144183e-03
-4.56637604474114094e-03
-5.61071059624547886e-03
-1.25225350922075762e-17
-3.32109640139204932e-03
-9.97465998686664079e-18
-3.80261819079206771e-03
-6.63444721803291369e-03
-7.57749145419573354e-03
-6.92178336302836164e-03
-8.44104799367215684e-03
-9.34181799609527276e-03
-1.12827896358203127e-02
-9.92665432352574616e-03
-1.12927295035905109e-02
-1.31741530929649440e-02
-1.49089737675211810e-02
-2.19008838842071896e-17
-4.21369879112898187e-03
-2.52619106189122533e-17
-4.52813424968292154e-03
-8.38197268198026361e-03
-8.99700307823700016e-03
-2.93818788743571702e-17
-4.72547963245807754e-03
-1.97866896478604559e-17
-4.79274583877178483e-03
-9.38288290454275184e-03
-9.51439166062006264e-03
-1.24566128465868255e-02
-1.33456375871870703e-02
-1.63843796821953741e-02
-1.75099726423962043e-02
-1.39031234185683656e-02
-1.40930662887454681e-02
-1.82152601855160613e-02
-1.84554716854028224e-02
-1.18162047461773893e-02
-1.41130140278867746e-02
-1.43163148108958367e-02
-1.68938836203042751e-02
-1.63410287236035352e-02
-1.83779472667631484e-02
-1.93802623846215209e-02
-2.16440719865939601e-02
-1.67998180593335704e-02
-1.95776547675787921e-02
-1.92188237432408676e-02
-2.21153783995068007e-02
-2.22390508900531490e-02
-2.46500468917892936e-02
-2.48679808741927508e-02
-2.73464085921380773e-02
-2.01062126630650144e-02
-2.14225791862201441e-02
-2.35591707498917086e-02
-2.50148549390420485e-02
-2.22465647611499902e-02
-2.25270653495511022e-02
-2.59248702909270178e-02
-2.62344635398744086e-02
-2.66822144783562809e-02
-2.82229539662925445e-02
-2.94260662651581600e-02
-3.09978603263464624e-02
-2.91845902572892384e-02
-2.95114898652320788e-02
-3.19769198068872509e-02
-3.23094191121239757e-02
-1.76228529779113999e-03
-3.60081138111364649e-03
-2.17880942233655579e-03
-4.41629407665944038e-03
-5.58305739229606086e-03
-7.75975488121048544e-03
-6.76370399611139241e-03
-9.25810111416877982e-03
-2.60665802209780664e-03
-5.25150021653412926e-03
-3.03235053935576194e-03
-6.08116807189771832e-03
-7.96689272575701150e-03
-1.07740910390250917e-02
-9.15882791886777833e-03
-1.22699001773645955e-02
-1.01583862380174948e-02
-1.27787479566212857e-02
-1.19168637031915482e-02
-1.47339536133820302e-02
-1.55909807525658715e-02
-1.85362553201200812e-02
-1.76782893104312985e-02
-2.06943855011929891e-02
-1.36789527000122351e-02
-1.66690482242302582e-02
-1.54081595962530672e-02
-1.85546013938602782e-02
-1.97124419974579745e-02
-2.27582701927195284e-02
-2.16766581657414012e-02
-2.47287086256130738e-02
-3.44294970489047048e-03
-6.88138532783774248e-03
-3.82640663195159270e-03
-7.63015631913625640e-03
-1.03083695090990107e-02
-1.37123541057509995e-02
-1.13875879857849461e-02
-1.50731472306734685e-02
-4.17176278802698988e-03
-8.30763155879438858e-03
-4.46925630552740850e-03
-8.89610733642848261e-03
-1.23716891818992959e-02
-1.63280042833765932e-02
-1.32385014229673588e-02
-1.74550954174906361e-02
-1.70754436657771860e-02
-2.03722857315161016e-02
-1.86587168334102563e-02
-2.21132522596161028e-02
-2.35697090678400785e-02
-2.66271654813968785e-02
-2.54027803850829410e-02
-2.84907873086730490e-02
-2.01407010375575617e-02
-2.37741129992698891e-02
-2.15056118172997496e-02
-2.53511981877549211e-02
-2.71930360015219426e-02
-3.03630854846509979e-02
-2.89547878760967187e-02
-3.22814597009666374e-02
-2.15300728319770887e-02
-2.44679129507609817e-02
-2.37052238815916340e-02
-2.66171261511937880e-02
-2.72327586372591232e-02
-2.97038639426141018e-02
-2.93262265810527098e-02
-3.17260020818191310e-02
-2.57390868569718594e-02
-2.85747957152414425e-02
-2.76538564782040780e-02
-3.03868469343787778e-02
-3.11778471605238527e-02
-3.34592692482580945e-02
-3.28578888010085876e-02
-3.49970703017326995e-02
-3.17660223206173709e-02
-3.33185481641734144e-02
-3.37152249128020026e-02
-3.52056649087914772e-02
-3.42832071345089417e-02
-3.46104194613445701e-02
-3.61288876932704742e-02
-3.64415711259481745e-02
-3.53350278399688564e-02
-3.67321807043290566e-02
-3.67390036974783174e-02
-3.80273119680673358e-02
-3.75943060171507609e-02
-3.78857459786603595e-02
-3.88185821867407591e-02
-3.90854538102458071e-02
-2.94979604382096736e-02
-3.21311882778602328e-02
-3.13389862974220723e-02
-3.39084226169583669e-02
-3.44742254550752941e-02
-3.64755853010892209e-02
-3.61608412139701324e-02
-3.80602186034255940e-02
-3.32511532402136462e-02
-3.58259483541811391e-02
-3.52987929196017305e-02
-3.79772124474320183e-02
-3.80585980133582580e-02
-3.99232765998272024e-02
-4.02903181643430308e-02
-4.22151913054423233e-02
-3.80879046064555998e-02
-3.92708187621934740e-02
-3.95743440103670102e-02
-4.06763282491682809e-02
-3.99934894467818547e-02
-4.02365763107359817e-02
-4.13459225801094399e-02
-4.15705435641646817e-02
-4.13978267841241601e-02
-4.24643345667084782e-02
-4.37326704950806444e-02
-4.48275900021863835e-02
-4.31096215843369199e-02
-4.33256224005157259e-02
-4.54889732959802354e-02
-4.57101759472361840e-02
4.46925630552741197e-03
4.17176278802700723e-03
8.89610733642850864e-03
8.30763155879443715e-03
3.82640663195159877e-03
7.63015631913625814e-03
1.32385014229674108e-02
1.23716891818993497e-02
1.74550954174907402e-02
1.63280042833767007e-02
1.13875879857849097e-02
1.50731472306734372e-02
3.44294970489045834e-03
6.88138532783771385e-03
3.03235053935576020e-03
6.08116807189773567e-03
1.03083695090989726e-02
1.37123541057509908e-02
9.15882791886781303e-03
1.22699001773646180e-02
2.15056118172998051e-02
2.01407010375577282e-02
2.53511981877548344e-02
2.37741129992699723e-02
1.86587168334102459e-02
2.21132522596160438e-02
2.89547878760965799e-02
2.71930360015219322e-02
3.22814597009666304e-02
3.03630854846509493e-02
2.54027803850828612e-02
2.84907873086729831e-02
1.70754436657771236e-02
2.03722857315159558e-02
1.54081595962531123e-02
1.85546013938603371e-02
2.35697090678399987e-02
2.66271654813969028e-02
2.16766581657414220e-02
2.47287086256130564e-02
2.60665802209781835e-03
5.25150021653415441e-03
2.17880942233654321e-03
4.41629407665940915e-03
7.96689272575704273e-03
1.07740910390250830e-02
6.76370399611134470e-03
9.25810111416875900e-03
1.76228529779112221e-03
3.60081138111360008e-03
1.37057165546888848e-03
2.83065864748492093e-03
5.58305739229601142e-03
7.75975488121046116e-03
4.46006851076609194e-03
6.32004845529480618e-03
1.36789527000122837e-02
1.66690482242302998e-02
1.19168637031915152e-02
1.47339536133819400e-02
1.97124419974580439e-02
2.27582701927196221e-02
1.76782893104312118e-02
2.06943855011929752e-02
1.01583862380174375e-02
1.27787479566212198e-02
8.44606955982719551e-03
1.08428877974095575e-02
1.55909807525657917e-02
1.85362553201200118e-02
1.34823253802236268e-02
1.63039809152239826e-02
3.52987929196019318e-02
3.32511532402137502e-02
3.79772124474322889e-02
3.58259483541812501e-02
3.13389862974218919e-02
3.39084226169580824e-02
4.02903181643433361e-02
3.80585980133584384e-02
4.22151913054425454e-02
3.99232765998274036e-02
3.61608412139699797e-02
3.80602186034256149e-02
2.94979604382096111e-02
3.21311882778601357e-02
2.76538564782040572e-02
3.03868469343788923e-02
3.44742254550751831e-02
3.64755853010891168e-02
3.28578888010084974e-02
3.49970703017324636e-02
4.37326704950809220e-02
4.13978267841241532e-02
4.48275900021866403e-02
4.24643345667086516e-02
3.95743440103666980e-02
4.06763282491680797e-02
4.54889732959803117e-02
4.31096215843372599e-02
4.57101759472361008e-02
4.33256224005158300e-02
4.13459225801096342e-02
4.15705435641649107e-02
3.80879046064553708e-02
3.92708187621932658e-02
3.67390036974783243e-02
3.80273119680674190e-02
3.99934894467819449e-02
4.02365763107360927e-02
3.88185821867409048e-02
3.90854538102458557e-02
2.57390868569720294e-02
2.85747957152415605e-02
2.37052238815918283e-02
2.66171261511938921e-02
3.11778471605238146e-02
3.34592692482581361e-02
2.93262265810527098e-02
3.17260020818191935e-02
2.15300728319771408e-02
2.44679129507609644e-02
1.92188237432409266e-02
2.21153783995068770e-02
2.72327586372589636e-02
2.97038639426138937e-02
2.48679808741926849e-02
2.73464085921379073e-02
3.53350278399689466e-02
3.67321807043291884e-02
3.37152249128020234e-02
3.52056649087915188e-02
3.75943060171509552e-02
3.78857459786604983e-02
3.61288876932705089e-02
3.64415711259482161e-02
3.17660223206172321e-02
3.33185481641732270e-02
2.94260662651580837e-02
3.09978603263463652e-02
3.42832071345086781e-02
3.46104194613443342e-02
3.19769198068870636e-02
3.23094191121237884e-02
1.01638973874113936e-03
2.13027665821959814e-03
7.10684631994892672e-04
1.52092426556326463e-03
3.42897962681476412e-03
4.98035459848566661e-03
2.52015209837567816e-03
3.77844431320723331e-03
4.61423028124666092e-04
1.01827567902836058e-03
2.72337643745879077e-04
6.29917843541861490e-04
1.75646750773656660e-03
2.74370033200784002e-03
1.14959532097209114e-03
1.89218156464381060e-03
6.82522030030072082e-03
8.97216317091885200e-03
5.33898155638870726e-03
7.21287079867971408e-03
1.13951851224333069e-02
1.40344122306996690e-02
9.37678757173821681e-03
1.17736551238926349e-02
4.02237355299105929e-03
5.60470563043768966e-03
2.89619112960565455e-03
4.17353799014329781e-03
7.47050366555383587e-03
9.56778451995592312e-03
5.70756207657933078e-03
7.45356507376565211e-03
1.41853837017806735e-04
3.53217975655619409e-04
6.25040274240317649e-05
1.74157625982397299e-04
6.96829464630911700e-04
1.22246973478551792e-03
3.79352462154155829e-04
7.13379198399627227e-04
2.11247240494922403e-05
6.77001025593396751e-05
1.62722372658186663e-04
3.24492838797055261e-04
1.96191305010078075e-03
2.92544817235122767e-03
1.19887823291857658e-03
1.84339485051931507e-03
4.10027993675333557e-03
5.45095525428734330e-03
2.63825410119007285e-03
3.55885687872944771e-03
5.64786715921949717e-04
8.87591485536115619e-04
1.28852580081831748e-03
1.75499127343730580e-03
1.67998180593336398e-02
1.95776547675788545e-02
1.43163148108959026e-02
1.68938836203042647e-02
2.22390508900530692e-02
2.46500468917892138e-02
1.93802623846214168e-02
2.16440719865939220e-02
1.18162047461774014e-02
1.41130140278867885e-02
9.34181799609524154e-03
1.12827896358203301e-02
1.63410287236034346e-02
1.83779472667630270e-02
1.31741530929649492e-02
1.49089737675211428e-02
2.66822144783563017e-02
2.82229539662925827e-02
2.35591707498917155e-02
2.50148549390420381e-02
2.91845902572892835e-02
2.95114898652321447e-02
2.59248702909270039e-02
2.62344635398744259e-02
2.01062126630649693e-02
2.14225791862200712e-02
1.63843796821954192e-02
1.75099726423961766e-02
2.22465647611499312e-02
2.25270653495510363e-02
1.82152601855159572e-02
1.84554716854027426e-02
6.92178336302834082e-03
8.44104799367213082e-03
4.56637604474109497e-03
5.61071059624540860e-03
9.92665432352569932e-03
1.12927295035904866e-02
6.63444721803281567e-03
7.57749145419566849e-03
2.26704624227869016e-03
2.79892830964140714e-03
3.32109640139201245e-03
3.80261819079203431e-03
1.24566128465868585e-02
1.33456375871871119e-02
8.38197268198018555e-03
8.99700307823691689e-03
1.39031234185683118e-02
1.40930662887454074e-02
9.38288290454264255e-03
9.51439166061997937e-03
4.21369879112891855e-03
4.52813424968283394e-03
4.72547963245796218e-03
4.79274583877171631e-03
2.00577401909818320e-18
6.70308946031217333e-04
3.38813178901720136e-18
1.39049790130076089e-03
1.32788053050517845e-03
2.75134293366661314e-03
5.88179678573386155e-18
2.20511493209373834e-03
9.70360944374526468e-18
3.14851338236795796e-03
4.35571581723961324e-03
6.20672373468062963e-03
1.96034764381310470e-03
4.05406349363795701e-03
2.55606277050509983e-03
5.27245566595522901e-03
6.40011990070434890e-03
9.08996529555928211e-03
8.29203728418582454e-03
1.17242630913615940e-02
1.35525271560688054e-17
4.24088692137084000e-03
1.57209315010398143e-17
5.48555357009683497e-03
8.34286343865299658e-03
1.07701826398303550e-02
1.60461921527854656e-17
6.86773201256403888e-03
2.15756232324615382e-17
8.35492460806500255e-03
1.34599292758995938e-02
1.63492913571358714e-02
1.21768222488811192e-02
1.56683605231969260e-02
1.56322007055897799e-02
2.00236445739211226e-02
1.95234025283524820e-02
2.36529702718442647e-02
2.48471285045245918e-02
2.99932113890532190e-02
3.10440772102313096e-03
6.38349148442078282e-03
3.59604917851972204e-03
7.36798713288692921e-03
9.99262740139686759e-03
1.40502948146606545e-02
1.14718788329704786e-02
1.60258938856635072e-02
4.02313099142410924e-03
8.21099751111848547e-03
4.37940032267028663e-03
8.90193491651675335e-03
1.27092249919423007e-02
1.76269118374546355e-02
1.36934007936670207e-02
1.88464617763820855e-02
1.86237385846763602e-02
2.37191650698400022e-02
2.10955881396221109e-02
2.66838497291869460e-02
2.92773547629706400e-02
3.51751065262175325e-02
3.27264178520675075e-02
3.90934009619151451e-02
2.30224525405242006e-02
2.88938678054401210e-02
2.44078020198237322e-02
3.03693821838294728e-02
3.51745191321228834e-02
4.17346198320408465e-02
3.66645967554282137e-02
4.31697071256233467e-02
2.76471553983803631e-17
9.89888269028850291e-03
3.18755438710738304e-17
1.14389929289363777e-02
1.93451803947047897e-02
2.23307482436736031e-02
3.51281503885303437e-17
1.29068005264296546e-02
3.83807569059868570e-17
1.42312864254381770e-02
2.51740905792049337e-02
2.77384005602455061e-02
2.79256077103637104e-02
3.21765426842871433e-02
3.53009556922822404e-02
4.05690691622925328e-02
3.62199202075428744e-02
3.98630724349875593e-02
4.55707764216082278e-02
5.00711634332953529e-02
3.72965547335013525e-17
1.53444500100517883e-02
4.61870125478824889e-17
1.61867216591699420e-02
2.98927098669887030e-02
3.15223021234533468e-02
5.48606299277665244e-17
1.67117432988902817e-02
4.83554168928534978e-17
1.68901086222297513e-02
3.25379102432742512e-02
3.28829121970289351e-02
4.29216131034009032e-02
4.52340709493845791e-02
5.38455221936615658e-02
5.66971339816344580e-02
4.66748138818062624e-02
4.71641603413181926e-02
5.84729747883831891e-02
5.90760022880831431e-02
4.12324242543239267e-02
4.72248600242260522e-02
4.55967023054185544e-02
5.20027495386263666e-02
5.28999811604447048e-02
5.79965706485807211e-02
5.80494655662981904e-02
6.34660493678813192e-02
4.83884530646381261e-02
5.49067134101718785e-02
4.97104684445506054e-02
5.60734183603097680e-02
6.10329443040354552e-02
6.65026876307421161e-02
6.20208912606756355e-02
6.73084974465111285e-02
6.22649318213749983e-02
6.54865697933526281e-02
6.79938901589990374e-02
7.14068369560260374e-02
6.74915722416186276e-02
6.81722065396730276e-02
7.35290972211027904e-02
7.42492383588115867e-02
7.10637246053067995e-02
7.44956892154320927e-02
7.17035907224161106e-02
7.50031588261150378e-02
7.66273854241153463e-02
7.73503327790184547e-02
7.70496166414222639e-02
7.77431583701550383e-02
4.66027085706577880e-03
9.43443971752024567e-03
4.86283155118174756e-03
9.80605592804542625e-03
1.44216337473555122e-02
1.96927582793131502e-02
1.48983352364390371e-02
2.01859266816052235e-02
4.98581330819121860e-03
1.00177815047941439e-02
5.02952810137930958e-03
1.00735701944112896e-02
1.51335050384631374e-02
2.03542562851106446e-02
1.51410791868973535e-02
2.02304062544619405e-02
2.52795713760338124e-02
3.11672712542290092e-02
2.56840300312328393e-02
3.13709468370373668e-02
3.72912799837031711e-02
4.35385436978911605e-02
3.71855980623494592e-02
4.30286557987382759e-02
2.56786998611658740e-02
3.10786905194948698e-02
2.53252558438710508e-02
3.03920250034186538e-02
3.64975520864602304e-02
4.18510255746788601e-02
3.53787953143086253e-02
4.02161018149642252e-02
4.99579531327036877e-03
9.97985848114150281e-03
4.88786847453573890e-03
9.74517860327277392e-03
1.49374373158819608e-02
1.98480384441344533e-02
1.45402441163714861e-02
1.92392562388612950e-02
4.71037240752929937e-03
9.37989877148086119e-03
1.39677373810299117e-02
1.84330886527337354e-02
2.46832778469056428e-02
2.94055258900822736e-02
2.38055439633559872e-02
2.81991880455623387e-02
3.39675001246642350e-02
3.83128760551632447e-02
3.23770560965259274e-02
3.62932885196069893e-02
2.27352966413497809e-02
2.68340383853981068e-02
3.06896166767279752e-02
3.42633616643443842e-02
4.97532783803139728e-02
5.57467048328014539e-02
4.87672313674432922e-02
5.42427533006907339e-02
6.13099699070496912e-02
6.62291733621803436e-02
5.92813911018775092e-02
6.37061582262894999e-02
4.70308426956720579e-02
5.19106524914140638e-02
4.48194483537631971e-02
4.90933861380692255e-02
5.63538234056935039e-02
6.02224785404076035e-02
5.29368350381018427e-02
5.62492172944207558e-02
7.03012347463981696e-02
7.33492584545792775e-02
6.73496795943378107e-02
7.00665479379463940e-02
7.52360941895388463e-02
7.58749411275157215e-02
7.17442246783725063e-02
7.23115621751022758e-02
6.33870122910874245e-02
6.57352914968120372e-02
5.89369001607519261e-02
6.09194140167100412e-02
6.71807675873569432e-02
6.76688159910801973e-02
6.21349282236735093e-02
6.25445271508857648e-02
4.23778966101096416e-02
4.60938729222608312e-02
3.99002245367592254e-02
4.31497176720690087e-02
4.93903898477196929e-02
5.21989662648192979e-02
4.59947542638858911e-02
4.83912599647533040e-02
3.75181357628989326e-02
4.04189255927732555e-02
4.29334950745955748e-02
4.50330661837397145e-02
5.44568780802570374e-02
5.61108346867313923e-02
5.02999602490060635e-02
5.16881533388827211e-02
5.71202088735922389e-02
5.74595551249268005e-02
5.25312583650538317e-02
5.28140176474665990e-02
4.66929889184804561e-02
4.78933602002497016e-02
4.86195528904966728e-02
4.88626207779923397e-02
-4.71037240752928636e-03
-9.37989877148085772e-03
-4.88786847453568252e-03
-9.74517860327274096e-03
-1.39677373810299654e-02
-1.84330886527337597e-02
-1.45402441163715070e-02
-1.92392562388613020e-02
-4.99579531327030285e-03
-9.97985848114137097e-03
-5.02952810137925668e-03
-1.00735701944111439e-02
-1.49374373158818012e-02
-1.98480384441343284e-02
-1.51410791868971904e-02
-2.02304062544617844e-02
-2.27352966413497948e-02
-2.68340383853982664e-02
-2.38055439633559213e-02
-2.81991880455624601e-02
-3.06896166767282735e-02
-3.42633616643445993e-02
-3.23770560965262952e-02
-3.62932885196073016e-02
-2.46832778469054728e-02
-2.94055258900822493e-02
-2.53252558438708253e-02
-3.03920250034185567e-02
-3.39675001246644015e-02
-3.83128760551634737e-02
-3.53787953143085560e-02
-4.02161018149643362e-02
-4.98581330819121166e-03
-1.00177815047940676e-02
-4.86283155118176318e-03
-9.80605592804541411e-03
-1.51335050384630090e-02
-2.03542562851105231e-02
-1.48983352364389574e-02
-2.01859266816050778e-02
-4.66027085706577533e-03
-9.43443971752022659e-03
-4.37940032267028229e-03
-8.90193491651675162e-03
-1.44216337473554845e-02
-1.96927582793130634e-02
-1.36934007936670484e-02
-1.88464617763820438e-02
-2.56786998611656832e-02
-3.10786905194947657e-02
-2.56840300312327074e-02
-3.13709468370372280e-02
-3.64975520864603137e-02
-4.18510255746791307e-02
-3.71855980623495078e-02
-4.30286557987384910e-02
-2.52795713760337153e-02
-3.11672712542288878e-02
-2.44078020198236212e-02
-3.03693821838293687e-02
-3.72912799837031572e-02
-4.35385436978912785e-02
-3.66645967554281443e-02
-4.31697071256234091e-02
-3.75181357628990575e-02
-4.04189255927731445e-02
-3.99002245367593988e-02
-4.31497176720690087e-02
-4.29334950745956304e-02
-4.50330661837399504e-02
-4.59947542638862172e-02
-4.83912599647536371e-02
-4.23778966101096832e-02
-4.60938729222607618e-02
-4.48194483537631208e-02
-4.90933861380687814e-02
-4.93903898477197345e-02
-5.21989662648193464e-02
-5.29368350381016969e-02
-5.62492172944209223e-02
-4.66929889184803590e-02
-4.78933602002497918e-02
-5.02999602490060496e-02
-5.16881533388828182e-02
-4.86195528904968949e-02
-4.88626207779923397e-02
-5.25312583650540815e-02
-5.28140176474665296e-02
-5.44568780802567251e-02
-5.61108346867311425e-02
-5.89369001607520648e-02
-6.09194140167100689e-02
-5.71202088735924818e-02
-5.74595551249268768e-02
-6.21349282236737660e-02
-6.25445271508858897e-02
-4.70308426956720649e-02
-5.19106524914137793e-02
-4.87672313674433894e-02
-5.42427533006907756e-02
-5.63538234056935594e-02
-6.02224785404077007e-02
-5.92813911018779532e-02
-6.37061582262897497e-02
-4.97532783803140144e-02
-5.57467048328015025e-02
-4.97104684445505013e-02
-5.60734183603097264e-02
-6.13099699070498022e-02
-6.62291733621805379e-02
-6.20208912606755453e-02
-6.73084974465110453e-02
-6.33870122910876466e-02
-6.57352914968123703e-02
-6.73496795943378523e-02
-7.00665479379463663e-02
-6.71807675873572069e-02
-6.76688159910805720e-02
-7.17442246783723953e-02
-7.23115621751024701e-02
-7.03012347463983223e-02
-7.33492584545791804e-02
-7.17035907224162355e-02
-7.50031588261155097e-02
-7.52360941895388463e-02
-7.58749411275156105e-02
-7.70496166414227357e-02
-7.77431583701550522e-02
-4.02313099142412572e-03
-8.21099751111850629e-03
-3.59604917851972638e-03
-7.36798713288693181e-03
-1.27092249919423216e-02
-1.76269118374546147e-02
-1.14718788329704717e-02
-1.60258938856634933e-02
-3.10440772102310927e-03
-6.38349148442074465e-03
-2.55606277050509029e-03
-5.27245566595520646e-03
-9.99262740139683983e-03
-1.40502948146605730e-02
-8.29203728418578465e-03
-1.17242630913615108e-02
-2.30224525405240722e-02
-2.88938678054400586e-02
-2.10955881396220381e-02
-2.66838497291869148e-02
-3.51745191321228626e-02
-4.17346198320410686e-02
-3.27264178520675422e-02
-3.90934009619154157e-02
-1.86237385846762180e-02
-2.37191650698398843e-02
-1.56322007055896411e-02
-2.00236445739209595e-02
-2.92773547629705845e-02
-3.51751065262176782e-02
-2.48471285045244253e-02
-2.99932113890532051e-02
-1.96034764381309776e-03
-4.05406349363794313e-03
-1.32788053050517173e-03
-2.75134293366660100e-03
-6.40011990070431247e-03
-9.08996529555920925e-03
-4.35571581723958462e-03
-6.20672373468055850e-03
-6.70308946031212562e-04
-1.39049790130075547e-03
-2.20511493209372272e-03
-3.14851338236792067e-03
-1.21768222488810238e-02
-1.56683605231968497e-02
-8.34286343865289597e-03
-1.07701826398302804e-02
-1.95234025283524057e-02
-2.36529702718442196e-02
-1.34599292758995522e-02
-1.63492913571358055e-02
-4.24088692137078536e-03
-5.48555357009678987e-03
-6.86773201256401459e-03
-8.35492460806495398e-03
-4.83884530646383412e-02
-5.49067134101720519e-02
-4.55967023054187209e-02
-5.20027495386265470e-02
-6.10329443040356842e-02
-6.65026876307422132e-02
-5.80494655662985304e-02
-6.34660493678815413e-02
-4.12324242543238920e-02
-4.72248600242258162e-02
-3.53009556922820877e-02
-4.05690691622922969e-02
-5.28999811604444967e-02
-5.79965706485805754e-02
-4.55707764216080682e-02
-5.00711634332951377e-02
-7.10637246053070493e-02
-7.44956892154325090e-02
-6.79938901589991485e-02
-7.14068369560259264e-02
-7.66273854241156238e-02
-7.73503327790187045e-02
-7.35290972211026655e-02
-7.42492383588117810e-02
-6.22649318213746444e-02
-6.54865697933521840e-02
-5.38455221936612050e-02
-5.66971339816342013e-02
-6.74915722416182112e-02
-6.81722065396728055e-02
-5.84729747883827380e-02
-5.90760022880828239e-02
-2.79256077103636896e-02
-3.21765426842870669e-02
-1.93451803947047446e-02
-2.23307482436735649e-02
-3.62199202075427981e-02
-3.98630724349874344e-02
-2.51740905792048192e-02
-2.77384005602453881e-02
-9.89888269028843526e-03
-1.14389929289363205e-02
-1.29068005264295731e-02
-1.42312864254380781e-02
-4.29216131034009310e-02
-4.52340709493845861e-02
-2.98927098669887169e-02
-3.15223021234532289e-02
-4.66748138818059571e-02
-4.71641603413178734e-02
-3.25379102432739528e-02
-3.28829121970287477e-02
-1.53444500100517380e-02
-1.61867216591698310e-02
-1.67117432988901013e-02
-1.68901086222296368e-02
-2.39066579033053728e-17
-4.72547963245801422e-03
-1.82688066063807497e-17
-4.52813424968288164e-03
-9.38288290454267204e-03
-8.99700307823696720e-03
-1.58835618269126400e-17
-4.21369879112896972e-03
-1.06793913989822187e-17
-3.80261819079206250e-03
-8.38197268198031913e-03
-7.57749145419573267e-03
-1.39031234185682806e-02
-1.33456375871871067e-02
-1.82152601855159746e-02
-1.75099726423961800e-02
-1.24566128465869279e-02
-1.12927295035904623e-02
-1.63843796821954157e-02
-1.49089737675211064e-02
-1.83772268236293002e-17
-3.32109640139206883e-03
-1.54227759036063006e-17
-2.79892830964148390e-03
-6.63444721803290154e-03
-5.61071059624552136e-03
-1.32272665043231541e-17
-2.26704624227875694e-03
-6.69494841509798988e-18
-1.75499127343733507e-03
-4.56637604474118084e-03
-3.55885687872949672e-03
-9.92665432352570279e-03
-8.44104799367220889e-03
-1.31741530929649041e-02
-1.12827896358204186e-02
-6.92178336302841108e-03
-5.45095525428739014e-03
-9.34181799609535603e-03
-7.45356507376572323e-03
-2.22465647611499034e-02
-2.14225791862200712e-02
-2.59248702909269033e-02
-2.50148549390419549e-02
-2.01062126630650456e-02
-1.83779472667630027e-02
-2.35591707498917398e-02
-2.16440719865938803e-02
-2.91845902572890961e-02
-2.82229539662924335e-02
-3.19769198068870705e-02
-3.09978603263463375e-02
-2.66822144783562948e-02
-2.46500468917891444e-02
-2.94260662651581115e-02
-2.73464085921378622e-02
-1.63410287236034589e-02
-1.41130140278869585e-02
-1.93802623846214203e-02
-1.68938836203043966e-02
-1.18162047461775072e-02
-9.56778451995600292e-03
-1.43163148108959894e-02
-1.17736551238926887e-02
-2.22390508900530276e-02
-1.95776547675789239e-02
-2.48679808741925981e-02
-2.21153783995069117e-02
-1.67998180593337230e-02
-1.40344122306997193e-02
-1.92188237432410168e-02
-1.63039809152240173e-02
-6.47810798060088899e-18
-1.28852580081833157e-03
-4.17417836406919207e-18
-8.87591485536128088e-04
-2.63825410119008672e-03
-1.84339485051933545e-03
-2.24294324432938730e-18
-5.64786715921964787e-04
-7.79270311473956312e-19
-3.24492838797064910e-04
-1.19887823291861127e-03
-7.13379198399649453e-04
-4.10027993675333643e-03
-2.92544817235124979e-03
-5.70756207657936113e-03
-4.17353799014333685e-03
-1.96191305010082239e-03
-1.22246973478554633e-03
-2.89619112960570182e-03
-1.89218156464384269e-03
-8.23316024731179930e-19
-1.62722372658193114e-04
-3.79047243896299402e-19
-6.77001025593433614e-05
-3.79352462154168731e-04
-1.74157625982405159e-04
-1.13925931405703396e-19
-2.11247240494935244e-05
-6.25040274240348548e-05
-6.96829464630928179e-04
-3.53217975655630901e-04
-1.14959532097211282e-03
-6.29917843541878729e-04
-1.41853837017811478e-04
-2.72337643745887046e-04
-7.47050366555388964e-03
-5.60470563043775818e-03
-9.37678757173824283e-03
-7.21287079867980081e-03
-4.02237355299113909e-03
-2.74370033200789336e-03
-5.33898155638880614e-03
-3.77844431320729620e-03
-1.13951851224333399e-02
-8.97216317091892659e-03
-1.34823253802236354e-02
-1.08428877974096546e-02
-6.82522030030081363e-03
-4.98035459848573687e-03
-8.44606955982734817e-03
-6.32004845529490246e-03
-1.75646750773660282e-03
-1.01827567902839158e-03
-2.52015209837571892e-03
-1.52092426556329867e-03
-4.61423028124681488e-04
-7.10684631994912947e-04
-3.42897962681479838e-03
-2.13027665821963674e-03
-4.46006851076613878e-03
-2.83065864748497775e-03
-1.01638973874116452e-03
-1.37057165546892166e-03
-3.42832071345087613e-02
-3.33185481641732756e-02
-3.61288876932703770e-02
-3.52056649087914147e-02
-3.17660223206173986e-02
-2.97038639426138590e-02
-3.37152249128021206e-02
-3.17260020818190824e-02
-3.75943060171505805e-02
-3.67321807043289178e-02
-3.88185821867405995e-02
-3.80273119680671831e-02
-3.53350278399688980e-02
-3.34592692482580251e-02
-3.67390036974783174e-02
-3.49970703017325122e-02
-2.72327586372588977e-02
-2.44679129507610962e-02
-2.93262265810525571e-02
-2.66171261511939407e-02
-2.15300728319772205e-02
-1.85362553201200986e-02
-2.37052238815918699e-02
-2.06943855011930793e-02
-3.11778471605236654e-02
-2.85747957152415050e-02
-3.28578888010084696e-02
-3.03868469343789201e-02
-2.57390868569721022e-02
-2.27582701927196984e-02
-2.76538564782042723e-02
-2.47287086256131987e-02
-3.99934894467817437e-02
-3.92708187621933491e-02
-4.13459225801092109e-02
-4.06763282491680728e-02
-3.80879046064556068e-02
-3.64755853010891098e-02
-3.95743440103670518e-02
-3.80602186034256496e-02
-4.31096215843366909e-02
-4.24643345667083810e-02
-4.54889732959801243e-02
-4.48275900021863558e-02
-4.13978267841241948e-02
-3.99232765998271191e-02
-4.37326704950807832e-02
-4.22151913054423372e-02
-3.44742254550752178e-02
-3.21311882778603577e-02
-3.61608412139700630e-02
-3.39084226169584432e-02
-2.94979604382098679e-02
-2.66271654813969652e-02
-3.13389862974222388e-02
-2.84907873086730837e-02
-3.80585980133580914e-02
-3.58259483541811391e-02
-4.02903181643429475e-02
-3.79772124474319628e-02
-3.32511532402138682e-02
-3.03630854846510881e-02
-3.52987929196019942e-02
-3.22814597009667900e-02
-1.55909807525659097e-02
-1.27787479566214036e-02
-1.76782893104313055e-02
-1.47339536133820753e-02
-1.01583862380176439e-02
-7.75975488121060167e-03
-1.19168637031916713e-02
-9.25810111416887002e-03
-1.97124419974579398e-02
-1.66690482242302582e-02
-2.16766581657413526e-02
-1.85546013938602712e-02
-1.36789527000123548e-02
-1.07740910390251871e-02
-1.54081595962531851e-02
-1.22699001773647360e-02
-5.58305739229611464e-03
-3.60081138111370807e-03
-6.76370399611144792e-03
-4.41629407665952191e-03
-1.76228529779118379e-03
-2.17880942233661780e-03
-7.96689272575710518e-03
-5.25150021653423942e-03
-9.15882791886788762e-03
-6.08116807189782067e-03
-2.60665802209787169e-03
-3.03235053935581008e-03
-2.35697090678399154e-02
-2.03722857315160114e-02
-2.54027803850827225e-02
-2.21132522596160369e-02
-1.70754436657773213e-02
-1.37123541057511591e-02
-1.86587168334104228e-02
-1.50731472306735934e-02
-2.71930360015217865e-02
-2.37741129992698856e-02
-2.89547878760965591e-02
-2.53511981877549211e-02
-2.01407010375577490e-02
-1.63280042833767285e-02
-2.15056118172999161e-02
-1.74550954174907506e-02
-1.03083695090991183e-02
-6.88138532783787345e-03
-1.13875879857850415e-02
-7.63015631913640212e-03
-3.44294970489055071e-03
-3.82640663195169504e-03
-1.23716891818993931e-02
-8.30763155879454124e-03
-1.32385014229674282e-02
-8.89610733642859364e-03
-4.17176278802708963e-03
-4.46925630552748483e-03
4.54889732959801174e-02
4.31096215843368991e-02
4.48275900021864390e-02
4.24643345667085892e-02
4.13459225801091831e-02
4.06763282491680866e-02
4.37326704950809428e-02
4.13978267841243752e-02
4.22151913054425662e-02
3.99232765998273204e-02
3.95743440103670518e-02
3.80602186034256357e-02
3.99934894467816465e-02
3.92708187621933699e-02
3.88185821867408076e-02
3.80273119680673774e-02
3.80879046064556623e-02
3.64755853010891307e-02
3.67390036974784145e-02
3.49970703017325260e-02
4.02903181643431557e-02
3.80585980133584245e-02
3.79772124474321779e-02
3.58259483541814513e-02
3.61608412139701532e-02
3.39084226169585612e-02
3.52987929196021469e-02
3.32511532402140833e-02
3.22814597009669496e-02
3.03630854846512269e-02
3.13389862974222874e-02
2.84907873086729761e-02
3.44742254550752109e-02
3.21311882778602467e-02
3.28578888010083864e-02
3.03868469343788333e-02
2.94979604382097568e-02
2.66271654813968681e-02
2.76538564782042098e-02
2.47287086256132403e-02
3.75943060171507609e-02
3.67321807043290149e-02
3.61288876932703493e-02
3.52056649087912829e-02
3.53350278399689674e-02
3.34592692482579279e-02
3.37152249128020026e-02
3.17260020818189228e-02
3.42832071345085670e-02
3.33185481641730674e-02
3.19769198068869040e-02
3.09978603263462923e-02
3.17660223206171904e-02
2.97038639426137653e-02
2.94260662651581462e-02
2.73464085921379212e-02
3.11778471605237105e-02
2.85747957152417235e-02
2.93262265810525051e-02
2.66171261511939164e-02
2.57390868569722271e-02
2.27582701927197956e-02
2.37052238815918109e-02
2.06943855011930133e-02
2.72327586372587832e-02
2.44679129507609228e-02
2.48679808741926085e-02
2.21153783995069117e-02
2.15300728319771199e-02
1.85362553201200257e-02
1.92188237432410272e-02
1.63039809152240311e-02
2.89547878760966423e-02
2.71930360015218905e-02
2.53511981877549732e-02
2.37741129992699793e-02
2.54027803850826669e-02
2.21132522596160022e-02
2.15056118172999924e-02
2.01407010375578149e-02
1.74550954174907853e-02
1.63280042833767562e-02
1.86587168334103812e-02
1.50731472306736020e-02
2.35697090678398460e-02
2.03722857315159420e-02
2.16766581657414498e-02
1.85546013938603649e-02
1.70754436657772728e-02
1.37123541057511400e-02
1.54081595962532493e-02
1.22699001773647343e-02
1.32385014229674820e-02
1.23716891818994364e-02
8.89610733642865262e-03
8.30763155879456899e-03
1.13875879857850536e-02
7.63015631913638217e-03
4.46925630552749784e-03
4.17176278802710698e-03
3.82640663195169678e-03
1.03083695090990923e-02
6.88138532783785350e-03
9.15882791886788068e-03
6.08116807189783715e-03
3.44294970489054074e-03
3.03235053935581571e-03
1.97124419974580335e-02
1.66690482242303484e-02
1.76782893104311806e-02
1.47339536133819886e-02
1.36789527000124155e-02
1.07740910390252131e-02
1.19168637031916123e-02
9.25810111416884747e-03
1.55909807525658004e-02
1.27787479566213065e-02
1.34823253802236667e-02
1.08428877974096408e-02
1.01583862380175711e-02
7.75975488121055917e-03
8.44606955982731694e-03
6.32004845529487123e-03
7.96689272575713814e-03
5.25150021653426023e-03
6.76370399611141062e-03
4.41629407665949589e-03
2.60665802209788080e-03
2.17880942233660653e-03
5.58305739229607387e-03
3.60081138111367684e-03
4.46006851076612663e-03
2.83065864748496560e-03
1.76228529779116753e-03
1.37057165546890908e-03
2.91845902572891516e-02
2.82229539662924786e-02
2.59248702909269310e-02
2.50148549390418959e-02
2.66822144783563781e-02
2.46500468917891756e-02
2.35591707498916739e-02
2.16440719865938144e-02
2.22465647611497924e-02
2.14225791862199429e-02
1.82152601855158705e-02
1.75099726423960933e-02
2.01062126630649034e-02
1.83779472667628917e-02
1.63843796821953672e-02
1.49089737675210717e-02
2.22390508900529825e-02
1.95776547675788962e-02
1.93802623846213301e-02
1.68938836203042821e-02
1.67998180593336953e-02
1.40344122306996898e-02
1.43163148108959512e-02
1.17736551238926557e-02
1.63410287236033409e-02
1.41130140278868318e-02
1.31741530929648711e-02
1.12827896358203648e-02
1.18162047461774066e-02
9.56778451995594567e-03
9.34181799609528317e-03
7.45356507376567379e-03
1.39031234185682355e-02
1.33456375871870356e-02
9.38288290454258184e-03
8.99700307823688913e-03
1.24566128465868585e-02
1.12927295035904346e-02
8.38197268198019596e-03
7.57749145419563813e-03
4.72547963245794050e-03
4.52813424968283133e-03
4.21369879112892462e-03
3.80261819079202694e-03
9.92665432352567330e-03
8.44104799367216031e-03
6.63444721803280527e-03
5.61071059624545544e-03
6.92178336302839634e-03
5.45095525428738147e-03
4.56637604474112793e-03
3.55885687872946723e-03
3.32109640139200725e-03
2.79892830964143056e-03
2.26704624227871011e-03
1.75499127343731035e-03
1.13951851224333434e-02
8.97216317091892659e-03
9.37678757173820293e-03
7.21287079867976525e-03
6.82522030030081710e-03
4.98035459848572733e-03
5.33898155638878186e-03
3.77844431320728796e-03
7.47050366555383066e-03
5.60470563043771568e-03
5.70756207657931516e-03
4.17353799014331343e-03
4.02237355299111306e-03
2.74370033200787861e-03
2.89619112960569185e-03
1.89218156464383467e-03
3.42897962681478537e-03
2.13027665821962763e-03
2.52015209837570808e-03
1.52092426556329195e-03
1.01638973874116148e-03
7.10684631994911646e-04
1.75646750773659436e-03
1.01827567902838616e-03
1.14959532097210783e-03
6.29917843541874826e-04
4.61423028124678506e-04
2.72337643745884390e-04
4.10027993675332516e-03
2.92544817235123374e-03
2.63825410119006461e-03
1.84339485051931767e-03
1.96191305010081068e-03
1.22246973478554047e-03
1.19887823291859696e-03
7.13379198399641972e-04
1.28852580081831010e-03
8.87591485536114427e-04
5.64786715921957632e-04
3.24492838797061766e-04
6.96829464630924493e-04
3.53217975655628624e-04
3.79352462154163689e-04
1.74157625982402178e-04
1.41853837017810475e-04
6.25040274240338655e-05
1.62722372658189726e-04
6.77001025593415454e-05
2.11247240494929247e-05
4.74880551548650942e-17
1.67117432988901499e-02
4.59701721133853880e-17
1.61867216591699385e-02
3.25379102432739806e-02
3.15223021234532774e-02
4.25007251614317738e-17
1.53444500100518716e-02
3.92481186439752605e-17
1.42312864254382030e-02
2.98927098669888938e-02
2.77384005602455026e-02
4.66748138818059155e-02
4.52340709493845583e-02
5.84729747883828838e-02
5.66971339816342637e-02
4.29216131034011114e-02
3.98630724349873858e-02
5.38455221936616699e-02
5.00711634332953459e-02
3.92481186439752605e-17
1.29068005264296754e-02
3.13334427848310781e-17
1.14389929289364124e-02
2.51740905792049441e-02
2.23307482436737627e-02
2.37440275774325471e-17
9.89888269028855669e-03
2.30935062739412444e-17
8.35492460806504592e-03
1.93451803947049389e-02
1.63492913571359512e-02
3.62199202075428536e-02
3.21765426842874555e-02
4.55707764216084221e-02
4.05690691622927063e-02
2.79256077103639637e-02
2.36529702718443723e-02
3.53009556922823445e-02
2.99932113890533439e-02
6.74915722416182945e-02
6.54865697933524199e-02
7.35290972211022215e-02
7.14068369560258015e-02
6.22649318213751440e-02
5.79965706485805477e-02
6.79938901589994121e-02
6.34660493678815690e-02
7.66273854241151520e-02
7.44956892154320371e-02
7.70496166414223194e-02
7.50031588261151766e-02
7.10637246053070076e-02
6.65026876307421855e-02
7.17035907224162078e-02
6.73084974465110591e-02
5.28999811604448436e-02
4.72248600242266420e-02
5.80494655662983430e-02
5.20027495386267483e-02
4.12324242543244401e-02
3.51751065262178447e-02
4.55967023054191511e-02
3.90934009619156031e-02
6.10329443040353511e-02
5.49067134101719340e-02
6.20208912606755591e-02
5.60734183603099068e-02
4.83884530646385286e-02
4.17346198320412420e-02
4.97104684445509454e-02
4.31697071256236173e-02
1.91903784529934285e-17
6.86773201256401979e-03
1.59377719355369152e-17
5.48555357009682630e-03
1.34599292758995452e-02
1.07701826398303290e-02
1.21430643318376497e-17
4.24088692137085301e-03
8.83624770575686114e-18
3.14851338236796577e-03
8.34286343865303127e-03
6.20672373468065218e-03
1.95234025283524057e-02
1.56683605231969052e-02
2.48471285045244357e-02
2.00236445739210914e-02
1.21768222488811886e-02
9.08996529555933935e-03
1.56322007055898667e-02
1.17242630913616790e-02
6.04442711160668722e-18
2.20511493209375308e-03
3.88957529379174716e-18
1.39049790130078193e-03
4.35571581723963926e-03
2.75134293366665174e-03
1.84314369322535754e-18
6.70308946031227849e-04
1.32788053050519926e-03
6.40011990070439227e-03
4.05406349363800992e-03
8.29203728418590955e-03
5.27245566595530360e-03
1.96034764381313722e-03
2.55606277050515014e-03
2.92773547629705602e-02
2.37191650698399953e-02
3.27264178520675214e-02
2.66838497291870362e-02
1.86237385846764886e-02
1.40502948146607846e-02
2.10955881396223226e-02
1.60258938856637258e-02
3.51745191321227932e-02
2.88938678054401731e-02
3.66645967554280611e-02
3.03693821838294485e-02
2.30224525405243914e-02
1.76269118374548714e-02
2.44078020198238640e-02
1.88464617763822312e-02
9.99262740139699943e-03
6.38349148442089818e-03
1.14718788329705862e-02
7.36798713288705845e-03
3.10440772102319861e-03
3.59604917851978709e-03
1.27092249919424465e-02
8.21099751111860864e-03
1.36934007936671577e-02
8.90193491651688346e-03
4.02313099142417516e-03
4.37940032267037423e-03
7.52360941895384716e-02
7.33492584545787363e-02
7.17442246783718818e-02
7.00665479379457973e-02
7.03012347463981141e-02
6.62291733621802325e-02
6.73496795943376025e-02
6.37061582262893888e-02
6.71807675873566101e-02
6.57352914968119539e-02
6.21349282236734399e-02
6.09194140167099371e-02
6.33870122910876604e-02
6.02224785404074855e-02
5.89369001607520857e-02
5.62492172944204991e-02
6.13099699070496287e-02
5.57467048328017037e-02
5.92813911018777590e-02
5.42427533006911156e-02
4.97532783803144724e-02
4.35385436978914589e-02
4.87672313674438057e-02
4.30286557987385743e-02
5.63538234056933929e-02
5.19106524914140985e-02
5.29368350381012945e-02
4.90933861380688369e-02
4.70308426956722453e-02
4.18510255746790891e-02
4.48194483537630237e-02
4.02161018149642530e-02
5.71202088735920932e-02
5.61108346867311425e-02
5.25312583650536374e-02
5.16881533388824713e-02
5.44568780802569818e-02
5.21989662648190272e-02
5.02999602490059594e-02
4.83912599647532277e-02
4.86195528904964508e-02
4.78933602002496323e-02
4.66929889184803243e-02
4.50330661837396728e-02
4.93903898477194292e-02
4.60938729222606924e-02
4.59947542638859119e-02
4.31497176720690712e-02
4.23778966101097665e-02
3.83128760551633973e-02
3.99002245367594890e-02
3.62932885196072252e-02
4.29334950745954430e-02
4.04189255927731930e-02
3.75181357628992171e-02
3.42633616643446409e-02
3.72912799837030046e-02
3.11672712542289572e-02
3.71855980623493204e-02
3.13709468370372835e-02
2.52795713760339789e-02
1.96927582793133132e-02
2.56840300312329989e-02
2.01859266816053727e-02
3.64975520864601471e-02
3.10786905194948664e-02
3.53787953143082992e-02
3.03920250034184665e-02
2.56786998611659989e-02
2.03542562851108146e-02
2.53252558438710439e-02
2.02304062544619405e-02
1.44216337473556354e-02
9.43443971752036190e-03
1.48983352364391256e-02
9.80605592804552860e-03
4.66027085706586033e-03
4.86283155118180915e-03
1.51335050384632224e-02
1.00177815047942185e-02
1.51410791868973847e-02
1.00735701944113416e-02
4.98581330819129406e-03
5.02952810137936163e-03
3.39675001246640546e-02
2.94055258900821036e-02
3.23770560965259552e-02
2.81991880455622831e-02
2.46832778469055839e-02
1.98480384441344256e-02
2.38055439633560288e-02
1.92392562388614061e-02
3.06896166767280168e-02
2.68340383853981762e-02
2.27352966413499682e-02
1.84330886527338880e-02
1.49374373158819452e-02
9.97985848114157567e-03
1.45402441163715798e-02
9.74517860327288668e-03
4.99579531327042341e-03
4.88786847453580742e-03
1.39677373810300452e-02
9.37989877148100865e-03
4.71037240752939304e-03
-4.86195528904965688e-02
-4.78933602002498127e-02
-5.25312583650535542e-02
-5.16881533388826725e-02
-4.66929889184805741e-02
-4.50330661837397977e-02
-5.02999602490063064e-02
-4.83912599647534566e-02
-5.71202088735919197e-02
-5.61108346867310662e-02
-6.21349282236734954e-02
-6.09194140167099371e-02
-5.44568780802570443e-02
-5.21989662648192493e-02
-5.89369001607520232e-02
-5.62492172944206864e-02
-4.29334950745955540e-02
-4.04189255927732832e-02
-4.59947542638860507e-02
-4.31497176720692377e-02
-3.75181357628993142e-02
-3.42633616643447242e-02
-3.99002245367596001e-02
-3.62932885196073571e-02
-4.93903898477196165e-02
-4.60938729222608590e-02
-5.29368350381015373e-02
-4.90933861380690867e-02
-4.23778966101099053e-02
-3.83128760551635847e-02
-4.48194483537633706e-02
-4.02161018149644819e-02
-6.71807675873571236e-02
-6.57352914968122592e-02
-7.17442246783722426e-02
-7.00665479379460887e-02
-6.33870122910877021e-02
-6.02224785404075411e-02
-6.73496795943377830e-02
-6.37061582262893888e-02
-7.52360941895383467e-02
-7.33492584545786946e-02
-7.70496166414220696e-02
-7.50031588261150239e-02
-7.03012347463981280e-02
-6.62291733621801770e-02
-7.17035907224162772e-02
-6.73084974465110453e-02
-5.63538234056934623e-02
-5.19106524914142650e-02
-5.92813911018775508e-02
-5.42427533006909976e-02
-4.70308426956724396e-02
-4.18510255746791029e-02
-4.87672313674436878e-02
-4.30286557987385188e-02
-6.13099699070495385e-02
-5.57467048328015441e-02
-6.20208912606757187e-02
-5.60734183603099623e-02
-4.97532783803142503e-02
-4.35385436978913548e-02
-4.97104684445507441e-02
-4.31697071256234785e-02
-3.06896166767280862e-02
-2.68340383853982629e-02
-3.23770560965260384e-02
-2.81991880455623872e-02
-2.27352966413500342e-02
-1.84330886527339262e-02
-2.38055439633561711e-02
-1.92392562388614928e-02
-3.39675001246641795e-02
-2.94055258900821972e-02
-3.53787953143084519e-02
-3.03920250034185359e-02
-2.46832778469056602e-02
-1.98480384441345262e-02
-2.53252558438710682e-02
-2.02304062544620133e-02
-1.39677373810300695e-02
-9.37989877148102599e-03
-1.45402441163716700e-02
-9.74517860327294566e-03
-4.71037240752939998e-03
-4.88786847453582043e-03
-1.49374373158819990e-02
-9.97985848114157220e-03
-1.51410791868973830e-02
-1.00735701944112931e-02
-4.99579531327042515e-03
-5.02952810137933821e-03
-3.64975520864601471e-02
-3.10786905194948559e-02
-3.71855980623492788e-02
-3.13709468370372418e-02
-2.56786998611660058e-02
-2.03542562851107833e-02
-2.56840300312329781e-02
-2.01859266816053311e-02
-3.72912799837029352e-02
-3.11672712542288982e-02
-3.66645967554279639e-02
-3.03693821838294208e-02
-2.52795713760339477e-02
-1.96927582793132647e-02
-2.44078020198238328e-02
-1.88464617763822138e-02
-1.51335050384632068e-02
-1.00177815047942341e-02
-1.48983352364390979e-02
-9.80605592804557023e-03
-4.98581330819130881e-03
-4.86283155118184991e-03
-1.44216337473555903e-02
-9.43443971752034802e-03
-1.36934007936671334e-02
-8.90193491651686611e-03
-4.66027085706584819e-03
-4.37940032267035428e-03
-7.66273854241154018e-02
-7.44956892154323425e-02
-7.35290972211024435e-02
-7.14068369560257321e-02
-7.10637246053072019e-02
-6.65026876307420051e-02
-6.79938901589993150e-02
-6.34660493678814996e-02
-6.74915722416178088e-02
-6.54865697933518648e-02
-5.84729747883824813e-02
-5.66971339816339515e-02
-6.22649318213746861e-02
-5.79965706485804505e-02
-5.38455221936613021e-02
-5.00711634332951239e-02
-6.10329443040355177e-02
-5.49067134101723711e-02
-5.80494655662983222e-02
-5.20027495386266719e-02
-4.83884530646386812e-02
-4.17346198320412420e-02
-4.55967023054191303e-02
-3.90934009619156170e-02
-5.28999811604445036e-02
-4.72248600242261216e-02
-4.55707764216081029e-02
-4.05690691622925328e-02
-4.12324242543241626e-02
-3.51751065262176851e-02
-3.53009556922822890e-02
-2.99932113890532398e-02
-4.66748138818057351e-02
-4.52340709493843918e-02
-3.25379102432738279e-02
-3.15223021234531317e-02
-4.29216131034009449e-02
-3.98630724349872609e-02
-2.98927098669887308e-02
-2.77384005602453604e-02
-1.67117432988900388e-02
-1.61867216591698310e-02
-1.53444500100517692e-02
-1.42312864254381111e-02
-3.62199202075426108e-02
-3.21765426842872682e-02
-2.51740905792047082e-02
-2.23307482436736274e-02
-2.79256077103639672e-02
-2.36529702718443653e-02
-1.93451803947049250e-02
-1.63492913571358783e-02
-1.29068005264295418e-02
-1.14389929289363361e-02
-9.89888269028853067e-03
-8.35492460806498520e-03
-3.51745191321227724e-02
-2.88938678054401384e-02
-3.27264178520675700e-02
-2.66838497291869842e-02
-2.30224525405243255e-02
-1.76269118374548402e-02
-2.10955881396222567e-02
-1.60258938856636737e-02
-2.92773547629704700e-02
-2.37191650698399537e-02
-2.48471285045242969e-02
-2.00236445739210012e-02
-1.86237385846764400e-02
-1.40502948146607465e-02
-1.56322007055897973e-02
-1.17242630913616183e-02
-1.27092249919424638e-02
-8.21099751111862945e-03
-1.14718788329705879e-02
-7.36798713288704110e-03
-4.02313099142418817e-03
-3.59604917851978449e-03
-9.99262740139693524e-03
-6.38349148442085047e-03
-8.29203728418585057e-03
-5.27245566595527931e-03
-3.10440772102317563e-03
-2.55606277050513322e-03
-1.95234025283523190e-02
-1.56683605231968323e-02
-1.34599292758994637e-02
-1.07701826398302718e-02
-1.21768222488811452e-02
-9.08996529555930813e-03
-8.34286343865299138e-03
-6.20672373468061835e-03
-6.86773201256397035e-03
-5.48555357009678727e-03
-4.24088692137082352e-03
-3.14851338236794235e-03
-6.40011990070436711e-03
-4.05406349363799517e-03
-4.35571581723961498e-03
-2.75134293366663743e-03
-1.96034764381313028e-03
-1.32788053050519298e-03
-2.20511493209373790e-03
-1.39049790130077282e-03
-6.70308946031223187e-04
