epsilon,anisotropy,block,family,method,ratio_kind,statistic,value
1.0,1.0,classical_families,gaussian,jacobi,full,n,24
1.0,1.0,classical_families,gaussian,jacobi,full,mean,0.392720298962795
1.0,1.0,classical_families,gaussian,jacobi,full,median,0.38990408743625105
1.0,1.0,classical_families,gaussian,jacobi,full,p95,0.40843403366983566
1.0,1.0,classical_families,gaussian,jacobi,full,p99,0.4140230049273418
1.0,1.0,classical_families,gaussian,jacobi,full,worst,0.4155483772501357
1.0,1.0,classical_families,gaussian,jacobi,full,best,0.3725803943371253
1.0,1.0,classical_families,gaussian,jacobi,full,frac_above_1,0.0
1.0,1.0,classical_families,gaussian,jacobi,full,mean_squared_ratio,0.15434942703731713
1.0,1.0,classical_families,gaussian,jacobi,complement,n,24
1.0,1.0,classical_families,gaussian,jacobi,complement,mean,0.36262052515706555
1.0,1.0,classical_families,gaussian,jacobi,complement,median,0.36172813789273217
1.0,1.0,classical_families,gaussian,jacobi,complement,p95,0.38067957052599277
1.0,1.0,classical_families,gaussian,jacobi,complement,p99,0.38266263463575795
1.0,1.0,classical_families,gaussian,jacobi,complement,worst,0.38319704277144445
1.0,1.0,classical_families,gaussian,jacobi,complement,best,0.3423756776520938
1.0,1.0,classical_families,gaussian,jacobi,complement,frac_above_1,0.0
1.0,1.0,classical_families,gaussian,jacobi,complement,mean_squared_ratio,0.13161904735535754
1.0,1.0,classical_families,gaussian,gs,full,n,24
1.0,1.0,classical_families,gaussian,gs,full,mean,0.3344363710958824
1.0,1.0,classical_families,gaussian,gs,full,median,0.3332582300830744
1.0,1.0,classical_families,gaussian,gs,full,p95,0.34804003691786206
1.0,1.0,classical_families,gaussian,gs,full,p99,0.35010414745737484
1.0,1.0,classical_families,gaussian,gs,full,worst,0.3506359336749526
1.0,1.0,classical_families,gaussian,gs,full,best,0.31817792400963074
1.0,1.0,classical_families,gaussian,gs,full,frac_above_1,0.0
1.0,1.0,classical_families,gaussian,gs,full,mean_squared_ratio,0.11191938286682207
1.0,1.0,classical_families,gaussian,gs,complement,n,24
1.0,1.0,classical_families,gaussian,gs,complement,mean,0.27339077802908157
1.0,1.0,classical_families,gaussian,gs,complement,median,0.2732125017526844
1.0,1.0,classical_families,gaussian,gs,complement,p95,0.2856677636472683
1.0,1.0,classical_families,gaussian,gs,complement,p99,0.2914339753867358
1.0,1.0,classical_families,gaussian,gs,complement,worst,0.293039222596678
1.0,1.0,classical_families,gaussian,gs,complement,best,0.2555090753028003
1.0,1.0,classical_families,gaussian,gs,complement,frac_above_1,0.0
1.0,1.0,classical_families,gaussian,gs,complement,mean_squared_ratio,0.07481797386086762
1.0,1.0,classical_families,gaussian,sgs_ssor,full,n,24
1.0,1.0,classical_families,gaussian,sgs_ssor,full,mean,0.16342085770517048
1.0,1.0,classical_families,gaussian,sgs_ssor,full,median,0.16244452273312981
1.0,1.0,classical_families,gaussian,sgs_ssor,full,p95,0.17380661107585996
1.0,1.0,classical_families,gaussian,sgs_ssor,full,p99,0.17423144190096976
1.0,1.0,classical_families,gaussian,sgs_ssor,full,worst,0.17427611954555824
1.0,1.0,classical_families,gaussian,sgs_ssor,full,best,0.15100508882162952
1.0,1.0,classical_families,gaussian,sgs_ssor,full,frac_above_1,0.0
1.0,1.0,classical_families,gaussian,sgs_ssor,full,mean_squared_ratio,0.026749204040436094
1.0,1.0,classical_families,gaussian,sgs_ssor,complement,n,24
1.0,1.0,classical_families,gaussian,sgs_ssor,complement,mean,0.1450429892036973
1.0,1.0,classical_families,gaussian,sgs_ssor,complement,median,0.14518921029985318
1.0,1.0,classical_families,gaussian,sgs_ssor,complement,p95,0.1542889351552021
1.0,1.0,classical_families,gaussian,sgs_ssor,complement,p99,0.15556563449893684
1.0,1.0,classical_families,gaussian,sgs_ssor,complement,worst,0.1558534119184009
1.0,1.0,classical_families,gaussian,sgs_ssor,complement,best,0.13256472406814265
1.0,1.0,classical_families,gaussian,sgs_ssor,complement,frac_above_1,0.0
1.0,1.0,classical_families,gaussian,sgs_ssor,complement,mean_squared_ratio,0.021069492266323268
1.0,1.0,classical_families,fourier,jacobi,full,n,24
1.0,1.0,classical_families,fourier,jacobi,full,mean,0.37910130158836375
1.0,1.0,classical_families,fourier,jacobi,full,median,0.4131013094103214
1.0,1.0,classical_families,fourier,jacobi,full,p95,0.4754196082424357
1.0,1.0,classical_families,fourier,jacobi,full,p99,0.4858133725485775
1.0,1.0,classical_families,fourier,jacobi,full,worst,0.4879470382782305
1.0,1.0,classical_families,fourier,jacobi,full,best,0.20432604035792182
1.0,1.0,classical_families,fourier,jacobi,full,frac_above_1,0.0
1.0,1.0,classical_families,fourier,jacobi,full,mean_squared_ratio,0.1499092753166168
1.0,1.0,classical_families,fourier,jacobi,complement,n,24
1.0,1.0,classical_families,fourier,jacobi,complement,mean,0.3495098620662957
1.0,1.0,classical_families,fourier,jacobi,complement,median,0.3701385947989162
1.0,1.0,classical_families,fourier,jacobi,complement,p95,0.4580509166955465
1.0,1.0,classical_families,fourier,jacobi,complement,p99,0.466851025191546
1.0,1.0,classical_families,fourier,jacobi,complement,worst,0.4690319358514665
1.0,1.0,classical_families,fourier,jacobi,complement,best,0.16406575572537493
1.0,1.0,classical_families,fourier,jacobi,complement,frac_above_1,0.0
1.0,1.0,classical_families,fourier,jacobi,complement,mean_squared_ratio,0.1301054838554507
1.0,1.0,classical_families,fourier,gs,full,n,24
1.0,1.0,classical_families,fourier,gs,full,mean,0.31377577551372315
1.0,1.0,classical_families,fourier,gs,full,median,0.3228969521791968
1.0,1.0,classical_families,fourier,gs,full,p95,0.39669631440621017
1.0,1.0,classical_families,fourier,gs,full,p99,0.4092067247162348
1.0,1.0,classical_families,fourier,gs,full,worst,0.4119594464621562
1.0,1.0,classical_families,fourier,gs,full,best,0.1874572600061992
1.0,1.0,classical_families,fourier,gs,full,frac_above_1,0.0
1.0,1.0,classical_families,fourier,gs,full,mean_squared_ratio,0.10141968607123499
1.0,1.0,classical_families,fourier,gs,complement,n,24
1.0,1.0,classical_families,fourier,gs,complement,mean,0.2512589432450932
1.0,1.0,classical_families,fourier,gs,complement,median,0.24766472035034892
1.0,1.0,classical_families,fourier,gs,complement,p95,0.3085676491136082
1.0,1.0,classical_families,fourier,gs,complement,p99,0.34068381027538863
1.0,1.0,classical_families,fourier,gs,complement,worst,0.3501311350651516
1.0,1.0,classical_families,fourier,gs,complement,best,0.14293560154849624
1.0,1.0,classical_families,fourier,gs,complement,frac_above_1,0.0
1.0,1.0,classical_families,fourier,gs,complement,mean_squared_ratio,0.06515209850495839
1.0,1.0,classical_families,fourier,sgs_ssor,full,n,24
1.0,1.0,classical_families,fourier,sgs_ssor,full,mean,0.14884045191037376
1.0,1.0,classical_families,fourier,sgs_ssor,full,median,0.14709588155304407
1.0,1.0,classical_families,fourier,sgs_ssor,full,p95,0.2012600742132356
1.0,1.0,classical_families,fourier,sgs_ssor,full,p99,0.2125532115716769
1.0,1.0,classical_families,fourier,sgs_ssor,full,worst,0.21568585652745642
1.0,1.0,classical_families,fourier,sgs_ssor,full,best,0.06403114310630423
1.0,1.0,classical_families,fourier,sgs_ssor,full,frac_above_1,0.0
1.0,1.0,classical_families,fourier,sgs_ssor,full,mean_squared_ratio,0.023591000519018756
1.0,1.0,classical_families,fourier,sgs_ssor,complement,n,24
1.0,1.0,classical_families,fourier,sgs_ssor,complement,mean,0.1319929992184016
1.0,1.0,classical_families,fourier,sgs_ssor,complement,median,0.13236294711884788
1.0,1.0,classical_families,fourier,sgs_ssor,complement,p95,0.17966515099963082
1.0,1.0,classical_families,fourier,sgs_ssor,complement,p99,0.1860510913928486
1.0,1.0,classical_families,fourier,sgs_ssor,complement,worst,0.1878580738436805
1.0,1.0,classical_families,fourier,sgs_ssor,complement,best,0.061849098006904746
1.0,1.0,classical_families,fourier,sgs_ssor,complement,frac_above_1,0.0
1.0,1.0,classical_families,fourier,sgs_ssor,complement,mean_squared_ratio,0.018384998624228408
1.0,1.0,classical_families,weak,jacobi,full,n,24
1.0,1.0,classical_families,weak,jacobi,full,mean,0.5742473452787785
1.0,1.0,classical_families,weak,jacobi,full,median,0.5773901052102772
1.0,1.0,classical_families,weak,jacobi,full,p95,0.7093222876753397
1.0,1.0,classical_families,weak,jacobi,full,p99,0.7104534847584293
1.0,1.0,classical_families,weak,jacobi,full,worst,0.7104534847584295
1.0,1.0,classical_families,weak,jacobi,full,best,0.4471930315153058
1.0,1.0,classical_families,weak,jacobi,full,frac_above_1,0.0
1.0,1.0,classical_families,weak,jacobi,full,mean_squared_ratio,0.3361995132780322
1.0,1.0,classical_families,weak,jacobi,complement,n,24
1.0,1.0,classical_families,weak,jacobi,complement,mean,0.5671625110372821
1.0,1.0,classical_families,weak,jacobi,complement,median,0.5717926227361341
1.0,1.0,classical_families,weak,jacobi,complement,p95,0.708919293031928
1.0,1.0,classical_families,weak,jacobi,complement,p99,0.7104534847584295
1.0,1.0,classical_families,weak,jacobi,complement,worst,0.7104534847584297
1.0,1.0,classical_families,weak,jacobi,complement,best,0.4456991959202009
1.0,1.0,classical_families,weak,jacobi,complement,frac_above_1,0.0
1.0,1.0,classical_families,weak,jacobi,complement,mean_squared_ratio,0.327710661882008
1.0,1.0,classical_families,weak,gs,full,n,24
1.0,1.0,classical_families,weak,gs,full,mean,0.3883420515911049
1.0,1.0,classical_families,weak,gs,full,median,0.39475462147642815
1.0,1.0,classical_families,weak,gs,full,p95,0.4951826450905363
1.0,1.0,classical_families,weak,gs,full,p99,0.49533967362845466
1.0,1.0,classical_families,weak,gs,full,worst,0.4953396736284548
1.0,1.0,classical_families,weak,gs,full,best,0.2901836053328179
1.0,1.0,classical_families,weak,gs,full,frac_above_1,0.0
1.0,1.0,classical_families,weak,gs,full,mean_squared_ratio,0.15624729768350576
1.0,1.0,classical_families,weak,gs,complement,n,24
1.0,1.0,classical_families,weak,gs,complement,mean,0.3613112334427353
1.0,1.0,classical_families,weak,gs,complement,median,0.35231235514742476
1.0,1.0,classical_families,weak,gs,complement,p95,0.48269628864996794
1.0,1.0,classical_families,weak,gs,complement,p99,0.48391603956630375
1.0,1.0,classical_families,weak,gs,complement,worst,0.4839160395663039
1.0,1.0,classical_families,weak,gs,complement,best,0.2870198973244966
1.0,1.0,classical_families,weak,gs,complement,frac_above_1,0.0
1.0,1.0,classical_families,weak,gs,complement,mean_squared_ratio,0.13451569386452608
1.0,1.0,classical_families,weak,sgs_ssor,full,n,24
1.0,1.0,classical_families,weak,sgs_ssor,full,mean,0.2230428650405761
1.0,1.0,classical_families,weak,sgs_ssor,full,median,0.22059197351926876
1.0,1.0,classical_families,weak,sgs_ssor,full,p95,0.3108577790146148
1.0,1.0,classical_families,weak,sgs_ssor,full,p99,0.3115837338556747
1.0,1.0,classical_families,weak,sgs_ssor,full,worst,0.3118005775094978
1.0,1.0,classical_families,weak,sgs_ssor,full,best,0.13179427573068514
1.0,1.0,classical_families,weak,sgs_ssor,full,frac_above_1,0.0
1.0,1.0,classical_families,weak,sgs_ssor,full,mean_squared_ratio,0.05442784466854992
1.0,1.0,classical_families,weak,sgs_ssor,complement,n,24
1.0,1.0,classical_families,weak,sgs_ssor,complement,mean,0.20243961679765543
1.0,1.0,classical_families,weak,sgs_ssor,complement,median,0.1956603751763558
1.0,1.0,classical_families,weak,sgs_ssor,complement,p95,0.3096175278377396
1.0,1.0,classical_families,weak,sgs_ssor,complement,p99,0.3102331774077416
1.0,1.0,classical_families,weak,sgs_ssor,complement,worst,0.31023317740774176
1.0,1.0,classical_families,weak,sgs_ssor,complement,best,0.12776005986092226
1.0,1.0,classical_families,weak,sgs_ssor,complement,frac_above_1,0.0
1.0,1.0,classical_families,weak,sgs_ssor,complement,mean_squared_ratio,0.04482220407909018
1.0,1.0,classical_families,survivor,jacobi,full,n,24
1.0,1.0,classical_families,survivor,jacobi,full,mean,0.6514073596447013
1.0,1.0,classical_families,survivor,jacobi,full,median,0.6432075288608323
1.0,1.0,classical_families,survivor,jacobi,full,p95,0.7682867186591258
1.0,1.0,classical_families,survivor,jacobi,full,p99,0.7734969210996687
1.0,1.0,classical_families,survivor,jacobi,full,worst,0.7736954017785247
1.0,1.0,classical_families,survivor,jacobi,full,best,0.5201248779995412
1.0,1.0,classical_families,survivor,jacobi,full,frac_above_1,0.0
1.0,1.0,classical_families,survivor,jacobi,full,mean_squared_ratio,0.4295361907482443
1.0,1.0,classical_families,survivor,jacobi,complement,n,24
1.0,1.0,classical_families,survivor,jacobi,complement,mean,0.630116328256631
1.0,1.0,classical_families,survivor,jacobi,complement,median,0.612433141588973
1.0,1.0,classical_families,survivor,jacobi,complement,p95,0.7605399918466508
1.0,1.0,classical_families,survivor,jacobi,complement,p99,0.7662508423590516
1.0,1.0,classical_families,survivor,jacobi,complement,worst,0.766630029248172
1.0,1.0,classical_families,survivor,jacobi,complement,best,0.48949698791743096
1.0,1.0,classical_families,survivor,jacobi,complement,frac_above_1,0.0
1.0,1.0,classical_families,survivor,jacobi,complement,mean_squared_ratio,0.40333549968421734
1.0,1.0,classical_families,survivor,gs,full,n,24
1.0,1.0,classical_families,survivor,gs,full,mean,0.5019897354016822
1.0,1.0,classical_families,survivor,gs,full,median,0.5069178435979209
1.0,1.0,classical_families,survivor,gs,full,p95,0.5914422618105369
1.0,1.0,classical_families,survivor,gs,full,p99,0.6182544693115892
1.0,1.0,classical_families,survivor,gs,full,worst,0.6247894274953071
1.0,1.0,classical_families,survivor,gs,full,best,0.4083523144201328
1.0,1.0,classical_families,survivor,gs,full,frac_above_1,0.0
1.0,1.0,classical_families,survivor,gs,full,mean_squared_ratio,0.25542987688376345
1.0,1.0,classical_families,survivor,gs,complement,n,24
1.0,1.0,classical_families,survivor,gs,complement,mean,0.45526908981040987
1.0,1.0,classical_families,survivor,gs,complement,median,0.45955716289275406
1.0,1.0,classical_families,survivor,gs,complement,p95,0.5454214279035501
1.0,1.0,classical_families,survivor,gs,complement,p99,0.567360074695735
1.0,1.0,classical_families,survivor,gs,complement,worst,0.5738288213596745
1.0,1.0,classical_families,survivor,gs,complement,best,0.34927576354798323
1.0,1.0,classical_families,survivor,gs,complement,frac_above_1,0.0
1.0,1.0,classical_families,survivor,gs,complement,mean_squared_ratio,0.21090155150417347
1.0,1.0,classical_families,survivor,sgs_ssor,full,n,24
1.0,1.0,classical_families,survivor,sgs_ssor,full,mean,0.3104392078036464
1.0,1.0,classical_families,survivor,sgs_ssor,full,median,0.30765417896903635
1.0,1.0,classical_families,survivor,sgs_ssor,full,p95,0.41815590715363327
1.0,1.0,classical_families,survivor,sgs_ssor,full,p99,0.44672032890404245
1.0,1.0,classical_families,survivor,sgs_ssor,full,worst,0.4536478651141773
1.0,1.0,classical_families,survivor,sgs_ssor,full,best,0.2072616128865042
1.0,1.0,classical_families,survivor,sgs_ssor,full,frac_above_1,0.0
1.0,1.0,classical_families,survivor,sgs_ssor,full,mean_squared_ratio,0.10107301585862168
1.0,1.0,classical_families,survivor,sgs_ssor,complement,n,24
1.0,1.0,classical_families,survivor,sgs_ssor,complement,mean,0.287027641502736
1.0,1.0,classical_families,survivor,sgs_ssor,complement,median,0.29505996832447023
1.0,1.0,classical_families,survivor,sgs_ssor,complement,p95,0.3784503460356341
1.0,1.0,classical_families,survivor,sgs_ssor,complement,p99,0.4129068232828197
1.0,1.0,classical_families,survivor,sgs_ssor,complement,worst,0.42180354369980444
1.0,1.0,classical_families,survivor,sgs_ssor,complement,best,0.19668832088599847
1.0,1.0,classical_families,survivor,sgs_ssor,complement,frac_above_1,0.0
1.0,1.0,classical_families,survivor,sgs_ssor,complement,mean_squared_ratio,0.08590011909958266
1.0,1.0,deeponet_families,gaussian,jacobi,full,n,24
1.0,1.0,deeponet_families,gaussian,jacobi,full,mean,0.392720298962795
1.0,1.0,deeponet_families,gaussian,jacobi,full,median,0.38990408743625105
1.0,1.0,deeponet_families,gaussian,jacobi,full,p95,0.40843403366983566
1.0,1.0,deeponet_families,gaussian,jacobi,full,p99,0.4140230049273418
1.0,1.0,deeponet_families,gaussian,jacobi,full,worst,0.4155483772501357
1.0,1.0,deeponet_families,gaussian,jacobi,full,best,0.3725803943371253
1.0,1.0,deeponet_families,gaussian,jacobi,full,frac_above_1,0.0
1.0,1.0,deeponet_families,gaussian,jacobi,full,mean_squared_ratio,0.15434942703731713
1.0,1.0,deeponet_families,gaussian,jacobi,complement,n,24
1.0,1.0,deeponet_families,gaussian,jacobi,complement,mean,0.36262052515706555
1.0,1.0,deeponet_families,gaussian,jacobi,complement,median,0.36172813789273217
1.0,1.0,deeponet_families,gaussian,jacobi,complement,p95,0.38067957052599277
1.0,1.0,deeponet_families,gaussian,jacobi,complement,p99,0.38266263463575795
1.0,1.0,deeponet_families,gaussian,jacobi,complement,worst,0.38319704277144445
1.0,1.0,deeponet_families,gaussian,jacobi,complement,best,0.3423756776520938
1.0,1.0,deeponet_families,gaussian,jacobi,complement,frac_above_1,0.0
1.0,1.0,deeponet_families,gaussian,jacobi,complement,mean_squared_ratio,0.13161904735535754
1.0,1.0,deeponet_families,gaussian,gs,full,n,24
1.0,1.0,deeponet_families,gaussian,gs,full,mean,0.3344363710958824
1.0,1.0,deeponet_families,gaussian,gs,full,median,0.3332582300830744
1.0,1.0,deeponet_families,gaussian,gs,full,p95,0.34804003691786206
1.0,1.0,deeponet_families,gaussian,gs,full,p99,0.35010414745737484
1.0,1.0,deeponet_families,gaussian,gs,full,worst,0.3506359336749526
1.0,1.0,deeponet_families,gaussian,gs,full,best,0.31817792400963074
1.0,1.0,deeponet_families,gaussian,gs,full,frac_above_1,0.0
1.0,1.0,deeponet_families,gaussian,gs,full,mean_squared_ratio,0.11191938286682207
1.0,1.0,deeponet_families,gaussian,gs,complement,n,24
1.0,1.0,deeponet_families,gaussian,gs,complement,mean,0.27339077802908157
1.0,1.0,deeponet_families,gaussian,gs,complement,median,0.2732125017526844
1.0,1.0,deeponet_families,gaussian,gs,complement,p95,0.2856677636472683
1.0,1.0,deeponet_families,gaussian,gs,complement,p99,0.2914339753867358
1.0,1.0,deeponet_families,gaussian,gs,complement,worst,0.293039222596678
1.0,1.0,deeponet_families,gaussian,gs,complement,best,0.2555090753028003
1.0,1.0,deeponet_families,gaussian,gs,complement,frac_above_1,0.0
1.0,1.0,deeponet_families,gaussian,gs,complement,mean_squared_ratio,0.07481797386086762
1.0,1.0,deeponet_families,gaussian,sgs_ssor,full,n,24
1.0,1.0,deeponet_families,gaussian,sgs_ssor,full,mean,0.16342085770517048
1.0,1.0,deeponet_families,gaussian,sgs_ssor,full,median,0.16244452273312981
1.0,1.0,deeponet_families,gaussian,sgs_ssor,full,p95,0.17380661107585996
1.0,1.0,deeponet_families,gaussian,sgs_ssor,full,p99,0.17423144190096976
1.0,1.0,deeponet_families,gaussian,sgs_ssor,full,worst,0.17427611954555824
1.0,1.0,deeponet_families,gaussian,sgs_ssor,full,best,0.15100508882162952
1.0,1.0,deeponet_families,gaussian,sgs_ssor,full,frac_above_1,0.0
1.0,1.0,deeponet_families,gaussian,sgs_ssor,full,mean_squared_ratio,0.026749204040436094
1.0,1.0,deeponet_families,gaussian,sgs_ssor,complement,n,24
1.0,1.0,deeponet_families,gaussian,sgs_ssor,complement,mean,0.1450429892036973
1.0,1.0,deeponet_families,gaussian,sgs_ssor,complement,median,0.14518921029985318
1.0,1.0,deeponet_families,gaussian,sgs_ssor,complement,p95,0.1542889351552021
1.0,1.0,deeponet_families,gaussian,sgs_ssor,complement,p99,0.15556563449893684
1.0,1.0,deeponet_families,gaussian,sgs_ssor,complement,worst,0.1558534119184009
1.0,1.0,deeponet_families,gaussian,sgs_ssor,complement,best,0.13256472406814265
1.0,1.0,deeponet_families,gaussian,sgs_ssor,complement,frac_above_1,0.0
1.0,1.0,deeponet_families,gaussian,sgs_ssor,complement,mean_squared_ratio,0.021069492266323268
1.0,1.0,deeponet_families,gaussian,deeponet_scale,full,n,24
1.0,1.0,deeponet_families,gaussian,deeponet_scale,full,mean,0.4133037028785241
1.0,1.0,deeponet_families,gaussian,deeponet_scale,full,median,0.41243347656443036
1.0,1.0,deeponet_families,gaussian,deeponet_scale,full,p95,0.4303294676127981
1.0,1.0,deeponet_families,gaussian,deeponet_scale,full,p99,0.4370312101852475
1.0,1.0,deeponet_families,gaussian,deeponet_scale,full,worst,0.4388507664944735
1.0,1.0,deeponet_families,gaussian,deeponet_scale,full,best,0.3968133886388542
1.0,1.0,deeponet_families,gaussian,deeponet_scale,full,frac_above_1,0.0
1.0,1.0,deeponet_families,gaussian,deeponet_scale,full,mean_squared_ratio,0.17094857126538918
1.0,1.0,deeponet_families,gaussian,deeponet_scale,complement,n,24
1.0,1.0,deeponet_families,gaussian,deeponet_scale,complement,mean,0.3842483771373744
1.0,1.0,deeponet_families,gaussian,deeponet_scale,complement,median,0.38512831340434694
1.0,1.0,deeponet_families,gaussian,deeponet_scale,complement,p95,0.40314845695592655
1.0,1.0,deeponet_families,gaussian,deeponet_scale,complement,p99,0.40622299123328165
1.0,1.0,deeponet_families,gaussian,deeponet_scale,complement,worst,0.40686151597611264
1.0,1.0,deeponet_families,gaussian,deeponet_scale,complement,best,0.36550702038747707
1.0,1.0,deeponet_families,gaussian,deeponet_scale,complement,frac_above_1,0.0
1.0,1.0,deeponet_families,gaussian,deeponet_scale,complement,mean_squared_ratio,0.14775752126305167
1.0,1.0,deeponet_families,fourier,jacobi,full,n,24
1.0,1.0,deeponet_families,fourier,jacobi,full,mean,0.37910130158836375
1.0,1.0,deeponet_families,fourier,jacobi,full,median,0.4131013094103214
1.0,1.0,deeponet_families,fourier,jacobi,full,p95,0.4754196082424357
1.0,1.0,deeponet_families,fourier,jacobi,full,p99,0.4858133725485775
1.0,1.0,deeponet_families,fourier,jacobi,full,worst,0.4879470382782305
1.0,1.0,deeponet_families,fourier,jacobi,full,best,0.20432604035792182
1.0,1.0,deeponet_families,fourier,jacobi,full,frac_above_1,0.0
1.0,1.0,deeponet_families,fourier,jacobi,full,mean_squared_ratio,0.1499092753166168
1.0,1.0,deeponet_families,fourier,jacobi,complement,n,24
1.0,1.0,deeponet_families,fourier,jacobi,complement,mean,0.3495098620662957
1.0,1.0,deeponet_families,fourier,jacobi,complement,median,0.3701385947989162
1.0,1.0,deeponet_families,fourier,jacobi,complement,p95,0.4580509166955465
1.0,1.0,deeponet_families,fourier,jacobi,complement,p99,0.466851025191546
1.0,1.0,deeponet_families,fourier,jacobi,complement,worst,0.4690319358514665
1.0,1.0,deeponet_families,fourier,jacobi,complement,best,0.16406575572537493
1.0,1.0,deeponet_families,fourier,jacobi,complement,frac_above_1,0.0
1.0,1.0,deeponet_families,fourier,jacobi,complement,mean_squared_ratio,0.1301054838554507
1.0,1.0,deeponet_families,fourier,gs,full,n,24
1.0,1.0,deeponet_families,fourier,gs,full,mean,0.31377577551372315
1.0,1.0,deeponet_families,fourier,gs,full,median,0.3228969521791968
1.0,1.0,deeponet_families,fourier,gs,full,p95,0.39669631440621017
1.0,1.0,deeponet_families,fourier,gs,full,p99,0.4092067247162348
1.0,1.0,deeponet_families,fourier,gs,full,worst,0.4119594464621562
1.0,1.0,deeponet_families,fourier,gs,full,best,0.1874572600061992
1.0,1.0,deeponet_families,fourier,gs,full,frac_above_1,0.0
1.0,1.0,deeponet_families,fourier,gs,full,mean_squared_ratio,0.10141968607123499
1.0,1.0,deeponet_families,fourier,gs,complement,n,24
1.0,1.0,deeponet_families,fourier,gs,complement,mean,0.2512589432450932
1.0,1.0,deeponet_families,fourier,gs,complement,median,0.24766472035034892
1.0,1.0,deeponet_families,fourier,gs,complement,p95,0.3085676491136082
1.0,1.0,deeponet_families,fourier,gs,complement,p99,0.34068381027538863
1.0,1.0,deeponet_families,fourier,gs,complement,worst,0.3501311350651516
1.0,1.0,deeponet_families,fourier,gs,complement,best,0.14293560154849624
1.0,1.0,deeponet_families,fourier,gs,complement,frac_above_1,0.0
1.0,1.0,deeponet_families,fourier,gs,complement,mean_squared_ratio,0.06515209850495839
1.0,1.0,deeponet_families,fourier,sgs_ssor,full,n,24
1.0,1.0,deeponet_families,fourier,sgs_ssor,full,mean,0.14884045191037376
1.0,1.0,deeponet_families,fourier,sgs_ssor,full,median,0.14709588155304407
1.0,1.0,deeponet_families,fourier,sgs_ssor,full,p95,0.2012600742132356
1.0,1.0,deeponet_families,fourier,sgs_ssor,full,p99,0.2125532115716769
1.0,1.0,deeponet_families,fourier,sgs_ssor,full,worst,0.21568585652745642
1.0,1.0,deeponet_families,fourier,sgs_ssor,full,best,0.06403114310630423
1.0,1.0,deeponet_families,fourier,sgs_ssor,full,frac_above_1,0.0
1.0,1.0,deeponet_families,fourier,sgs_ssor,full,mean_squared_ratio,0.023591000519018756
1.0,1.0,deeponet_families,fourier,sgs_ssor,complement,n,24
1.0,1.0,deeponet_families,fourier,sgs_ssor,complement,mean,0.1319929992184016
1.0,1.0,deeponet_families,fourier,sgs_ssor,complement,median,0.13236294711884788
1.0,1.0,deeponet_families,fourier,sgs_ssor,complement,p95,0.17966515099963082
1.0,1.0,deeponet_families,fourier,sgs_ssor,complement,p99,0.1860510913928486
1.0,1.0,deeponet_families,fourier,sgs_ssor,complement,worst,0.1878580738436805
1.0,1.0,deeponet_families,fourier,sgs_ssor,complement,best,0.061849098006904746
1.0,1.0,deeponet_families,fourier,sgs_ssor,complement,frac_above_1,0.0
1.0,1.0,deeponet_families,fourier,sgs_ssor,complement,mean_squared_ratio,0.018384998624228408
1.0,1.0,deeponet_families,fourier,deeponet_scale,full,n,24
1.0,1.0,deeponet_families,fourier,deeponet_scale,full,mean,0.40065288166945007
1.0,1.0,deeponet_families,fourier,deeponet_scale,full,median,0.39958758046826903
1.0,1.0,deeponet_families,fourier,deeponet_scale,full,p95,0.495369734587086
1.0,1.0,deeponet_families,fourier,deeponet_scale,full,p99,0.5176010335176825
1.0,1.0,deeponet_families,fourier,deeponet_scale,full,worst,0.5239340003848268
1.0,1.0,deeponet_families,fourier,deeponet_scale,full,best,0.23711414071471476
1.0,1.0,deeponet_families,fourier,deeponet_scale,full,frac_above_1,0.0
1.0,1.0,deeponet_families,fourier,deeponet_scale,full,mean_squared_ratio,0.16629481459407583
1.0,1.0,deeponet_families,fourier,deeponet_scale,complement,n,24
1.0,1.0,deeponet_families,fourier,deeponet_scale,complement,mean,0.3724374587276668
1.0,1.0,deeponet_families,fourier,deeponet_scale,complement,median,0.37462507307975035
1.0,1.0,deeponet_families,fourier,deeponet_scale,complement,p95,0.48672852166579383
1.0,1.0,deeponet_families,fourier,deeponet_scale,complement,p99,0.5023764101176993
1.0,1.0,deeponet_families,fourier,deeponet_scale,complement,worst,0.506836366736715
1.0,1.0,deeponet_families,fourier,deeponet_scale,complement,best,0.19338261724288305
1.0,1.0,deeponet_families,fourier,deeponet_scale,complement,frac_above_1,0.0
1.0,1.0,deeponet_families,fourier,deeponet_scale,complement,mean_squared_ratio,0.14650266821537766
1.0,1.0,deeponet_families,weak,jacobi,full,n,24
1.0,1.0,deeponet_families,weak,jacobi,full,mean,0.5742473452787785
1.0,1.0,deeponet_families,weak,jacobi,full,median,0.5773901052102772
1.0,1.0,deeponet_families,weak,jacobi,full,p95,0.7093222876753397
1.0,1.0,deeponet_families,weak,jacobi,full,p99,0.7104534847584293
1.0,1.0,deeponet_families,weak,jacobi,full,worst,0.7104534847584295
1.0,1.0,deeponet_families,weak,jacobi,full,best,0.4471930315153058
1.0,1.0,deeponet_families,weak,jacobi,full,frac_above_1,0.0
1.0,1.0,deeponet_families,weak,jacobi,full,mean_squared_ratio,0.3361995132780322
1.0,1.0,deeponet_families,weak,jacobi,complement,n,24
1.0,1.0,deeponet_families,weak,jacobi,complement,mean,0.5671625110372821
1.0,1.0,deeponet_families,weak,jacobi,complement,median,0.5717926227361341
1.0,1.0,deeponet_families,weak,jacobi,complement,p95,0.708919293031928
1.0,1.0,deeponet_families,weak,jacobi,complement,p99,0.7104534847584295
1.0,1.0,deeponet_families,weak,jacobi,complement,worst,0.7104534847584297
1.0,1.0,deeponet_families,weak,jacobi,complement,best,0.4456991959202009
1.0,1.0,deeponet_families,weak,jacobi,complement,frac_above_1,0.0
1.0,1.0,deeponet_families,weak,jacobi,complement,mean_squared_ratio,0.327710661882008
1.0,1.0,deeponet_families,weak,gs,full,n,24
1.0,1.0,deeponet_families,weak,gs,full,mean,0.3883420515911049
1.0,1.0,deeponet_families,weak,gs,full,median,0.39475462147642815
1.0,1.0,deeponet_families,weak,gs,full,p95,0.4951826450905363
1.0,1.0,deeponet_families,weak,gs,full,p99,0.49533967362845466
1.0,1.0,deeponet_families,weak,gs,full,worst,0.4953396736284548
1.0,1.0,deeponet_families,weak,gs,full,best,0.2901836053328179
1.0,1.0,deeponet_families,weak,gs,full,frac_above_1,0.0
1.0,1.0,deeponet_families,weak,gs,full,mean_squared_ratio,0.15624729768350576
1.0,1.0,deeponet_families,weak,gs,complement,n,24
1.0,1.0,deeponet_families,weak,gs,complement,mean,0.3613112334427353
1.0,1.0,deeponet_families,weak,gs,complement,median,0.35231235514742476
1.0,1.0,deeponet_families,weak,gs,complement,p95,0.48269628864996794
1.0,1.0,deeponet_families,weak,gs,complement,p99,0.48391603956630375
1.0,1.0,deeponet_families,weak,gs,complement,worst,0.4839160395663039
1.0,1.0,deeponet_families,weak,gs,complement,best,0.2870198973244966
1.0,1.0,deeponet_families,weak,gs,complement,frac_above_1,0.0
1.0,1.0,deeponet_families,weak,gs,complement,mean_squared_ratio,0.13451569386452608
1.0,1.0,deeponet_families,weak,sgs_ssor,full,n,24
1.0,1.0,deeponet_families,weak,sgs_ssor,full,mean,0.2230428650405761
1.0,1.0,deeponet_families,weak,sgs_ssor,full,median,0.22059197351926876
1.0,1.0,deeponet_families,weak,sgs_ssor,full,p95,0.3108577790146148
1.0,1.0,deeponet_families,weak,sgs_ssor,full,p99,0.3115837338556747
1.0,1.0,deeponet_families,weak,sgs_ssor,full,worst,0.3118005775094978
1.0,1.0,deeponet_families,weak,sgs_ssor,full,best,0.13179427573068514
1.0,1.0,deeponet_families,weak,sgs_ssor,full,frac_above_1,0.0
1.0,1.0,deeponet_families,weak,sgs_ssor,full,mean_squared_ratio,0.05442784466854992
1.0,1.0,deeponet_families,weak,sgs_ssor,complement,n,24
1.0,1.0,deeponet_families,weak,sgs_ssor,complement,mean,0.20243961679765543
1.0,1.0,deeponet_families,weak,sgs_ssor,complement,median,0.1956603751763558
1.0,1.0,deeponet_families,weak,sgs_ssor,complement,p95,0.3096175278377396
1.0,1.0,deeponet_families,weak,sgs_ssor,complement,p99,0.3102331774077416
1.0,1.0,deeponet_families,weak,sgs_ssor,complement,worst,0.31023317740774176
1.0,1.0,deeponet_families,weak,sgs_ssor,complement,best,0.12776005986092226
1.0,1.0,deeponet_families,weak,sgs_ssor,complement,frac_above_1,0.0
1.0,1.0,deeponet_families,weak,sgs_ssor,complement,mean_squared_ratio,0.04482220407909018
1.0,1.0,deeponet_families,weak,deeponet_scale,full,n,24
1.0,1.0,deeponet_families,weak,deeponet_scale,full,mean,0.4841723497283339
1.0,1.0,deeponet_families,weak,deeponet_scale,full,median,0.5170888406758449
1.0,1.0,deeponet_families,weak,deeponet_scale,full,p95,0.6866322789627035
1.0,1.0,deeponet_families,weak,deeponet_scale,full,p99,0.7271441008865884
1.0,1.0,deeponet_families,weak,deeponet_scale,full,worst,0.7391668789113816
1.0,1.0,deeponet_families,weak,deeponet_scale,full,best,0.12624816667660038
1.0,1.0,deeponet_families,weak,deeponet_scale,full,frac_above_1,0.0
1.0,1.0,deeponet_families,weak,deeponet_scale,full,mean_squared_ratio,0.2665078372870505
1.0,1.0,deeponet_families,weak,deeponet_scale,complement,n,24
1.0,1.0,deeponet_families,weak,deeponet_scale,complement,mean,0.4639361933870971
1.0,1.0,deeponet_families,weak,deeponet_scale,complement,median,0.5085306691248581
1.0,1.0,deeponet_families,weak,deeponet_scale,complement,p95,0.6824731722720844
1.0,1.0,deeponet_families,weak,deeponet_scale,complement,p99,0.7163923828023414
1.0,1.0,deeponet_families,weak,deeponet_scale,complement,worst,0.7259029796119217
1.0,1.0,deeponet_families,weak,deeponet_scale,complement,best,0.08990944137471187
1.0,1.0,deeponet_families,weak,deeponet_scale,complement,frac_above_1,0.0
1.0,1.0,deeponet_families,weak,deeponet_scale,complement,mean_squared_ratio,0.2538545644572436
1.0,1.0,deeponet_families,survivor,jacobi,full,n,24
1.0,1.0,deeponet_families,survivor,jacobi,full,mean,0.6514073596447013
1.0,1.0,deeponet_families,survivor,jacobi,full,median,0.6432075288608323
1.0,1.0,deeponet_families,survivor,jacobi,full,p95,0.7682867186591258
1.0,1.0,deeponet_families,survivor,jacobi,full,p99,0.7734969210996687
1.0,1.0,deeponet_families,survivor,jacobi,full,worst,0.7736954017785247
1.0,1.0,deeponet_families,survivor,jacobi,full,best,0.5201248779995412
1.0,1.0,deeponet_families,survivor,jacobi,full,frac_above_1,0.0
1.0,1.0,deeponet_families,survivor,jacobi,full,mean_squared_ratio,0.4295361907482443
1.0,1.0,deeponet_families,survivor,jacobi,complement,n,24
1.0,1.0,deeponet_families,survivor,jacobi,complement,mean,0.630116328256631
1.0,1.0,deeponet_families,survivor,jacobi,complement,median,0.612433141588973
1.0,1.0,deeponet_families,survivor,jacobi,complement,p95,0.7605399918466508
1.0,1.0,deeponet_families,survivor,jacobi,complement,p99,0.7662508423590516
1.0,1.0,deeponet_families,survivor,jacobi,complement,worst,0.766630029248172
1.0,1.0,deeponet_families,survivor,jacobi,complement,best,0.48949698791743096
1.0,1.0,deeponet_families,survivor,jacobi,complement,frac_above_1,0.0
1.0,1.0,deeponet_families,survivor,jacobi,complement,mean_squared_ratio,0.40333549968421734
1.0,1.0,deeponet_families,survivor,gs,full,n,24
1.0,1.0,deeponet_families,survivor,gs,full,mean,0.5019897354016822
1.0,1.0,deeponet_families,survivor,gs,full,median,0.5069178435979209
1.0,1.0,deeponet_families,survivor,gs,full,p95,0.5914422618105369
1.0,1.0,deeponet_families,survivor,gs,full,p99,0.6182544693115892
1.0,1.0,deeponet_families,survivor,gs,full,worst,0.6247894274953071
1.0,1.0,deeponet_families,survivor,gs,full,best,0.4083523144201328
1.0,1.0,deeponet_families,survivor,gs,full,frac_above_1,0.0
1.0,1.0,deeponet_families,survivor,gs,full,mean_squared_ratio,0.25542987688376345
1.0,1.0,deeponet_families,survivor,gs,complement,n,24
1.0,1.0,deeponet_families,survivor,gs,complement,mean,0.45526908981040987
1.0,1.0,deeponet_families,survivor,gs,complement,median,0.45955716289275406
1.0,1.0,deeponet_families,survivor,gs,complement,p95,0.5454214279035501
1.0,1.0,deeponet_families,survivor,gs,complement,p99,0.567360074695735
1.0,1.0,deeponet_families,survivor,gs,complement,worst,0.5738288213596745
1.0,1.0,deeponet_families,survivor,gs,complement,best,0.34927576354798323
1.0,1.0,deeponet_families,survivor,gs,complement,frac_above_1,0.0
1.0,1.0,deeponet_families,survivor,gs,complement,mean_squared_ratio,0.21090155150417347
1.0,1.0,deeponet_families,survivor,sgs_ssor,full,n,24
1.0,1.0,deeponet_families,survivor,sgs_ssor,full,mean,0.3104392078036464
1.0,1.0,deeponet_families,survivor,sgs_ssor,full,median,0.30765417896903635
1.0,1.0,deeponet_families,survivor,sgs_ssor,full,p95,0.41815590715363327
1.0,1.0,deeponet_families,survivor,sgs_ssor,full,p99,0.44672032890404245
1.0,1.0,deeponet_families,survivor,sgs_ssor,full,worst,0.4536478651141773
1.0,1.0,deeponet_families,survivor,sgs_ssor,full,best,0.2072616128865042
1.0,1.0,deeponet_families,survivor,sgs_ssor,full,frac_above_1,0.0
1.0,1.0,deeponet_families,survivor,sgs_ssor,full,mean_squared_ratio,0.10107301585862168
1.0,1.0,deeponet_families,survivor,sgs_ssor,complement,n,24
1.0,1.0,deeponet_families,survivor,sgs_ssor,complement,mean,0.287027641502736
1.0,1.0,deeponet_families,survivor,sgs_ssor,complement,median,0.29505996832447023
1.0,1.0,deeponet_families,survivor,sgs_ssor,complement,p95,0.3784503460356341
1.0,1.0,deeponet_families,survivor,sgs_ssor,complement,p99,0.4129068232828197
1.0,1.0,deeponet_families,survivor,sgs_ssor,complement,worst,0.42180354369980444
1.0,1.0,deeponet_families,survivor,sgs_ssor,complement,best,0.19668832088599847
1.0,1.0,deeponet_families,survivor,sgs_ssor,complement,frac_above_1,0.0
1.0,1.0,deeponet_families,survivor,sgs_ssor,complement,mean_squared_ratio,0.08590011909958266
1.0,1.0,deeponet_families,survivor,deeponet_scale,full,n,24
1.0,1.0,deeponet_families,survivor,deeponet_scale,full,mean,0.6053970808209327
1.0,1.0,deeponet_families,survivor,deeponet_scale,full,median,0.6004554675545816
1.0,1.0,deeponet_families,survivor,deeponet_scale,full,p95,0.6920786539583255
1.0,1.0,deeponet_families,survivor,deeponet_scale,full,p99,0.7509786733974511
1.0,1.0,deeponet_families,survivor,deeponet_scale,full,worst,0.7678642486930495
1.0,1.0,deeponet_families,survivor,deeponet_scale,full,best,0.5079846550829955
1.0,1.0,deeponet_families,survivor,deeponet_scale,full,frac_above_1,0.0
1.0,1.0,deeponet_families,survivor,deeponet_scale,full,mean_squared_ratio,0.3698410281449858
1.0,1.0,deeponet_families,survivor,deeponet_scale,complement,n,24
1.0,1.0,deeponet_families,survivor,deeponet_scale,complement,mean,0.57998678965012
1.0,1.0,deeponet_families,survivor,deeponet_scale,complement,median,0.5771890022421258
1.0,1.0,deeponet_families,survivor,deeponet_scale,complement,p95,0.6770327495106718
1.0,1.0,deeponet_families,survivor,deeponet_scale,complement,p99,0.7400239232680393
1.0,1.0,deeponet_families,survivor,deeponet_scale,complement,worst,0.7580602489060395
1.0,1.0,deeponet_families,survivor,deeponet_scale,complement,best,0.47719408305724154
1.0,1.0,deeponet_families,survivor,deeponet_scale,complement,frac_above_1,0.0
1.0,1.0,deeponet_families,survivor,deeponet_scale,complement,mean_squared_ratio,0.3403393987083967
1.0,1.0,classical_stress,stress,jacobi,full,n,23
1.0,1.0,classical_stress,stress,jacobi,full,mean,0.48096483836118886
1.0,1.0,classical_stress,stress,jacobi,full,median,0.49551381251071175
1.0,1.0,classical_stress,stress,jacobi,full,p95,0.6033873868897904
1.0,1.0,classical_stress,stress,jacobi,full,p99,0.6042266690177298
1.0,1.0,classical_stress,stress,jacobi,full,worst,0.6042266690177298
1.0,1.0,classical_stress,stress,jacobi,full,best,0.15917212032554517
1.0,1.0,classical_stress,stress,jacobi,full,frac_above_1,0.0
1.0,1.0,classical_stress,stress,jacobi,full,mean_squared_ratio,0.24704937685643913
1.0,1.0,classical_stress,stress,jacobi,complement,n,23
1.0,1.0,classical_stress,stress,jacobi,complement,mean,0.44158030155178235
1.0,1.0,classical_stress,stress,jacobi,complement,median,0.4931937828728731
1.0,1.0,classical_stress,stress,jacobi,complement,p95,0.5841124987627756
1.0,1.0,classical_stress,stress,jacobi,complement,p99,0.5846232996419881
1.0,1.0,classical_stress,stress,jacobi,complement,worst,0.5847673716848429
1.0,1.0,classical_stress,stress,jacobi,complement,best,0.10058893504017809
1.0,1.0,classical_stress,stress,jacobi,complement,frac_above_1,0.0
1.0,1.0,classical_stress,stress,jacobi,complement,mean_squared_ratio,0.21624186721924926
1.0,1.0,classical_stress,stress,gs,full,n,23
1.0,1.0,classical_stress,stress,gs,full,mean,0.38215606616432596
1.0,1.0,classical_stress,stress,gs,full,median,0.3894519289870446
1.0,1.0,classical_stress,stress,gs,full,p95,0.45931920223402906
1.0,1.0,classical_stress,stress,gs,full,p99,0.47041965055891066
1.0,1.0,classical_stress,stress,gs,full,worst,0.4730314551380347
1.0,1.0,classical_stress,stress,gs,full,best,0.2962028699455695
1.0,1.0,classical_stress,stress,gs,full,frac_above_1,0.0
1.0,1.0,classical_stress,stress,gs,full,mean_squared_ratio,0.1495037203660821
1.0,1.0,classical_stress,stress,gs,complement,n,23
1.0,1.0,classical_stress,stress,gs,complement,mean,0.31198984639339283
1.0,1.0,classical_stress,stress,gs,complement,median,0.31423129937877353
1.0,1.0,classical_stress,stress,gs,complement,p95,0.37233218577513827
1.0,1.0,classical_stress,stress,gs,complement,p99,0.3730252960022439
1.0,1.0,classical_stress,stress,gs,complement,worst,0.37302529600224393
1.0,1.0,classical_stress,stress,gs,complement,best,0.2203333777299491
1.0,1.0,classical_stress,stress,gs,complement,frac_above_1,0.0
1.0,1.0,classical_stress,stress,gs,complement,mean_squared_ratio,0.09943152154077595
1.0,1.0,classical_stress,stress,sgs_ssor,full,n,23
1.0,1.0,classical_stress,stress,sgs_ssor,full,mean,0.21903648528240507
1.0,1.0,classical_stress,stress,sgs_ssor,full,median,0.22749737632736328
1.0,1.0,classical_stress,stress,sgs_ssor,full,p95,0.29241372205087746
1.0,1.0,classical_stress,stress,sgs_ssor,full,p99,0.2933020765130223
1.0,1.0,classical_stress,stress,sgs_ssor,full,worst,0.2933020765130224
1.0,1.0,classical_stress,stress,sgs_ssor,full,best,0.1310110333877596
1.0,1.0,classical_stress,stress,sgs_ssor,full,frac_above_1,0.0
1.0,1.0,classical_stress,stress,sgs_ssor,full,mean_squared_ratio,0.05113657588215458
1.0,1.0,classical_stress,stress,sgs_ssor,complement,n,23
1.0,1.0,classical_stress,stress,sgs_ssor,complement,mean,0.1845358344685097
1.0,1.0,classical_stress,stress,sgs_ssor,complement,median,0.1815093488408821
1.0,1.0,classical_stress,stress,sgs_ssor,complement,p95,0.23498382746094282
1.0,1.0,classical_stress,stress,sgs_ssor,complement,p99,0.23670101269688354
1.0,1.0,classical_stress,stress,sgs_ssor,complement,worst,0.23717973625299105
1.0,1.0,classical_stress,stress,sgs_ssor,complement,best,0.11737647760792849
1.0,1.0,classical_stress,stress,sgs_ssor,complement,frac_above_1,0.0
1.0,1.0,classical_stress,stress,sgs_ssor,complement,mean_squared_ratio,0.03563406181213271
1.0,1.0,deeponet_stress,stress,jacobi,full,n,23
1.0,1.0,deeponet_stress,stress,jacobi,full,mean,0.48096483836118886
1.0,1.0,deeponet_stress,stress,jacobi,full,median,0.49551381251071175
1.0,1.0,deeponet_stress,stress,jacobi,full,p95,0.6033873868897904
1.0,1.0,deeponet_stress,stress,jacobi,full,p99,0.6042266690177298
1.0,1.0,deeponet_stress,stress,jacobi,full,worst,0.6042266690177298
1.0,1.0,deeponet_stress,stress,jacobi,full,best,0.15917212032554517
1.0,1.0,deeponet_stress,stress,jacobi,full,frac_above_1,0.0
1.0,1.0,deeponet_stress,stress,jacobi,full,mean_squared_ratio,0.24704937685643913
1.0,1.0,deeponet_stress,stress,jacobi,complement,n,23
1.0,1.0,deeponet_stress,stress,jacobi,complement,mean,0.44158030155178235
1.0,1.0,deeponet_stress,stress,jacobi,complement,median,0.4931937828728731
1.0,1.0,deeponet_stress,stress,jacobi,complement,p95,0.5841124987627756
1.0,1.0,deeponet_stress,stress,jacobi,complement,p99,0.5846232996419881
1.0,1.0,deeponet_stress,stress,jacobi,complement,worst,0.5847673716848429
1.0,1.0,deeponet_stress,stress,jacobi,complement,best,0.10058893504017809
1.0,1.0,deeponet_stress,stress,jacobi,complement,frac_above_1,0.0
1.0,1.0,deeponet_stress,stress,jacobi,complement,mean_squared_ratio,0.21624186721924926
1.0,1.0,deeponet_stress,stress,gs,full,n,23
1.0,1.0,deeponet_stress,stress,gs,full,mean,0.38215606616432596
1.0,1.0,deeponet_stress,stress,gs,full,median,0.3894519289870446
1.0,1.0,deeponet_stress,stress,gs,full,p95,0.45931920223402906
1.0,1.0,deeponet_stress,stress,gs,full,p99,0.47041965055891066
1.0,1.0,deeponet_stress,stress,gs,full,worst,0.4730314551380347
1.0,1.0,deeponet_stress,stress,gs,full,best,0.2962028699455695
1.0,1.0,deeponet_stress,stress,gs,full,frac_above_1,0.0
1.0,1.0,deeponet_stress,stress,gs,full,mean_squared_ratio,0.1495037203660821
1.0,1.0,deeponet_stress,stress,gs,complement,n,23
1.0,1.0,deeponet_stress,stress,gs,complement,mean,0.31198984639339283
1.0,1.0,deeponet_stress,stress,gs,complement,median,0.31423129937877353
1.0,1.0,deeponet_stress,stress,gs,complement,p95,0.37233218577513827
1.0,1.0,deeponet_stress,stress,gs,complement,p99,0.3730252960022439
1.0,1.0,deeponet_stress,stress,gs,complement,worst,0.37302529600224393
1.0,1.0,deeponet_stress,stress,gs,complement,best,0.2203333777299491
1.0,1.0,deeponet_stress,stress,gs,complement,frac_above_1,0.0
1.0,1.0,deeponet_stress,stress,gs,complement,mean_squared_ratio,0.09943152154077595
1.0,1.0,deeponet_stress,stress,sgs_ssor,full,n,23
1.0,1.0,deeponet_stress,stress,sgs_ssor,full,mean,0.21903648528240507
1.0,1.0,deeponet_stress,stress,sgs_ssor,full,median,0.22749737632736328
1.0,1.0,deeponet_stress,stress,sgs_ssor,full,p95,0.29241372205087746
1.0,1.0,deeponet_stress,stress,sgs_ssor,full,p99,0.2933020765130223
1.0,1.0,deeponet_stress,stress,sgs_ssor,full,worst,0.2933020765130224
1.0,1.0,deeponet_stress,stress,sgs_ssor,full,best,0.1310110333877596
1.0,1.0,deeponet_stress,stress,sgs_ssor,full,frac_above_1,0.0
1.0,1.0,deeponet_stress,stress,sgs_ssor,full,mean_squared_ratio,0.05113657588215458
1.0,1.0,deeponet_stress,stress,sgs_ssor,complement,n,23
1.0,1.0,deeponet_stress,stress,sgs_ssor,complement,mean,0.1845358344685097
1.0,1.0,deeponet_stress,stress,sgs_ssor,complement,median,0.1815093488408821
1.0,1.0,deeponet_stress,stress,sgs_ssor,complement,p95,0.23498382746094282
1.0,1.0,deeponet_stress,stress,sgs_ssor,complement,p99,0.23670101269688354
1.0,1.0,deeponet_stress,stress,sgs_ssor,complement,worst,0.23717973625299105
1.0,1.0,deeponet_stress,stress,sgs_ssor,complement,best,0.11737647760792849
1.0,1.0,deeponet_stress,stress,sgs_ssor,complement,frac_above_1,0.0
1.0,1.0,deeponet_stress,stress,sgs_ssor,complement,mean_squared_ratio,0.03563406181213271
1.0,1.0,deeponet_stress,stress,deeponet_scale,full,n,23
1.0,1.0,deeponet_stress,stress,deeponet_scale,full,mean,0.48094652872066307
1.0,1.0,deeponet_stress,stress,deeponet_scale,full,median,0.5161736856753586
1.0,1.0,deeponet_stress,stress,deeponet_scale,full,p95,0.6801203556214043
1.0,1.0,deeponet_stress,stress,deeponet_scale,full,p99,0.6859337706340329
1.0,1.0,deeponet_stress,stress,deeponet_scale,full,worst,0.6874928842611715
1.0,1.0,deeponet_stress,stress,deeponet_scale,full,best,0.18293037026678527
1.0,1.0,deeponet_stress,stress,deeponet_scale,full,frac_above_1,0.0
1.0,1.0,deeponet_stress,stress,deeponet_scale,full,mean_squared_ratio,0.2538450501238166
1.0,1.0,deeponet_stress,stress,deeponet_scale,complement,n,23
1.0,1.0,deeponet_stress,stress,deeponet_scale,complement,mean,0.4357160670261808
1.0,1.0,deeponet_stress,stress,deeponet_scale,complement,median,0.4986754123656536
1.0,1.0,deeponet_stress,stress,deeponet_scale,complement,p95,0.6631475242159386
1.0,1.0,deeponet_stress,stress,deeponet_scale,complement,p99,0.6728251936057854
1.0,1.0,deeponet_stress,stress,deeponet_scale,complement,worst,0.6754712184675637
1.0,1.0,deeponet_stress,stress,deeponet_scale,complement,best,0.15039535817076402
1.0,1.0,deeponet_stress,stress,deeponet_scale,complement,frac_above_1,0.0
1.0,1.0,deeponet_stress,stress,deeponet_scale,complement,mean_squared_ratio,0.22045828684511695
1.0,1.0,vcycle,-,learned,stationary,mean_rate,0.6973770793860752
1.0,1.0,vcycle,-,learned,stationary,worst_rate,0.7049577424609675
1.0,1.0,vcycle,-,learned,stationary,mean_iterations,30.0
1.0,1.0,vcycle,-,learned,stationary,seconds_per_rhs,0.6872142749780323
0.1,10.0,classical_families,gaussian,jacobi,full,n,24
0.1,10.0,classical_families,gaussian,jacobi,full,mean,0.5167155988100998
0.1,10.0,classical_families,gaussian,jacobi,full,median,0.5159445390968276
0.1,10.0,classical_families,gaussian,jacobi,full,p95,0.5392279282943381
0.1,10.0,classical_families,gaussian,jacobi,full,p99,0.548518292824439
0.1,10.0,classical_families,gaussian,jacobi,full,worst,0.5509013197665009
0.1,10.0,classical_families,gaussian,jacobi,full,best,0.49214712384098924
0.1,10.0,classical_families,gaussian,jacobi,full,frac_above_1,0.0
0.1,10.0,classical_families,gaussian,jacobi,full,mean_squared_ratio,0.2672058358354881
0.1,10.0,classical_families,gaussian,jacobi,complement,n,24
0.1,10.0,classical_families,gaussian,jacobi,complement,mean,0.4706927425472754
0.1,10.0,classical_families,gaussian,jacobi,complement,median,0.471649950227378
0.1,10.0,classical_families,gaussian,jacobi,complement,p95,0.4921909860291316
0.1,10.0,classical_families,gaussian,jacobi,complement,p99,0.5021186591923158
0.1,10.0,classical_families,gaussian,jacobi,complement,worst,0.5050191612945001
0.1,10.0,classical_families,gaussian,jacobi,complement,best,0.4404166558995649
0.1,10.0,classical_families,gaussian,jacobi,complement,frac_above_1,0.0
0.1,10.0,classical_families,gaussian,jacobi,complement,mean_squared_ratio,0.2217959699328019
0.1,10.0,classical_families,gaussian,gs,full,n,24
0.1,10.0,classical_families,gaussian,gs,full,mean,0.4311674695432221
0.1,10.0,classical_families,gaussian,gs,full,median,0.4306374398660482
0.1,10.0,classical_families,gaussian,gs,full,p95,0.4410275185311687
0.1,10.0,classical_families,gaussian,gs,full,p99,0.4444504174701971
0.1,10.0,classical_families,gaussian,gs,full,worst,0.44537395047107775
0.1,10.0,classical_families,gaussian,gs,full,best,0.41738704620307276
0.1,10.0,classical_families,gaussian,gs,full,frac_above_1,0.0
0.1,10.0,classical_families,gaussian,gs,full,mean_squared_ratio,0.18594525746943558
0.1,10.0,classical_families,gaussian,gs,complement,n,24
0.1,10.0,classical_families,gaussian,gs,complement,mean,0.3565692118552413
0.1,10.0,classical_families,gaussian,gs,complement,median,0.35652588489209047
0.1,10.0,classical_families,gaussian,gs,complement,p95,0.36801913728594354
0.1,10.0,classical_families,gaussian,gs,complement,p99,0.3738500109588511
0.1,10.0,classical_families,gaussian,gs,complement,worst,0.3754304676331982
0.1,10.0,classical_families,gaussian,gs,complement,best,0.3418266894082297
0.1,10.0,classical_families,gaussian,gs,complement,frac_above_1,0.0
0.1,10.0,classical_families,gaussian,gs,complement,mean_squared_ratio,0.1272041810191228
0.1,10.0,classical_families,gaussian,sgs_ssor,full,n,24
0.1,10.0,classical_families,gaussian,sgs_ssor,full,mean,0.24141927371308805
0.1,10.0,classical_families,gaussian,sgs_ssor,full,median,0.2415628309104154
0.1,10.0,classical_families,gaussian,sgs_ssor,full,p95,0.25051040368785066
0.1,10.0,classical_families,gaussian,sgs_ssor,full,p99,0.25138367470518047
0.1,10.0,classical_families,gaussian,sgs_ssor,full,worst,0.25154130231406263
0.1,10.0,classical_families,gaussian,sgs_ssor,full,best,0.22883877866306943
0.1,10.0,classical_families,gaussian,sgs_ssor,full,frac_above_1,0.0
0.1,10.0,classical_families,gaussian,sgs_ssor,full,mean_squared_ratio,0.05831145704401092
0.1,10.0,classical_families,gaussian,sgs_ssor,complement,n,24
0.1,10.0,classical_families,gaussian,sgs_ssor,complement,mean,0.22262185787865962
0.1,10.0,classical_families,gaussian,sgs_ssor,complement,median,0.22244917946512116
0.1,10.0,classical_families,gaussian,sgs_ssor,complement,p95,0.23161513704650655
0.1,10.0,classical_families,gaussian,sgs_ssor,complement,p99,0.2324195964961548
0.1,10.0,classical_families,gaussian,sgs_ssor,complement,worst,0.23255784757198453
0.1,10.0,classical_families,gaussian,sgs_ssor,complement,best,0.21285112050057095
0.1,10.0,classical_families,gaussian,sgs_ssor,complement,frac_above_1,0.0
0.1,10.0,classical_families,gaussian,sgs_ssor,complement,mean_squared_ratio,0.0495835126504266
0.1,10.0,classical_families,fourier,jacobi,full,n,24
0.1,10.0,classical_families,fourier,jacobi,full,mean,0.46666477784275734
0.1,10.0,classical_families,fourier,jacobi,full,median,0.48837047837901004
0.1,10.0,classical_families,fourier,jacobi,full,p95,0.6315471008647964
0.1,10.0,classical_families,fourier,jacobi,full,p99,0.668414021788949
0.1,10.0,classical_families,fourier,jacobi,full,worst,0.677583083973516
0.1,10.0,classical_families,fourier,jacobi,full,best,0.2821582295269305
0.1,10.0,classical_families,fourier,jacobi,full,frac_above_1,0.0
0.1,10.0,classical_families,fourier,jacobi,full,mean_squared_ratio,0.2330180426789148
0.1,10.0,classical_families,fourier,jacobi,complement,n,24
0.1,10.0,classical_families,fourier,jacobi,complement,mean,0.42257620423015974
0.1,10.0,classical_families,fourier,jacobi,complement,median,0.4756372230603846
0.1,10.0,classical_families,fourier,jacobi,complement,p95,0.5705867988578466
0.1,10.0,classical_families,fourier,jacobi,complement,p99,0.6459021154911421
0.1,10.0,classical_families,fourier,jacobi,complement,worst,0.6680709962713185
0.1,10.0,classical_families,fourier,jacobi,complement,best,0.15971010447472025
0.1,10.0,classical_families,fourier,jacobi,complement,frac_above_1,0.0
0.1,10.0,classical_families,fourier,jacobi,complement,mean_squared_ratio,0.1957272559711858
0.1,10.0,classical_families,fourier,gs,full,n,24
0.1,10.0,classical_families,fourier,gs,full,mean,0.41580422463405514
0.1,10.0,classical_families,fourier,gs,full,median,0.43336685146054177
0.1,10.0,classical_families,fourier,gs,full,p95,0.5135964114922731
0.1,10.0,classical_families,fourier,gs,full,p99,0.5243278258950382
0.1,10.0,classical_families,fourier,gs,full,worst,0.5262062391434692
0.1,10.0,classical_families,fourier,gs,full,best,0.23524484986622624
0.1,10.0,classical_families,fourier,gs,full,frac_above_1,0.0
0.1,10.0,classical_families,fourier,gs,full,mean_squared_ratio,0.17769567304985168
0.1,10.0,classical_families,fourier,gs,complement,n,24
0.1,10.0,classical_families,fourier,gs,complement,mean,0.33638273455075907
0.1,10.0,classical_families,fourier,gs,complement,median,0.33657744179763716
0.1,10.0,classical_families,fourier,gs,complement,p95,0.4710973637045332
0.1,10.0,classical_families,fourier,gs,complement,p99,0.49076309424903625
0.1,10.0,classical_families,fourier,gs,complement,worst,0.4943315705951806
0.1,10.0,classical_families,fourier,gs,complement,best,0.17613549309892865
0.1,10.0,classical_families,fourier,gs,complement,frac_above_1,0.0
0.1,10.0,classical_families,fourier,gs,complement,mean_squared_ratio,0.11881271542667499
0.1,10.0,classical_families,fourier,sgs_ssor,full,n,24
0.1,10.0,classical_families,fourier,sgs_ssor,full,mean,0.23243741296291578
0.1,10.0,classical_families,fourier,sgs_ssor,full,median,0.23609902097167096
0.1,10.0,classical_families,fourier,sgs_ssor,full,p95,0.2868826510580832
0.1,10.0,classical_families,fourier,sgs_ssor,full,p99,0.34486288511971575
0.1,10.0,classical_families,fourier,sgs_ssor,full,worst,0.3619725268861191
0.1,10.0,classical_families,fourier,sgs_ssor,full,best,0.11179011374595169
0.1,10.0,classical_families,fourier,sgs_ssor,full,frac_above_1,0.0
0.1,10.0,classical_families,fourier,sgs_ssor,full,mean_squared_ratio,0.056937133945708845
0.1,10.0,classical_families,fourier,sgs_ssor,complement,n,24
0.1,10.0,classical_families,fourier,sgs_ssor,complement,mean,0.215496249499858
0.1,10.0,classical_families,fourier,sgs_ssor,complement,median,0.2206505769297246
0.1,10.0,classical_families,fourier,sgs_ssor,complement,p95,0.28026576485028704
0.1,10.0,classical_families,fourier,sgs_ssor,complement,p99,0.33230390438283824
0.1,10.0,classical_families,fourier,sgs_ssor,complement,worst,0.34773050150890855
0.1,10.0,classical_families,fourier,sgs_ssor,complement,best,0.10601552202731797
0.1,10.0,classical_families,fourier,sgs_ssor,complement,frac_above_1,0.0
0.1,10.0,classical_families,fourier,sgs_ssor,complement,mean_squared_ratio,0.04927377818414125
0.1,10.0,classical_families,weak,jacobi,full,n,24
0.1,10.0,classical_families,weak,jacobi,full,mean,0.900297716551254
0.1,10.0,classical_families,weak,jacobi,full,median,0.9086175199823905
0.1,10.0,classical_families,weak,jacobi,full,p95,0.9479664061738718
0.1,10.0,classical_families,weak,jacobi,full,p99,0.948251968644466
0.1,10.0,classical_families,weak,jacobi,full,worst,0.948251968644466
0.1,10.0,classical_families,weak,jacobi,full,best,0.7905525248380482
0.1,10.0,classical_families,weak,jacobi,full,frac_above_1,0.0
0.1,10.0,classical_families,weak,jacobi,full,mean_squared_ratio,0.8121168890379454
0.1,10.0,classical_families,weak,jacobi,complement,n,24
0.1,10.0,classical_families,weak,jacobi,complement,mean,0.9000753526601182
0.1,10.0,classical_families,weak,jacobi,complement,median,0.9086158556781287
0.1,10.0,classical_families,weak,jacobi,complement,p95,0.9479618910095371
0.1,10.0,classical_families,weak,jacobi,complement,p99,0.9482519686444658
0.1,10.0,classical_families,weak,jacobi,complement,worst,0.9482519686444659
0.1,10.0,classical_families,weak,jacobi,complement,best,0.7878006399183448
0.1,10.0,classical_families,weak,jacobi,complement,frac_above_1,0.0
0.1,10.0,classical_families,weak,jacobi,complement,mean_squared_ratio,0.8117521171007773
0.1,10.0,classical_families,weak,gs,full,n,24
0.1,10.0,classical_families,weak,gs,full,mean,0.785757025402579
0.1,10.0,classical_families,weak,gs,full,median,0.7931054193720054
0.1,10.0,classical_families,weak,gs,full,p95,0.8785799239241511
0.1,10.0,classical_families,weak,gs,full,p99,0.8791668262222297
0.1,10.0,classical_families,weak,gs,full,worst,0.8791668262222301
0.1,10.0,classical_families,weak,gs,full,best,0.6370139936778514
0.1,10.0,classical_families,weak,gs,full,frac_above_1,0.0
0.1,10.0,classical_families,weak,gs,full,mean_squared_ratio,0.6216425232769939
0.1,10.0,classical_families,weak,gs,complement,n,24
0.1,10.0,classical_families,weak,gs,complement,mean,0.7847069673807674
0.1,10.0,classical_families,weak,gs,complement,median,0.7924847400449404
0.1,10.0,classical_families,weak,gs,complement,p95,0.877955888002957
0.1,10.0,classical_families,weak,gs,complement,p99,0.8785665106917813
0.1,10.0,classical_families,weak,gs,complement,worst,0.8785665106917816
0.1,10.0,classical_families,weak,gs,complement,best,0.6350387052152595
0.1,10.0,classical_families,weak,gs,complement,frac_above_1,0.0
0.1,10.0,classical_families,weak,gs,complement,mean_squared_ratio,0.6200438689952582
0.1,10.0,classical_families,weak,sgs_ssor,full,n,24
0.1,10.0,classical_families,weak,sgs_ssor,full,mean,0.6425561627358757
0.1,10.0,classical_families,weak,sgs_ssor,full,median,0.6534406322526392
0.1,10.0,classical_families,weak,sgs_ssor,full,p95,0.7847233199280965
0.1,10.0,classical_families,weak,sgs_ssor,full,p99,0.7856240484244416
0.1,10.0,classical_families,weak,sgs_ssor,full,worst,0.7856240484244417
0.1,10.0,classical_families,weak,sgs_ssor,full,best,0.42300137272650146
0.1,10.0,classical_families,weak,sgs_ssor,full,frac_above_1,0.0
0.1,10.0,classical_families,weak,sgs_ssor,full,mean_squared_ratio,0.42259541440002263
0.1,10.0,classical_families,weak,sgs_ssor,complement,n,24
0.1,10.0,classical_families,weak,sgs_ssor,complement,mean,0.6411974323943228
0.1,10.0,classical_families,weak,sgs_ssor,complement,median,0.652995317259429
0.1,10.0,classical_families,weak,sgs_ssor,complement,p95,0.784324100623788
0.1,10.0,classical_families,weak,sgs_ssor,complement,p99,0.7852851196306673
0.1,10.0,classical_families,weak,sgs_ssor,complement,worst,0.7852851196306675
0.1,10.0,classical_families,weak,sgs_ssor,complement,best,0.41952633828814356
0.1,10.0,classical_families,weak,sgs_ssor,complement,frac_above_1,0.0
0.1,10.0,classical_families,weak,sgs_ssor,complement,mean_squared_ratio,0.42093696050381263
0.1,10.0,classical_families,survivor,jacobi,full,n,24
0.1,10.0,classical_families,survivor,jacobi,full,mean,0.8350899714030193
0.1,10.0,classical_families,survivor,jacobi,full,median,0.8610242324933157
0.1,10.0,classical_families,survivor,jacobi,full,p95,0.9407236556010602
0.1,10.0,classical_families,survivor,jacobi,full,p99,0.9467217433901411
0.1,10.0,classical_families,survivor,jacobi,full,worst,0.948490814456439
0.1,10.0,classical_families,survivor,jacobi,full,best,0.658033170051917
0.1,10.0,classical_families,survivor,jacobi,full,frac_above_1,0.0
0.1,10.0,classical_families,survivor,jacobi,full,mean_squared_ratio,0.7062985287723033
0.1,10.0,classical_families,survivor,jacobi,complement,n,24
0.1,10.0,classical_families,survivor,jacobi,complement,mean,0.8175770383451976
0.1,10.0,classical_families,survivor,jacobi,complement,median,0.8466819882934448
0.1,10.0,classical_families,survivor,jacobi,complement,p95,0.9399063541710738
0.1,10.0,classical_families,survivor,jacobi,complement,p99,0.9462660463519241
0.1,10.0,classical_families,survivor,jacobi,complement,worst,0.9480235825839636
0.1,10.0,classical_families,survivor,jacobi,complement,best,0.6268088231965091
0.1,10.0,classical_families,survivor,jacobi,complement,frac_above_1,0.0
0.1,10.0,classical_families,survivor,jacobi,complement,mean_squared_ratio,0.6796145369659062
0.1,10.0,classical_families,survivor,gs,full,n,24
0.1,10.0,classical_families,survivor,gs,full,mean,0.6725158364007039
0.1,10.0,classical_families,survivor,gs,full,median,0.5711598462921641
0.1,10.0,classical_families,survivor,gs,full,p95,0.8822692582088766
0.1,10.0,classical_families,survivor,gs,full,p99,0.893305255931664
0.1,10.0,classical_families,survivor,gs,full,worst,0.8959706235310172
0.1,10.0,classical_families,survivor,gs,full,best,0.5210890152149037
0.1,10.0,classical_families,survivor,gs,full,frac_above_1,0.0
0.1,10.0,classical_families,survivor,gs,full,mean_squared_ratio,0.4748667740673716
0.1,10.0,classical_families,survivor,gs,complement,n,24
0.1,10.0,classical_families,survivor,gs,complement,mean,0.6462372693260595
0.1,10.0,classical_families,survivor,gs,complement,median,0.5350625620545775
0.1,10.0,classical_families,survivor,gs,complement,p95,0.8812516252076116
0.1,10.0,classical_families,survivor,gs,complement,p99,0.8885673421442173
0.1,10.0,classical_families,survivor,gs,complement,worst,0.890118931021684
0.1,10.0,classical_families,survivor,gs,complement,best,0.46202175797855516
0.1,10.0,classical_families,survivor,gs,complement,frac_above_1,0.0
0.1,10.0,classical_families,survivor,gs,complement,mean_squared_ratio,0.44532023219706546
0.1,10.0,classical_families,survivor,sgs_ssor,full,n,24
0.1,10.0,classical_families,survivor,sgs_ssor,full,mean,0.5222320187223386
0.1,10.0,classical_families,survivor,sgs_ssor,full,median,0.38855442830906295
0.1,10.0,classical_families,survivor,sgs_ssor,full,p95,0.7953106896232757
0.1,10.0,classical_families,survivor,sgs_ssor,full,p99,0.815548554794303
0.1,10.0,classical_families,survivor,sgs_ssor,full,worst,0.8207244413598049
0.1,10.0,classical_families,survivor,sgs_ssor,full,best,0.319161697559217
0.1,10.0,classical_families,survivor,sgs_ssor,full,frac_above_1,0.0
0.1,10.0,classical_families,survivor,sgs_ssor,full,mean_squared_ratio,0.310563199854539
0.1,10.0,classical_families,survivor,sgs_ssor,complement,n,24
0.1,10.0,classical_families,survivor,sgs_ssor,complement,mean,0.5129636738492905
0.1,10.0,classical_families,survivor,sgs_ssor,complement,median,0.38338755561348115
0.1,10.0,classical_families,survivor,sgs_ssor,complement,p95,0.7942667193775149
0.1,10.0,classical_families,survivor,sgs_ssor,complement,p99,0.8135672106543538
0.1,10.0,classical_families,survivor,sgs_ssor,complement,worst,0.8183515960390453
0.1,10.0,classical_families,survivor,sgs_ssor,complement,best,0.30456027652278783
0.1,10.0,classical_families,survivor,sgs_ssor,complement,frac_above_1,0.0
0.1,10.0,classical_families,survivor,sgs_ssor,complement,mean_squared_ratio,0.30314819277132193
0.1,10.0,deeponet_families,gaussian,jacobi,full,n,24
0.1,10.0,deeponet_families,gaussian,jacobi,full,mean,0.5167155988100998
0.1,10.0,deeponet_families,gaussian,jacobi,full,median,0.5159445390968276
0.1,10.0,deeponet_families,gaussian,jacobi,full,p95,0.5392279282943381
0.1,10.0,deeponet_families,gaussian,jacobi,full,p99,0.548518292824439
0.1,10.0,deeponet_families,gaussian,jacobi,full,worst,0.5509013197665009
0.1,10.0,deeponet_families,gaussian,jacobi,full,best,0.49214712384098924
0.1,10.0,deeponet_families,gaussian,jacobi,full,frac_above_1,0.0
0.1,10.0,deeponet_families,gaussian,jacobi,full,mean_squared_ratio,0.2672058358354881
0.1,10.0,deeponet_families,gaussian,jacobi,complement,n,24
0.1,10.0,deeponet_families,gaussian,jacobi,complement,mean,0.4706927425472754
0.1,10.0,deeponet_families,gaussian,jacobi,complement,median,0.471649950227378
0.1,10.0,deeponet_families,gaussian,jacobi,complement,p95,0.4921909860291316
0.1,10.0,deeponet_families,gaussian,jacobi,complement,p99,0.5021186591923158
0.1,10.0,deeponet_families,gaussian,jacobi,complement,worst,0.5050191612945001
0.1,10.0,deeponet_families,gaussian,jacobi,complement,best,0.4404166558995649
0.1,10.0,deeponet_families,gaussian,jacobi,complement,frac_above_1,0.0
0.1,10.0,deeponet_families,gaussian,jacobi,complement,mean_squared_ratio,0.2217959699328019
0.1,10.0,deeponet_families,gaussian,gs,full,n,24
0.1,10.0,deeponet_families,gaussian,gs,full,mean,0.4311674695432221
0.1,10.0,deeponet_families,gaussian,gs,full,median,0.4306374398660482
0.1,10.0,deeponet_families,gaussian,gs,full,p95,0.4410275185311687
0.1,10.0,deeponet_families,gaussian,gs,full,p99,0.4444504174701971
0.1,10.0,deeponet_families,gaussian,gs,full,worst,0.44537395047107775
0.1,10.0,deeponet_families,gaussian,gs,full,best,0.41738704620307276
0.1,10.0,deeponet_families,gaussian,gs,full,frac_above_1,0.0
0.1,10.0,deeponet_families,gaussian,gs,full,mean_squared_ratio,0.18594525746943558
0.1,10.0,deeponet_families,gaussian,gs,complement,n,24
0.1,10.0,deeponet_families,gaussian,gs,complement,mean,0.3565692118552413
0.1,10.0,deeponet_families,gaussian,gs,complement,median,0.35652588489209047
0.1,10.0,deeponet_families,gaussian,gs,complement,p95,0.36801913728594354
0.1,10.0,deeponet_families,gaussian,gs,complement,p99,0.3738500109588511
0.1,10.0,deeponet_families,gaussian,gs,complement,worst,0.3754304676331982
0.1,10.0,deeponet_families,gaussian,gs,complement,best,0.3418266894082297
0.1,10.0,deeponet_families,gaussian,gs,complement,frac_above_1,0.0
0.1,10.0,deeponet_families,gaussian,gs,complement,mean_squared_ratio,0.1272041810191228
0.1,10.0,deeponet_families,gaussian,sgs_ssor,full,n,24
0.1,10.0,deeponet_families,gaussian,sgs_ssor,full,mean,0.24141927371308805
0.1,10.0,deeponet_families,gaussian,sgs_ssor,full,median,0.2415628309104154
0.1,10.0,deeponet_families,gaussian,sgs_ssor,full,p95,0.25051040368785066
0.1,10.0,deeponet_families,gaussian,sgs_ssor,full,p99,0.25138367470518047
0.1,10.0,deeponet_families,gaussian,sgs_ssor,full,worst,0.25154130231406263
0.1,10.0,deeponet_families,gaussian,sgs_ssor,full,best,0.22883877866306943
0.1,10.0,deeponet_families,gaussian,sgs_ssor,full,frac_above_1,0.0
0.1,10.0,deeponet_families,gaussian,sgs_ssor,full,mean_squared_ratio,0.05831145704401092
0.1,10.0,deeponet_families,gaussian,sgs_ssor,complement,n,24
0.1,10.0,deeponet_families,gaussian,sgs_ssor,complement,mean,0.22262185787865962
0.1,10.0,deeponet_families,gaussian,sgs_ssor,complement,median,0.22244917946512116
0.1,10.0,deeponet_families,gaussian,sgs_ssor,complement,p95,0.23161513704650655
0.1,10.0,deeponet_families,gaussian,sgs_ssor,complement,p99,0.2324195964961548
0.1,10.0,deeponet_families,gaussian,sgs_ssor,complement,worst,0.23255784757198453
0.1,10.0,deeponet_families,gaussian,sgs_ssor,complement,best,0.21285112050057095
0.1,10.0,deeponet_families,gaussian,sgs_ssor,complement,frac_above_1,0.0
0.1,10.0,deeponet_families,gaussian,sgs_ssor,complement,mean_squared_ratio,0.0495835126504266
0.1,10.0,deeponet_families,gaussian,deeponet_scale,full,n,24
0.1,10.0,deeponet_families,gaussian,deeponet_scale,full,mean,0.4407946825180978
0.1,10.0,deeponet_families,gaussian,deeponet_scale,full,median,0.43913543291332546
0.1,10.0,deeponet_families,gaussian,deeponet_scale,full,p95,0.4565944696320237
0.1,10.0,deeponet_families,gaussian,deeponet_scale,full,p99,0.46625291826394655
0.1,10.0,deeponet_families,gaussian,deeponet_scale,full,worst,0.469041992589889
0.1,10.0,deeponet_families,gaussian,deeponet_scale,full,best,0.4194206730112163
0.1,10.0,deeponet_families,gaussian,deeponet_scale,full,frac_above_1,0.0
0.1,10.0,deeponet_families,gaussian,deeponet_scale,full,mean_squared_ratio,0.19443368900403282
0.1,10.0,deeponet_families,gaussian,deeponet_scale,complement,n,24
0.1,10.0,deeponet_families,gaussian,deeponet_scale,complement,mean,0.40483141339005946
0.1,10.0,deeponet_families,gaussian,deeponet_scale,complement,median,0.4047585067707609
0.1,10.0,deeponet_families,gaussian,deeponet_scale,complement,p95,0.4253320075026566
0.1,10.0,deeponet_families,gaussian,deeponet_scale,complement,p99,0.43081831791793573
0.1,10.0,deeponet_families,gaussian,deeponet_scale,complement,worst,0.4321301368686448
0.1,10.0,deeponet_families,gaussian,deeponet_scale,complement,best,0.3808992340324178
0.1,10.0,deeponet_families,gaussian,deeponet_scale,complement,frac_above_1,0.0
0.1,10.0,deeponet_families,gaussian,deeponet_scale,complement,mean_squared_ratio,0.16403413457889574
0.1,10.0,deeponet_families,fourier,jacobi,full,n,24
0.1,10.0,deeponet_families,fourier,jacobi,full,mean,0.46666477784275734
0.1,10.0,deeponet_families,fourier,jacobi,full,median,0.48837047837901004
0.1,10.0,deeponet_families,fourier,jacobi,full,p95,0.6315471008647964
0.1,10.0,deeponet_families,fourier,jacobi,full,p99,0.668414021788949
0.1,10.0,deeponet_families,fourier,jacobi,full,worst,0.677583083973516
0.1,10.0,deeponet_families,fourier,jacobi,full,best,0.2821582295269305
0.1,10.0,deeponet_families,fourier,jacobi,full,frac_above_1,0.0
0.1,10.0,deeponet_families,fourier,jacobi,full,mean_squared_ratio,0.2330180426789148
0.1,10.0,deeponet_families,fourier,jacobi,complement,n,24
0.1,10.0,deeponet_families,fourier,jacobi,complement,mean,0.42257620423015974
0.1,10.0,deeponet_families,fourier,jacobi,complement,median,0.4756372230603846
0.1,10.0,deeponet_families,fourier,jacobi,complement,p95,0.5705867988578466
0.1,10.0,deeponet_families,fourier,jacobi,complement,p99,0.6459021154911421
0.1,10.0,deeponet_families,fourier,jacobi,complement,worst,0.6680709962713185
0.1,10.0,deeponet_families,fourier,jacobi,complement,best,0.15971010447472025
0.1,10.0,deeponet_families,fourier,jacobi,complement,frac_above_1,0.0
0.1,10.0,deeponet_families,fourier,jacobi,complement,mean_squared_ratio,0.1957272559711858
0.1,10.0,deeponet_families,fourier,gs,full,n,24
0.1,10.0,deeponet_families,fourier,gs,full,mean,0.41580422463405514
0.1,10.0,deeponet_families,fourier,gs,full,median,0.43336685146054177
0.1,10.0,deeponet_families,fourier,gs,full,p95,0.5135964114922731
0.1,10.0,deeponet_families,fourier,gs,full,p99,0.5243278258950382
0.1,10.0,deeponet_families,fourier,gs,full,worst,0.5262062391434692
0.1,10.0,deeponet_families,fourier,gs,full,best,0.23524484986622624
0.1,10.0,deeponet_families,fourier,gs,full,frac_above_1,0.0
0.1,10.0,deeponet_families,fourier,gs,full,mean_squared_ratio,0.17769567304985168
0.1,10.0,deeponet_families,fourier,gs,complement,n,24
0.1,10.0,deeponet_families,fourier,gs,complement,mean,0.33638273455075907
0.1,10.0,deeponet_families,fourier,gs,complement,median,0.33657744179763716
0.1,10.0,deeponet_families,fourier,gs,complement,p95,0.4710973637045332
0.1,10.0,deeponet_families,fourier,gs,complement,p99,0.49076309424903625
0.1,10.0,deeponet_families,fourier,gs,complement,worst,0.4943315705951806
0.1,10.0,deeponet_families,fourier,gs,complement,best,0.17613549309892865
0.1,10.0,deeponet_families,fourier,gs,complement,frac_above_1,0.0
0.1,10.0,deeponet_families,fourier,gs,complement,mean_squared_ratio,0.11881271542667499
0.1,10.0,deeponet_families,fourier,sgs_ssor,full,n,24
0.1,10.0,deeponet_families,fourier,sgs_ssor,full,mean,0.23243741296291578
0.1,10.0,deeponet_families,fourier,sgs_ssor,full,median,0.23609902097167096
0.1,10.0,deeponet_families,fourier,sgs_ssor,full,p95,0.2868826510580832
0.1,10.0,deeponet_families,fourier,sgs_ssor,full,p99,0.34486288511971575
0.1,10.0,deeponet_families,fourier,sgs_ssor,full,worst,0.3619725268861191
0.1,10.0,deeponet_families,fourier,sgs_ssor,full,best,0.11179011374595169
0.1,10.0,deeponet_families,fourier,sgs_ssor,full,frac_above_1,0.0
0.1,10.0,deeponet_families,fourier,sgs_ssor,full,mean_squared_ratio,0.056937133945708845
0.1,10.0,deeponet_families,fourier,sgs_ssor,complement,n,24
0.1,10.0,deeponet_families,fourier,sgs_ssor,complement,mean,0.215496249499858
0.1,10.0,deeponet_families,fourier,sgs_ssor,complement,median,0.2206505769297246
0.1,10.0,deeponet_families,fourier,sgs_ssor,complement,p95,0.28026576485028704
0.1,10.0,deeponet_families,fourier,sgs_ssor,complement,p99,0.33230390438283824
0.1,10.0,deeponet_families,fourier,sgs_ssor,complement,worst,0.34773050150890855
0.1,10.0,deeponet_families,fourier,sgs_ssor,complement,best,0.10601552202731797
0.1,10.0,deeponet_families,fourier,sgs_ssor,complement,frac_above_1,0.0
0.1,10.0,deeponet_families,fourier,sgs_ssor,complement,mean_squared_ratio,0.04927377818414125
0.1,10.0,deeponet_families,fourier,deeponet_scale,full,n,24
0.1,10.0,deeponet_families,fourier,deeponet_scale,full,mean,0.46866923928892396
0.1,10.0,deeponet_families,fourier,deeponet_scale,full,median,0.45466028362486177
0.1,10.0,deeponet_families,fourier,deeponet_scale,full,p95,0.6705868893236238
0.1,10.0,deeponet_families,fourier,deeponet_scale,full,p99,0.6953720865378772
0.1,10.0,deeponet_families,fourier,deeponet_scale,full,worst,0.702382491403955
0.1,10.0,deeponet_families,fourier,deeponet_scale,full,best,0.22690574913283934
0.1,10.0,deeponet_families,fourier,deeponet_scale,full,frac_above_1,0.0
0.1,10.0,deeponet_families,fourier,deeponet_scale,full,mean_squared_ratio,0.23601211837677813
0.1,10.0,deeponet_families,fourier,deeponet_scale,complement,n,24
0.1,10.0,deeponet_families,fourier,deeponet_scale,complement,mean,0.4331814021870364
0.1,10.0,deeponet_families,fourier,deeponet_scale,complement,median,0.4438168634004432
0.1,10.0,deeponet_families,fourier,deeponet_scale,complement,p95,0.6689679227811253
0.1,10.0,deeponet_families,fourier,deeponet_scale,complement,p99,0.6911008846909472
0.1,10.0,deeponet_families,fourier,deeponet_scale,complement,worst,0.6974001030094588
0.1,10.0,deeponet_families,fourier,deeponet_scale,complement,best,0.14037510880475906
0.1,10.0,deeponet_families,fourier,deeponet_scale,complement,frac_above_1,0.0
0.1,10.0,deeponet_families,fourier,deeponet_scale,complement,mean_squared_ratio,0.21144961635151568
0.1,10.0,deeponet_families,weak,jacobi,full,n,24
0.1,10.0,deeponet_families,weak,jacobi,full,mean,0.900297716551254
0.1,10.0,deeponet_families,weak,jacobi,full,median,0.9086175199823905
0.1,10.0,deeponet_families,weak,jacobi,full,p95,0.9479664061738718
0.1,10.0,deeponet_families,weak,jacobi,full,p99,0.948251968644466
0.1,10.0,deeponet_families,weak,jacobi,full,worst,0.948251968644466
0.1,10.0,deeponet_families,weak,jacobi,full,best,0.7905525248380482
0.1,10.0,deeponet_families,weak,jacobi,full,frac_above_1,0.0
0.1,10.0,deeponet_families,weak,jacobi,full,mean_squared_ratio,0.8121168890379454
0.1,10.0,deeponet_families,weak,jacobi,complement,n,24
0.1,10.0,deeponet_families,weak,jacobi,complement,mean,0.9000753526601182
0.1,10.0,deeponet_families,weak,jacobi,complement,median,0.9086158556781287
0.1,10.0,deeponet_families,weak,jacobi,complement,p95,0.9479618910095371
0.1,10.0,deeponet_families,weak,jacobi,complement,p99,0.9482519686444658
0.1,10.0,deeponet_families,weak,jacobi,complement,worst,0.9482519686444659
0.1,10.0,deeponet_families,weak,jacobi,complement,best,0.7878006399183448
0.1,10.0,deeponet_families,weak,jacobi,complement,frac_above_1,0.0
0.1,10.0,deeponet_families,weak,jacobi,complement,mean_squared_ratio,0.8117521171007773
0.1,10.0,deeponet_families,weak,gs,full,n,24
0.1,10.0,deeponet_families,weak,gs,full,mean,0.785757025402579
0.1,10.0,deeponet_families,weak,gs,full,median,0.7931054193720054
0.1,10.0,deeponet_families,weak,gs,full,p95,0.8785799239241511
0.1,10.0,deeponet_families,weak,gs,full,p99,0.8791668262222297
0.1,10.0,deeponet_families,weak,gs,full,worst,0.8791668262222301
0.1,10.0,deeponet_families,weak,gs,full,best,0.6370139936778514
0.1,10.0,deeponet_families,weak,gs,full,frac_above_1,0.0
0.1,10.0,deeponet_families,weak,gs,full,mean_squared_ratio,0.6216425232769939
0.1,10.0,deeponet_families,weak,gs,complement,n,24
0.1,10.0,deeponet_families,weak,gs,complement,mean,0.7847069673807674
0.1,10.0,deeponet_families,weak,gs,complement,median,0.7924847400449404
0.1,10.0,deeponet_families,weak,gs,complement,p95,0.877955888002957
0.1,10.0,deeponet_families,weak,gs,complement,p99,0.8785665106917813
0.1,10.0,deeponet_families,weak,gs,complement,worst,0.8785665106917816
0.1,10.0,deeponet_families,weak,gs,complement,best,0.6350387052152595
0.1,10.0,deeponet_families,weak,gs,complement,frac_above_1,0.0
0.1,10.0,deeponet_families,weak,gs,complement,mean_squared_ratio,0.6200438689952582
0.1,10.0,deeponet_families,weak,sgs_ssor,full,n,24
0.1,10.0,deeponet_families,weak,sgs_ssor,full,mean,0.6425561627358757
0.1,10.0,deeponet_families,weak,sgs_ssor,full,median,0.6534406322526392
0.1,10.0,deeponet_families,weak,sgs_ssor,full,p95,0.7847233199280965
0.1,10.0,deeponet_families,weak,sgs_ssor,full,p99,0.7856240484244416
0.1,10.0,deeponet_families,weak,sgs_ssor,full,worst,0.7856240484244417
0.1,10.0,deeponet_families,weak,sgs_ssor,full,best,0.42300137272650146
0.1,10.0,deeponet_families,weak,sgs_ssor,full,frac_above_1,0.0
0.1,10.0,deeponet_families,weak,sgs_ssor,full,mean_squared_ratio,0.42259541440002263
0.1,10.0,deeponet_families,weak,sgs_ssor,complement,n,24
0.1,10.0,deeponet_families,weak,sgs_ssor,complement,mean,0.6411974323943228
0.1,10.0,deeponet_families,weak,sgs_ssor,complement,median,0.652995317259429
0.1,10.0,deeponet_families,weak,sgs_ssor,complement,p95,0.784324100623788
0.1,10.0,deeponet_families,weak,sgs_ssor,complement,p99,0.7852851196306673
0.1,10.0,deeponet_families,weak,sgs_ssor,complement,worst,0.7852851196306675
0.1,10.0,deeponet_families,weak,sgs_ssor,complement,best,0.41952633828814356
0.1,10.0,deeponet_families,weak,sgs_ssor,complement,frac_above_1,0.0
0.1,10.0,deeponet_families,weak,sgs_ssor,complement,mean_squared_ratio,0.42093696050381263
0.1,10.0,deeponet_families,weak,deeponet_scale,full,n,24
0.1,10.0,deeponet_families,weak,deeponet_scale,full,mean,0.8919323527051827
0.1,10.0,deeponet_families,weak,deeponet_scale,full,median,0.9036867318463628
0.1,10.0,deeponet_families,weak,deeponet_scale,full,p95,1.021460564871035
0.1,10.0,deeponet_families,weak,deeponet_scale,full,p99,1.0383381257345887
0.1,10.0,deeponet_families,weak,deeponet_scale,full,worst,1.0409764982057355
0.1,10.0,deeponet_families,weak,deeponet_scale,full,best,0.6870520218639804
0.1,10.0,deeponet_families,weak,deeponet_scale,full,frac_above_1,0.08333333333333333
0.1,10.0,deeponet_families,weak,deeponet_scale,full,mean_squared_ratio,0.8033968843024032
0.1,10.0,deeponet_families,weak,deeponet_scale,complement,n,24
0.1,10.0,deeponet_families,weak,deeponet_scale,complement,mean,0.8742994145761851
0.1,10.0,deeponet_families,weak,deeponet_scale,complement,median,0.9036098810420252
0.1,10.0,deeponet_families,weak,deeponet_scale,complement,p95,0.9885782686346377
0.1,10.0,deeponet_families,weak,deeponet_scale,complement,p99,1.0076124372117419
0.1,10.0,deeponet_families,weak,deeponet_scale,complement,worst,1.0123277343127208
0.1,10.0,deeponet_families,weak,deeponet_scale,complement,best,0.650618761115898
0.1,10.0,deeponet_families,weak,deeponet_scale,complement,frac_above_1,0.041666666666666664
0.1,10.0,deeponet_families,weak,deeponet_scale,complement,mean_squared_ratio,0.7746698296982638
0.1,10.0,deeponet_families,survivor,jacobi,full,n,24
0.1,10.0,deeponet_families,survivor,jacobi,full,mean,0.8350899714030193
0.1,10.0,deeponet_families,survivor,jacobi,full,median,0.8610242324933157
0.1,10.0,deeponet_families,survivor,jacobi,full,p95,0.9407236556010602
0.1,10.0,deeponet_families,survivor,jacobi,full,p99,0.9467217433901411
0.1,10.0,deeponet_families,survivor,jacobi,full,worst,0.948490814456439
0.1,10.0,deeponet_families,survivor,jacobi,full,best,0.658033170051917
0.1,10.0,deeponet_families,survivor,jacobi,full,frac_above_1,0.0
0.1,10.0,deeponet_families,survivor,jacobi,full,mean_squared_ratio,0.7062985287723033
0.1,10.0,deeponet_families,survivor,jacobi,complement,n,24
0.1,10.0,deeponet_families,survivor,jacobi,complement,mean,0.8175770383451976
0.1,10.0,deeponet_families,survivor,jacobi,complement,median,0.8466819882934448
0.1,10.0,deeponet_families,survivor,jacobi,complement,p95,0.9399063541710738
0.1,10.0,deeponet_families,survivor,jacobi,complement,p99,0.9462660463519241
0.1,10.0,deeponet_families,survivor,jacobi,complement,worst,0.9480235825839636
0.1,10.0,deeponet_families,survivor,jacobi,complement,best,0.6268088231965091
0.1,10.0,deeponet_families,survivor,jacobi,complement,frac_above_1,0.0
0.1,10.0,deeponet_families,survivor,jacobi,complement,mean_squared_ratio,0.6796145369659062
0.1,10.0,deeponet_families,survivor,gs,full,n,24
0.1,10.0,deeponet_families,survivor,gs,full,mean,0.6725158364007039
0.1,10.0,deeponet_families,survivor,gs,full,median,0.5711598462921641
0.1,10.0,deeponet_families,survivor,gs,full,p95,0.8822692582088766
0.1,10.0,deeponet_families,survivor,gs,full,p99,0.893305255931664
0.1,10.0,deeponet_families,survivor,gs,full,worst,0.8959706235310172
0.1,10.0,deeponet_families,survivor,gs,full,best,0.5210890152149037
0.1,10.0,deeponet_families,survivor,gs,full,frac_above_1,0.0
0.1,10.0,deeponet_families,survivor,gs,full,mean_squared_ratio,0.4748667740673716
0.1,10.0,deeponet_families,survivor,gs,complement,n,24
0.1,10.0,deeponet_families,survivor,gs,complement,mean,0.6462372693260595
0.1,10.0,deeponet_families,survivor,gs,complement,median,0.5350625620545775
0.1,10.0,deeponet_families,survivor,gs,complement,p95,0.8812516252076116
0.1,10.0,deeponet_families,survivor,gs,complement,p99,0.8885673421442173
0.1,10.0,deeponet_families,survivor,gs,complement,worst,0.890118931021684
0.1,10.0,deeponet_families,survivor,gs,complement,best,0.46202175797855516
0.1,10.0,deeponet_families,survivor,gs,complement,frac_above_1,0.0
0.1,10.0,deeponet_families,survivor,gs,complement,mean_squared_ratio,0.44532023219706546
0.1,10.0,deeponet_families,survivor,sgs_ssor,full,n,24
0.1,10.0,deeponet_families,survivor,sgs_ssor,full,mean,0.5222320187223386
0.1,10.0,deeponet_families,survivor,sgs_ssor,full,median,0.38855442830906295
0.1,10.0,deeponet_families,survivor,sgs_ssor,full,p95,0.7953106896232757
0.1,10.0,deeponet_families,survivor,sgs_ssor,full,p99,0.815548554794303
0.1,10.0,deeponet_families,survivor,sgs_ssor,full,worst,0.8207244413598049
0.1,10.0,deeponet_families,survivor,sgs_ssor,full,best,0.319161697559217
0.1,10.0,deeponet_families,survivor,sgs_ssor,full,frac_above_1,0.0
0.1,10.0,deeponet_families,survivor,sgs_ssor,full,mean_squared_ratio,0.310563199854539
0.1,10.0,deeponet_families,survivor,sgs_ssor,complement,n,24
0.1,10.0,deeponet_families,survivor,sgs_ssor,complement,mean,0.5129636738492905
0.1,10.0,deeponet_families,survivor,sgs_ssor,complement,median,0.38338755561348115
0.1,10.0,deeponet_families,survivor,sgs_ssor,complement,p95,0.7942667193775149
0.1,10.0,deeponet_families,survivor,sgs_ssor,complement,p99,0.8135672106543538
0.1,10.0,deeponet_families,survivor,sgs_ssor,complement,worst,0.8183515960390453
0.1,10.0,deeponet_families,survivor,sgs_ssor,complement,best,0.30456027652278783
0.1,10.0,deeponet_families,survivor,sgs_ssor,complement,frac_above_1,0.0
0.1,10.0,deeponet_families,survivor,sgs_ssor,complement,mean_squared_ratio,0.30314819277132193
0.1,10.0,deeponet_families,survivor,deeponet_scale,full,n,24
0.1,10.0,deeponet_families,survivor,deeponet_scale,full,mean,0.7132492100034905
0.1,10.0,deeponet_families,survivor,deeponet_scale,full,median,0.624328731273081
0.1,10.0,deeponet_families,survivor,deeponet_scale,full,p95,0.9319395352348272
0.1,10.0,deeponet_families,survivor,deeponet_scale,full,p99,0.936283118056034
0.1,10.0,deeponet_families,survivor,deeponet_scale,full,worst,0.9367544499720546
0.1,10.0,deeponet_families,survivor,deeponet_scale,full,best,0.5304117322963955
0.1,10.0,deeponet_families,survivor,deeponet_scale,full,frac_above_1,0.0
0.1,10.0,deeponet_families,survivor,deeponet_scale,full,mean_squared_ratio,0.5326902512568674
0.1,10.0,deeponet_families,survivor,deeponet_scale,complement,n,24
0.1,10.0,deeponet_families,survivor,deeponet_scale,complement,mean,0.6966972641445569
0.1,10.0,deeponet_families,survivor,deeponet_scale,complement,median,0.6043509730769729
0.1,10.0,deeponet_families,survivor,deeponet_scale,complement,p95,0.9278191534474581
0.1,10.0,deeponet_families,survivor,deeponet_scale,complement,p99,0.9342010554137142
0.1,10.0,deeponet_families,survivor,deeponet_scale,complement,worst,0.9352536292359138
0.1,10.0,deeponet_families,survivor,deeponet_scale,complement,best,0.4899448125566087
0.1,10.0,deeponet_families,survivor,deeponet_scale,complement,frac_above_1,0.0
0.1,10.0,deeponet_families,survivor,deeponet_scale,complement,mean_squared_ratio,0.5126565840824417
0.1,10.0,classical_stress,stress,jacobi,full,n,23
0.1,10.0,classical_stress,stress,jacobi,full,mean,0.7673466846547585
0.1,10.0,classical_stress,stress,jacobi,full,median,0.8724859077587876
0.1,10.0,classical_stress,stress,jacobi,full,p95,0.9232249494037372
0.1,10.0,classical_stress,stress,jacobi,full,p99,0.9245305664670543
0.1,10.0,classical_stress,stress,jacobi,full,worst,0.9245305664670546
0.1,10.0,classical_stress,stress,jacobi,full,best,0.28135770267419624
0.1,10.0,classical_stress,stress,jacobi,full,frac_above_1,0.0
0.1,10.0,classical_stress,stress,jacobi,full,mean_squared_ratio,0.6323449435202091
0.1,10.0,classical_stress,stress,jacobi,complement,n,23
0.1,10.0,classical_stress,stress,jacobi,complement,mean,0.7222538072801261
0.1,10.0,classical_stress,stress,jacobi,complement,median,0.8656353629565933
0.1,10.0,classical_stress,stress,jacobi,complement,p95,0.9231046992574494
0.1,10.0,classical_stress,stress,jacobi,complement,p99,0.9243993327262608
0.1,10.0,classical_stress,stress,jacobi,complement,worst,0.924399332726261
0.1,10.0,classical_stress,stress,jacobi,complement,best,0.023462706659146036
0.1,10.0,classical_stress,stress,jacobi,complement,frac_above_1,0.0
0.1,10.0,classical_stress,stress,jacobi,complement,mean_squared_ratio,0.5914617964436928
0.1,10.0,classical_stress,stress,gs,full,n,23
0.1,10.0,classical_stress,stress,gs,full,mean,0.6455214225306697
0.1,10.0,classical_stress,stress,gs,full,median,0.6762122006243909
0.1,10.0,classical_stress,stress,gs,full,p95,0.8258971272413319
0.1,10.0,classical_stress,stress,gs,full,p99,0.8289728673652735
0.1,10.0,classical_stress,stress,gs,full,worst,0.8289728673652738
0.1,10.0,classical_stress,stress,gs,full,best,0.3744136322018742
0.1,10.0,classical_stress,stress,gs,full,frac_above_1,0.0
0.1,10.0,classical_stress,stress,gs,full,mean_squared_ratio,0.4383257157181606
0.1,10.0,classical_stress,stress,gs,complement,n,23
0.1,10.0,classical_stress,stress,gs,complement,mean,0.589067304546912
0.1,10.0,classical_stress,stress,gs,complement,median,0.6749176753633418
0.1,10.0,classical_stress,stress,gs,complement,p95,0.8244220796695927
0.1,10.0,classical_stress,stress,gs,complement,p99,0.8274022245384883
0.1,10.0,classical_stress,stress,gs,complement,worst,0.8274022245384886
0.1,10.0,classical_stress,stress,gs,complement,best,0.27279914974931885
0.1,10.0,classical_stress,stress,gs,complement,frac_above_1,0.0
0.1,10.0,classical_stress,stress,gs,complement,mean_squared_ratio,0.390733539952722
0.1,10.0,classical_stress,stress,sgs_ssor,full,n,23
0.1,10.0,classical_stress,stress,sgs_ssor,full,mean,0.48277753968629006
0.1,10.0,classical_stress,stress,sgs_ssor,full,median,0.48735878625010215
0.1,10.0,classical_stress,stress,sgs_ssor,full,p95,0.705549504559699
0.1,10.0,classical_stress,stress,sgs_ssor,full,p99,0.7101413153768743
0.1,10.0,classical_stress,stress,sgs_ssor,full,worst,0.7101413153768745
0.1,10.0,classical_stress,stress,sgs_ssor,full,best,0.19095460785741475
0.1,10.0,classical_stress,stress,sgs_ssor,full,frac_above_1,0.0
0.1,10.0,classical_stress,stress,sgs_ssor,full,mean_squared_ratio,0.2615352964376951
0.1,10.0,classical_stress,stress,sgs_ssor,complement,n,23
0.1,10.0,classical_stress,stress,sgs_ssor,complement,mean,0.4634313743899712
0.1,10.0,classical_stress,stress,sgs_ssor,complement,median,0.4864804312919579
0.1,10.0,classical_stress,stress,sgs_ssor,complement,p95,0.7032406413659845
0.1,10.0,classical_stress,stress,sgs_ssor,complement,p99,0.7076384914450461
0.1,10.0,classical_stress,stress,sgs_ssor,complement,worst,0.7076384914450461
0.1,10.0,classical_stress,stress,sgs_ssor,complement,best,0.16098325893392115
0.1,10.0,classical_stress,stress,sgs_ssor,complement,frac_above_1,0.0
0.1,10.0,classical_stress,stress,sgs_ssor,complement,mean_squared_ratio,0.2498213098773377
0.1,10.0,deeponet_stress,stress,jacobi,full,n,23
0.1,10.0,deeponet_stress,stress,jacobi,full,mean,0.7673466846547585
0.1,10.0,deeponet_stress,stress,jacobi,full,median,0.8724859077587876
0.1,10.0,deeponet_stress,stress,jacobi,full,p95,0.9232249494037372
0.1,10.0,deeponet_stress,stress,jacobi,full,p99,0.9245305664670543
0.1,10.0,deeponet_stress,stress,jacobi,full,worst,0.9245305664670546
0.1,10.0,deeponet_stress,stress,jacobi,full,best,0.28135770267419624
0.1,10.0,deeponet_stress,stress,jacobi,full,frac_above_1,0.0
0.1,10.0,deeponet_stress,stress,jacobi,full,mean_squared_ratio,0.6323449435202091
0.1,10.0,deeponet_stress,stress,jacobi,complement,n,23
0.1,10.0,deeponet_stress,stress,jacobi,complement,mean,0.7222538072801261
0.1,10.0,deeponet_stress,stress,jacobi,complement,median,0.8656353629565933
0.1,10.0,deeponet_stress,stress,jacobi,complement,p95,0.9231046992574494
0.1,10.0,deeponet_stress,stress,jacobi,complement,p99,0.9243993327262608
0.1,10.0,deeponet_stress,stress,jacobi,complement,worst,0.924399332726261
0.1,10.0,deeponet_stress,stress,jacobi,complement,best,0.023462706659146036
0.1,10.0,deeponet_stress,stress,jacobi,complement,frac_above_1,0.0
0.1,10.0,deeponet_stress,stress,jacobi,complement,mean_squared_ratio,0.5914617964436928
0.1,10.0,deeponet_stress,stress,gs,full,n,23
0.1,10.0,deeponet_stress,stress,gs,full,mean,0.6455214225306697
0.1,10.0,deeponet_stress,stress,gs,full,median,0.6762122006243909
0.1,10.0,deeponet_stress,stress,gs,full,p95,0.8258971272413319
0.1,10.0,deeponet_stress,stress,gs,full,p99,0.8289728673652735
0.1,10.0,deeponet_stress,stress,gs,full,worst,0.8289728673652738
0.1,10.0,deeponet_stress,stress,gs,full,best,0.3744136322018742
0.1,10.0,deeponet_stress,stress,gs,full,frac_above_1,0.0
0.1,10.0,deeponet_stress,stress,gs,full,mean_squared_ratio,0.4383257157181606
0.1,10.0,deeponet_stress,stress,gs,complement,n,23
0.1,10.0,deeponet_stress,stress,gs,complement,mean,0.589067304546912
0.1,10.0,deeponet_stress,stress,gs,complement,median,0.6749176753633418
0.1,10.0,deeponet_stress,stress,gs,complement,p95,0.8244220796695927
0.1,10.0,deeponet_stress,stress,gs,complement,p99,0.8274022245384883
0.1,10.0,deeponet_stress,stress,gs,complement,worst,0.8274022245384886
0.1,10.0,deeponet_stress,stress,gs,complement,best,0.27279914974931885
0.1,10.0,deeponet_stress,stress,gs,complement,frac_above_1,0.0
0.1,10.0,deeponet_stress,stress,gs,complement,mean_squared_ratio,0.390733539952722
0.1,10.0,deeponet_stress,stress,sgs_ssor,full,n,23
0.1,10.0,deeponet_stress,stress,sgs_ssor,full,mean,0.48277753968629006
0.1,10.0,deeponet_stress,stress,sgs_ssor,full,median,0.48735878625010215
0.1,10.0,deeponet_stress,stress,sgs_ssor,full,p95,0.705549504559699
0.1,10.0,deeponet_stress,stress,sgs_ssor,full,p99,0.7101413153768743
0.1,10.0,deeponet_stress,stress,sgs_ssor,full,worst,0.7101413153768745
0.1,10.0,deeponet_stress,stress,sgs_ssor,full,best,0.19095460785741475
0.1,10.0,deeponet_stress,stress,sgs_ssor,full,frac_above_1,0.0
0.1,10.0,deeponet_stress,stress,sgs_ssor,full,mean_squared_ratio,0.2615352964376951
0.1,10.0,deeponet_stress,stress,sgs_ssor,complement,n,23
0.1,10.0,deeponet_stress,stress,sgs_ssor,complement,mean,0.4634313743899712
0.1,10.0,deeponet_stress,stress,sgs_ssor,complement,median,0.4864804312919579
0.1,10.0,deeponet_stress,stress,sgs_ssor,complement,p95,0.7032406413659845
0.1,10.0,deeponet_stress,stress,sgs_ssor,complement,p99,0.7076384914450461
0.1,10.0,deeponet_stress,stress,sgs_ssor,complement,worst,0.7076384914450461
0.1,10.0,deeponet_stress,stress,sgs_ssor,complement,best,0.16098325893392115
0.1,10.0,deeponet_stress,stress,sgs_ssor,complement,frac_above_1,0.0
0.1,10.0,deeponet_stress,stress,sgs_ssor,complement,mean_squared_ratio,0.2498213098773377
0.1,10.0,deeponet_stress,stress,deeponet_scale,full,n,23
0.1,10.0,deeponet_stress,stress,deeponet_scale,full,mean,0.6832861199416576
0.1,10.0,deeponet_stress,stress,deeponet_scale,full,median,0.7834882074167463
0.1,10.0,deeponet_stress,stress,deeponet_scale,full,p95,0.9669261787528658
0.1,10.0,deeponet_stress,stress,deeponet_scale,full,p99,0.9867651730954391
0.1,10.0,deeponet_stress,stress,deeponet_scale,full,worst,0.9918183981626865
0.1,10.0,deeponet_stress,stress,deeponet_scale,full,best,0.21397765413942454
0.1,10.0,deeponet_stress,stress,deeponet_scale,full,frac_above_1,0.0
0.1,10.0,deeponet_stress,stress,deeponet_scale,full,mean_squared_ratio,0.5284042850349148
0.1,10.0,deeponet_stress,stress,deeponet_scale,complement,n,23
0.1,10.0,deeponet_stress,stress,deeponet_scale,complement,mean,0.6317279483382691
0.1,10.0,deeponet_stress,stress,deeponet_scale,complement,median,0.7695370521133144
0.1,10.0,deeponet_stress,stress,deeponet_scale,complement,p95,0.9388619699162903
0.1,10.0,deeponet_stress,stress,deeponet_scale,complement,p99,0.9500072742010378
0.1,10.0,deeponet_stress,stress,deeponet_scale,complement,worst,0.9527661356202578
0.1,10.0,deeponet_stress,stress,deeponet_scale,complement,best,0.1508495892615066
0.1,10.0,deeponet_stress,stress,deeponet_scale,complement,frac_above_1,0.0
0.1,10.0,deeponet_stress,stress,deeponet_scale,complement,mean_squared_ratio,0.48158315884720443
0.1,10.0,vcycle,-,learned,stationary,mean_rate,0.9403015030759488
0.1,10.0,vcycle,-,learned,stationary,worst_rate,0.9447117672823476
0.1,10.0,vcycle,-,learned,stationary,mean_iterations,30.0
0.1,10.0,vcycle,-,learned,stationary,seconds_per_rhs,0.6693031250033528
0.01,100.0,classical_families,gaussian,jacobi,full,n,24
0.01,100.0,classical_families,gaussian,jacobi,full,mean,0.5358138485707247
0.01,100.0,classical_families,gaussian,jacobi,full,median,0.5354895593296396
0.01,100.0,classical_families,gaussian,jacobi,full,p95,0.5600363710198298
0.01,100.0,classical_families,gaussian,jacobi,full,p99,0.569204782925474
0.01,100.0,classical_families,gaussian,jacobi,full,worst,0.5714293475119866
0.01,100.0,classical_families,gaussian,jacobi,full,best,0.5101385447588519
0.01,100.0,classical_families,gaussian,jacobi,full,frac_above_1,0.0
0.01,100.0,classical_families,gaussian,jacobi,full,mean_squared_ratio,0.2873211192589678
0.01,100.0,classical_families,gaussian,jacobi,complement,n,24
0.01,100.0,classical_families,gaussian,jacobi,complement,mean,0.4865308058138918
0.01,100.0,classical_families,gaussian,jacobi,complement,median,0.48707984804109955
0.01,100.0,classical_families,gaussian,jacobi,complement,p95,0.5100931602020733
0.01,100.0,classical_families,gaussian,jacobi,complement,p99,0.5202350096731388
0.01,100.0,classical_families,gaussian,jacobi,complement,worst,0.5231064532866612
0.01,100.0,classical_families,gaussian,jacobi,complement,best,0.4552323170937363
0.01,100.0,classical_families,gaussian,jacobi,complement,frac_above_1,0.0
0.01,100.0,classical_families,gaussian,jacobi,complement,mean_squared_ratio,0.2369798551046237
0.01,100.0,classical_families,gaussian,gs,full,n,24
0.01,100.0,classical_families,gaussian,gs,full,mean,0.43986093822871847
0.01,100.0,classical_families,gaussian,gs,full,median,0.4393551208139109
0.01,100.0,classical_families,gaussian,gs,full,p95,0.44926019758625696
0.01,100.0,classical_families,gaussian,gs,full,p99,0.45324111720689947
0.01,100.0,classical_families,gaussian,gs,full,worst,0.4543578257877155
0.01,100.0,classical_families,gaussian,gs,full,best,0.4258696632366851
0.01,100.0,classical_families,gaussian,gs,full,frac_above_1,0.0
0.01,100.0,classical_families,gaussian,gs,full,mean_squared_ratio,0.19351563909807365
0.01,100.0,classical_families,gaussian,gs,complement,n,24
0.01,100.0,classical_families,gaussian,gs,complement,mean,0.36160270470859973
0.01,100.0,classical_families,gaussian,gs,complement,median,0.36126900759838626
0.01,100.0,classical_families,gaussian,gs,complement,p95,0.37371371119894103
0.01,100.0,classical_families,gaussian,gs,complement,p99,0.37813809792384423
0.01,100.0,classical_families,gaussian,gs,complement,worst,0.3792842803181354
0.01,100.0,classical_families,gaussian,gs,complement,best,0.34784407624475444
0.01,100.0,classical_families,gaussian,gs,complement,frac_above_1,0.0
0.01,100.0,classical_families,gaussian,gs,complement,mean_squared_ratio,0.13081902318261404
0.01,100.0,classical_families,gaussian,sgs_ssor,full,n,24
0.01,100.0,classical_families,gaussian,sgs_ssor,full,mean,0.2503439081367553
0.01,100.0,classical_families,gaussian,sgs_ssor,full,median,0.2501552222299422
0.01,100.0,classical_families,gaussian,sgs_ssor,full,p95,0.2588226746495614
0.01,100.0,classical_families,gaussian,sgs_ssor,full,p99,0.2599979636246928
0.01,100.0,classical_families,gaussian,sgs_ssor,full,worst,0.260277107516735
0.01,100.0,classical_families,gaussian,sgs_ssor,full,best,0.2370667352860124
0.01,100.0,classical_families,gaussian,sgs_ssor,full,frac_above_1,0.0
0.01,100.0,classical_families,gaussian,sgs_ssor,full,mean_squared_ratio,0.0626974856001062
0.01,100.0,classical_families,gaussian,sgs_ssor,complement,n,24
0.01,100.0,classical_families,gaussian,sgs_ssor,complement,mean,0.23066679013367075
0.01,100.0,classical_families,gaussian,sgs_ssor,complement,median,0.22993382064638584
0.01,100.0,classical_families,gaussian,sgs_ssor,complement,p95,0.23921712793501929
0.01,100.0,classical_families,gaussian,sgs_ssor,complement,p99,0.23981177965395462
0.01,100.0,classical_families,gaussian,sgs_ssor,complement,worst,0.23986166350419288
0.01,100.0,classical_families,gaussian,sgs_ssor,complement,best,0.22010922227706467
0.01,100.0,classical_families,gaussian,sgs_ssor,complement,frac_above_1,0.0
0.01,100.0,classical_families,gaussian,sgs_ssor,complement,mean_squared_ratio,0.05322727511600719
0.01,100.0,classical_families,fourier,jacobi,full,n,24
0.01,100.0,classical_families,fourier,jacobi,full,mean,0.4730128577361586
0.01,100.0,classical_families,fourier,jacobi,full,median,0.47894668772691595
0.01,100.0,classical_families,fourier,jacobi,full,p95,0.6637995451304081
0.01,100.0,classical_families,fourier,jacobi,full,p99,0.6983415588408308
0.01,100.0,classical_families,fourier,jacobi,full,worst,0.7066750443036889
0.01,100.0,classical_families,fourier,jacobi,full,best,0.2924614475788505
0.01,100.0,classical_families,fourier,jacobi,full,frac_above_1,0.0
0.01,100.0,classical_families,fourier,jacobi,full,mean_squared_ratio,0.24111907988091666
0.01,100.0,classical_families,fourier,jacobi,complement,n,24
0.01,100.0,classical_families,fourier,jacobi,complement,mean,0.4255920103049336
0.01,100.0,classical_families,fourier,jacobi,complement,median,0.43090060722923196
0.01,100.0,classical_families,fourier,jacobi,complement,p95,0.5916891496061878
0.01,100.0,classical_families,fourier,jacobi,complement,p99,0.6722264539281236
0.01,100.0,classical_families,fourier,jacobi,complement,worst,0.6960703797513268
0.01,100.0,classical_families,fourier,jacobi,complement,best,0.1588790682468312
0.01,100.0,classical_families,fourier,jacobi,complement,frac_above_1,0.0
0.01,100.0,classical_families,fourier,jacobi,complement,mean_squared_ratio,0.199731251694075
0.01,100.0,classical_families,fourier,gs,full,n,24
0.01,100.0,classical_families,fourier,gs,full,mean,0.42365266415177666
0.01,100.0,classical_families,fourier,gs,full,median,0.43781455858395635
0.01,100.0,classical_families,fourier,gs,full,p95,0.5090168844382713
0.01,100.0,classical_families,fourier,gs,full,p99,0.5439731072471925
0.01,100.0,classical_families,fourier,gs,full,worst,0.5539189753985861
0.01,100.0,classical_families,fourier,gs,full,best,0.23996707674974668
0.01,100.0,classical_families,fourier,gs,full,frac_above_1,0.0
0.01,100.0,classical_families,fourier,gs,full,mean_squared_ratio,0.1844954835398107
0.01,100.0,classical_families,fourier,gs,complement,n,24
0.01,100.0,classical_families,fourier,gs,complement,mean,0.3386189870867384
0.01,100.0,classical_families,fourier,gs,complement,median,0.33545157600551606
0.01,100.0,classical_families,fourier,gs,complement,p95,0.4931039593075207
0.01,100.0,classical_families,fourier,gs,complement,p99,0.5234291254276172
0.01,100.0,classical_families,fourier,gs,complement,worst,0.5288842189886682
0.01,100.0,classical_families,fourier,gs,complement,best,0.17843451874539482
0.01,100.0,classical_families,fourier,gs,complement,frac_above_1,0.0
0.01,100.0,classical_families,fourier,gs,complement,mean_squared_ratio,0.1207097030464301
0.01,100.0,classical_families,fourier,sgs_ssor,full,n,24
0.01,100.0,classical_families,fourier,sgs_ssor,full,mean,0.24067159218410086
0.01,100.0,classical_families,fourier,sgs_ssor,full,median,0.24860045496262945
0.01,100.0,classical_families,fourier,sgs_ssor,full,p95,0.3234017228459597
0.01,100.0,classical_families,fourier,sgs_ssor,full,p99,0.332551325117353
0.01,100.0,classical_families,fourier,sgs_ssor,full,worst,0.3345832483328352
0.01,100.0,classical_families,fourier,sgs_ssor,full,best,0.11470488325678506
0.01,100.0,classical_families,fourier,sgs_ssor,full,frac_above_1,0.0
0.01,100.0,classical_families,fourier,sgs_ssor,full,mean_squared_ratio,0.060722506057409587
0.01,100.0,classical_families,fourier,sgs_ssor,complement,n,24
0.01,100.0,classical_families,fourier,sgs_ssor,complement,mean,0.22239899689147316
0.01,100.0,classical_families,fourier,sgs_ssor,complement,median,0.23056366184514393
0.01,100.0,classical_families,fourier,sgs_ssor,complement,p95,0.31339231677540325
0.01,100.0,classical_families,fourier,sgs_ssor,complement,p99,0.3178333161384153
0.01,100.0,classical_families,fourier,sgs_ssor,complement,worst,0.31880274180225054
0.01,100.0,classical_families,fourier,sgs_ssor,complement,best,0.10860913535571017
0.01,100.0,classical_families,fourier,sgs_ssor,complement,frac_above_1,0.0
0.01,100.0,classical_families,fourier,sgs_ssor,complement,mean_squared_ratio,0.052208492863808
0.01,100.0,classical_families,weak,jacobi,full,n,24
0.01,100.0,classical_families,weak,jacobi,full,mean,0.9559198865371267
0.01,100.0,classical_families,weak,jacobi,full,median,0.9774963605238824
0.01,100.0,classical_families,weak,jacobi,full,p95,0.9861123069159464
0.01,100.0,classical_families,weak,jacobi,full,p99,0.9861276989568611
0.01,100.0,classical_families,weak,jacobi,full,worst,0.986132296579472
0.01,100.0,classical_families,weak,jacobi,full,best,0.8186757861321995
0.01,100.0,classical_families,weak,jacobi,full,frac_above_1,0.0
0.01,100.0,classical_families,weak,jacobi,full,mean_squared_ratio,0.9158341996978866
0.01,100.0,classical_families,weak,jacobi,complement,n,24
0.01,100.0,classical_families,weak,jacobi,complement,mean,0.9556963086489892
0.01,100.0,classical_families,weak,jacobi,complement,median,0.97749194274913
0.01,100.0,classical_families,weak,jacobi,complement,p95,0.9861123048646765
0.01,100.0,classical_families,weak,jacobi,complement,p99,0.9861276984850689
0.01,100.0,classical_families,weak,jacobi,complement,worst,0.9861322965794717
0.01,100.0,classical_families,weak,jacobi,complement,best,0.815431825880722
0.01,100.0,classical_families,weak,jacobi,complement,frac_above_1,0.0
0.01,100.0,classical_families,weak,jacobi,complement,mean_squared_ratio,0.915460868619144
0.01,100.0,classical_families,weak,gs,full,n,24
0.01,100.0,classical_families,weak,gs,full,mean,0.903810696155717
0.01,100.0,classical_families,weak,gs,full,median,0.9432169084601373
0.01,100.0,classical_families,weak,gs,full,p95,0.9632594751891278
0.01,100.0,classical_families,weak,gs,full,p99,0.9636790061880831
0.01,100.0,classical_families,weak,gs,full,worst,0.963803706542138
0.01,100.0,classical_families,weak,gs,full,best,0.6947442017027325
0.01,100.0,classical_families,weak,gs,full,frac_above_1,0.0
0.01,100.0,classical_families,weak,gs,full,mean_squared_ratio,0.8235580922502309
0.01,100.0,classical_families,weak,gs,complement,n,24
0.01,100.0,classical_families,weak,gs,complement,mean,0.9033528109411235
0.01,100.0,classical_families,weak,gs,complement,median,0.9431367197449745
0.01,100.0,classical_families,weak,gs,complement,p95,0.9632171311846188
0.01,100.0,classical_families,weak,gs,complement,p99,0.9636403867024741
0.01,100.0,classical_families,weak,gs,complement,worst,0.9637667376525533
0.01,100.0,classical_families,weak,gs,complement,best,0.6927913845027295
0.01,100.0,classical_families,weak,gs,complement,frac_above_1,0.0
0.01,100.0,classical_families,weak,gs,complement,mean_squared_ratio,0.8228656652121161
0.01,100.0,classical_families,weak,sgs_ssor,full,n,24
0.01,100.0,classical_families,weak,sgs_ssor,full,mean,0.8273029620809366
0.01,100.0,classical_families,weak,sgs_ssor,full,median,0.8915860922621833
0.01,100.0,classical_families,weak,sgs_ssor,full,p95,0.9291664339450383
0.01,100.0,classical_families,weak,sgs_ssor,full,p99,0.9300996328003324
0.01,100.0,classical_families,weak,sgs_ssor,full,worst,0.9303766233842875
0.01,100.0,classical_families,weak,sgs_ssor,full,best,0.49453190912875
0.01,100.0,classical_families,weak,sgs_ssor,full,frac_above_1,0.0
0.01,100.0,classical_families,weak,sgs_ssor,full,mean_squared_ratio,0.7026593766381101
0.01,100.0,classical_families,weak,sgs_ssor,complement,n,24
0.01,100.0,classical_families,weak,sgs_ssor,complement,mean,0.8266889389288234
0.01,100.0,classical_families,weak,sgs_ssor,complement,median,0.8914868459586853
0.01,100.0,classical_families,weak,sgs_ssor,complement,p95,0.9291434030515031
0.01,100.0,classical_families,weak,sgs_ssor,complement,p99,0.9300619746555219
0.01,100.0,classical_families,weak,sgs_ssor,complement,worst,0.9303348199877514
0.01,100.0,classical_families,weak,sgs_ssor,complement,best,0.4911559135466921
0.01,100.0,classical_families,weak,sgs_ssor,complement,frac_above_1,0.0
0.01,100.0,classical_families,weak,sgs_ssor,complement,mean_squared_ratio,0.7019208143918529
0.01,100.0,classical_families,survivor,jacobi,full,n,24
0.01,100.0,classical_families,survivor,jacobi,full,mean,0.8575121639852487
0.01,100.0,classical_families,survivor,jacobi,full,median,0.8866064399793918
0.01,100.0,classical_families,survivor,jacobi,full,p95,0.9626150004097743
0.01,100.0,classical_families,survivor,jacobi,full,p99,0.9693216434028774
0.01,100.0,classical_families,survivor,jacobi,full,worst,0.9710158599429402
0.01,100.0,classical_families,survivor,jacobi,full,best,0.6650077487661153
0.01,100.0,classical_families,survivor,jacobi,full,frac_above_1,0.0
0.01,100.0,classical_families,survivor,jacobi,full,mean_squared_ratio,0.744823575914225
0.01,100.0,classical_families,survivor,jacobi,complement,n,24
0.01,100.0,classical_families,survivor,jacobi,complement,mean,0.8388790930240143
0.01,100.0,classical_families,survivor,jacobi,complement,median,0.8723967312976524
0.01,100.0,classical_families,survivor,jacobi,complement,p95,0.9622318096712905
0.01,100.0,classical_families,survivor,jacobi,complement,p99,0.9682786206049543
0.01,100.0,classical_families,survivor,jacobi,complement,worst,0.9697774394690114
0.01,100.0,classical_families,survivor,jacobi,complement,best,0.6305524539237841
0.01,100.0,classical_families,survivor,jacobi,complement,frac_above_1,0.0
0.01,100.0,classical_families,survivor,jacobi,complement,mean_squared_ratio,0.7157888549711631
0.01,100.0,classical_families,survivor,gs,full,n,24
0.01,100.0,classical_families,survivor,gs,full,mean,0.688381785718473
0.01,100.0,classical_families,survivor,gs,full,median,0.5791413278481239
0.01,100.0,classical_families,survivor,gs,full,p95,0.9196267529089108
0.01,100.0,classical_families,survivor,gs,full,p99,0.9406756782614638
0.01,100.0,classical_families,survivor,gs,full,worst,0.9462727841133923
0.01,100.0,classical_families,survivor,gs,full,best,0.5220495430230161
0.01,100.0,classical_families,survivor,gs,full,frac_above_1,0.0
0.01,100.0,classical_families,survivor,gs,full,mean_squared_ratio,0.5027394485787854
0.01,100.0,classical_families,survivor,gs,complement,n,24
0.01,100.0,classical_families,survivor,gs,complement,mean,0.6610275491461746
0.01,100.0,classical_families,survivor,gs,complement,median,0.5314683597135319
0.01,100.0,classical_families,survivor,gs,complement,p95,0.9188993785042948
0.01,100.0,classical_families,survivor,gs,complement,p99,0.9387917010248339
0.01,100.0,classical_families,survivor,gs,complement,worst,0.9440407897453272
0.01,100.0,classical_families,survivor,gs,complement,best,0.46034384752723895
0.01,100.0,classical_families,survivor,gs,complement,frac_above_1,0.0
0.01,100.0,classical_families,survivor,gs,complement,mean_squared_ratio,0.4723734910627801
0.01,100.0,classical_families,survivor,sgs_ssor,full,n,24
0.01,100.0,classical_families,survivor,sgs_ssor,full,mean,0.5496360611897022
0.01,100.0,classical_families,survivor,sgs_ssor,full,median,0.4060361268158852
0.01,100.0,classical_families,survivor,sgs_ssor,full,p95,0.8607673258076045
0.01,100.0,classical_families,survivor,sgs_ssor,full,p99,0.8946484240408614
0.01,100.0,classical_families,survivor,sgs_ssor,full,worst,0.9039830009419872
0.01,100.0,classical_families,survivor,sgs_ssor,full,best,0.3205484007826634
0.01,100.0,classical_families,survivor,sgs_ssor,full,frac_above_1,0.0
0.01,100.0,classical_families,survivor,sgs_ssor,full,mean_squared_ratio,0.35345214324397306
0.01,100.0,classical_families,survivor,sgs_ssor,complement,n,24
0.01,100.0,classical_families,survivor,sgs_ssor,complement,mean,0.5400473752176798
0.01,100.0,classical_families,survivor,sgs_ssor,complement,median,0.3996543596655389
0.01,100.0,classical_families,survivor,sgs_ssor,complement,p95,0.8598790892404229
0.01,100.0,classical_families,survivor,sgs_ssor,complement,p99,0.8938504995724503
0.01,100.0,classical_families,survivor,sgs_ssor,complement,worst,0.9030933238400358
0.01,100.0,classical_families,survivor,sgs_ssor,complement,best,0.3042005882835351
0.01,100.0,classical_families,survivor,sgs_ssor,complement,frac_above_1,0.0
0.01,100.0,classical_families,survivor,sgs_ssor,complement,mean_squared_ratio,0.3460193844400881
0.01,100.0,deeponet_families,gaussian,jacobi,full,n,24
0.01,100.0,deeponet_families,gaussian,jacobi,full,mean,0.5358138485707247
0.01,100.0,deeponet_families,gaussian,jacobi,full,median,0.5354895593296396
0.01,100.0,deeponet_families,gaussian,jacobi,full,p95,0.5600363710198298
0.01,100.0,deeponet_families,gaussian,jacobi,full,p99,0.569204782925474
0.01,100.0,deeponet_families,gaussian,jacobi,full,worst,0.5714293475119866
0.01,100.0,deeponet_families,gaussian,jacobi,full,best,0.5101385447588519
0.01,100.0,deeponet_families,gaussian,jacobi,full,frac_above_1,0.0
0.01,100.0,deeponet_families,gaussian,jacobi,full,mean_squared_ratio,0.2873211192589678
0.01,100.0,deeponet_families,gaussian,jacobi,complement,n,24
0.01,100.0,deeponet_families,gaussian,jacobi,complement,mean,0.4865308058138918
0.01,100.0,deeponet_families,gaussian,jacobi,complement,median,0.48707984804109955
0.01,100.0,deeponet_families,gaussian,jacobi,complement,p95,0.5100931602020733
0.01,100.0,deeponet_families,gaussian,jacobi,complement,p99,0.5202350096731388
0.01,100.0,deeponet_families,gaussian,jacobi,complement,worst,0.5231064532866612
0.01,100.0,deeponet_families,gaussian,jacobi,complement,best,0.4552323170937363
0.01,100.0,deeponet_families,gaussian,jacobi,complement,frac_above_1,0.0
0.01,100.0,deeponet_families,gaussian,jacobi,complement,mean_squared_ratio,0.2369798551046237
0.01,100.0,deeponet_families,gaussian,gs,full,n,24
0.01,100.0,deeponet_families,gaussian,gs,full,mean,0.43986093822871847
0.01,100.0,deeponet_families,gaussian,gs,full,median,0.4393551208139109
0.01,100.0,deeponet_families,gaussian,gs,full,p95,0.44926019758625696
0.01,100.0,deeponet_families,gaussian,gs,full,p99,0.45324111720689947
0.01,100.0,deeponet_families,gaussian,gs,full,worst,0.4543578257877155
0.01,100.0,deeponet_families,gaussian,gs,full,best,0.4258696632366851
0.01,100.0,deeponet_families,gaussian,gs,full,frac_above_1,0.0
0.01,100.0,deeponet_families,gaussian,gs,full,mean_squared_ratio,0.19351563909807365
0.01,100.0,deeponet_families,gaussian,gs,complement,n,24
0.01,100.0,deeponet_families,gaussian,gs,complement,mean,0.36160270470859973
0.01,100.0,deeponet_families,gaussian,gs,complement,median,0.36126900759838626
0.01,100.0,deeponet_families,gaussian,gs,complement,p95,0.37371371119894103
0.01,100.0,deeponet_families,gaussian,gs,complement,p99,0.37813809792384423
0.01,100.0,deeponet_families,gaussian,gs,complement,worst,0.3792842803181354
0.01,100.0,deeponet_families,gaussian,gs,complement,best,0.34784407624475444
0.01,100.0,deeponet_families,gaussian,gs,complement,frac_above_1,0.0
0.01,100.0,deeponet_families,gaussian,gs,complement,mean_squared_ratio,0.13081902318261404
0.01,100.0,deeponet_families,gaussian,sgs_ssor,full,n,24
0.01,100.0,deeponet_families,gaussian,sgs_ssor,full,mean,0.2503439081367553
0.01,100.0,deeponet_families,gaussian,sgs_ssor,full,median,0.2501552222299422
0.01,100.0,deeponet_families,gaussian,sgs_ssor,full,p95,0.2588226746495614
0.01,100.0,deeponet_families,gaussian,sgs_ssor,full,p99,0.2599979636246928
0.01,100.0,deeponet_families,gaussian,sgs_ssor,full,worst,0.260277107516735
0.01,100.0,deeponet_families,gaussian,sgs_ssor,full,best,0.2370667352860124
0.01,100.0,deeponet_families,gaussian,sgs_ssor,full,frac_above_1,0.0
0.01,100.0,deeponet_families,gaussian,sgs_ssor,full,mean_squared_ratio,0.0626974856001062
0.01,100.0,deeponet_families,gaussian,sgs_ssor,complement,n,24
0.01,100.0,deeponet_families,gaussian,sgs_ssor,complement,mean,0.23066679013367075
0.01,100.0,deeponet_families,gaussian,sgs_ssor,complement,median,0.22993382064638584
0.01,100.0,deeponet_families,gaussian,sgs_ssor,complement,p95,0.23921712793501929
0.01,100.0,deeponet_families,gaussian,sgs_ssor,complement,p99,0.23981177965395462
0.01,100.0,deeponet_families,gaussian,sgs_ssor,complement,worst,0.23986166350419288
0.01,100.0,deeponet_families,gaussian,sgs_ssor,complement,best,0.22010922227706467
0.01,100.0,deeponet_families,gaussian,sgs_ssor,complement,frac_above_1,0.0
0.01,100.0,deeponet_families,gaussian,sgs_ssor,complement,mean_squared_ratio,0.05322727511600719
0.01,100.0,deeponet_families,gaussian,deeponet_scale,full,n,24
0.01,100.0,deeponet_families,gaussian,deeponet_scale,full,mean,0.4384953060186816
0.01,100.0,deeponet_families,gaussian,deeponet_scale,full,median,0.43501379538016105
0.01,100.0,deeponet_families,gaussian,deeponet_scale,full,p95,0.46771857827983687
0.01,100.0,deeponet_families,gaussian,deeponet_scale,full,p99,0.47596647967893196
0.01,100.0,deeponet_families,gaussian,deeponet_scale,full,worst,0.4776791374254557
0.01,100.0,deeponet_families,gaussian,deeponet_scale,full,best,0.40553703552516457
0.01,100.0,deeponet_families,gaussian,deeponet_scale,full,frac_above_1,0.0
0.01,100.0,deeponet_families,gaussian,deeponet_scale,full,mean_squared_ratio,0.19250669546643637
0.01,100.0,deeponet_families,gaussian,deeponet_scale,complement,n,24
0.01,100.0,deeponet_families,gaussian,deeponet_scale,complement,mean,0.40158623895522894
0.01,100.0,deeponet_families,gaussian,deeponet_scale,complement,median,0.4021020764570753
0.01,100.0,deeponet_families,gaussian,deeponet_scale,complement,p95,0.42145524359817105
0.01,100.0,deeponet_families,gaussian,deeponet_scale,complement,p99,0.42627288888682746
0.01,100.0,deeponet_families,gaussian,deeponet_scale,complement,worst,0.4276578651263435
0.01,100.0,deeponet_families,gaussian,deeponet_scale,complement,best,0.369826345986028
0.01,100.0,deeponet_families,gaussian,deeponet_scale,complement,frac_above_1,0.0
0.01,100.0,deeponet_families,gaussian,deeponet_scale,complement,mean_squared_ratio,0.16145320775360128
0.01,100.0,deeponet_families,fourier,jacobi,full,n,24
0.01,100.0,deeponet_families,fourier,jacobi,full,mean,0.4730128577361586
0.01,100.0,deeponet_families,fourier,jacobi,full,median,0.47894668772691595
0.01,100.0,deeponet_families,fourier,jacobi,full,p95,0.6637995451304081
0.01,100.0,deeponet_families,fourier,jacobi,full,p99,0.6983415588408308
0.01,100.0,deeponet_families,fourier,jacobi,full,worst,0.7066750443036889
0.01,100.0,deeponet_families,fourier,jacobi,full,best,0.2924614475788505
0.01,100.0,deeponet_families,fourier,jacobi,full,frac_above_1,0.0
0.01,100.0,deeponet_families,fourier,jacobi,full,mean_squared_ratio,0.24111907988091666
0.01,100.0,deeponet_families,fourier,jacobi,complement,n,24
0.01,100.0,deeponet_families,fourier,jacobi,complement,mean,0.4255920103049336
0.01,100.0,deeponet_families,fourier,jacobi,complement,median,0.43090060722923196
0.01,100.0,deeponet_families,fourier,jacobi,complement,p95,0.5916891496061878
0.01,100.0,deeponet_families,fourier,jacobi,complement,p99,0.6722264539281236
0.01,100.0,deeponet_families,fourier,jacobi,complement,worst,0.6960703797513268
0.01,100.0,deeponet_families,fourier,jacobi,complement,best,0.1588790682468312
0.01,100.0,deeponet_families,fourier,jacobi,complement,frac_above_1,0.0
0.01,100.0,deeponet_families,fourier,jacobi,complement,mean_squared_ratio,0.199731251694075
0.01,100.0,deeponet_families,fourier,gs,full,n,24
0.01,100.0,deeponet_families,fourier,gs,full,mean,0.42365266415177666
0.01,100.0,deeponet_families,fourier,gs,full,median,0.43781455858395635
0.01,100.0,deeponet_families,fourier,gs,full,p95,0.5090168844382713
0.01,100.0,deeponet_families,fourier,gs,full,p99,0.5439731072471925
0.01,100.0,deeponet_families,fourier,gs,full,worst,0.5539189753985861
0.01,100.0,deeponet_families,fourier,gs,full,best,0.23996707674974668
0.01,100.0,deeponet_families,fourier,gs,full,frac_above_1,0.0
0.01,100.0,deeponet_families,fourier,gs,full,mean_squared_ratio,0.1844954835398107
0.01,100.0,deeponet_families,fourier,gs,complement,n,24
0.01,100.0,deeponet_families,fourier,gs,complement,mean,0.3386189870867384
0.01,100.0,deeponet_families,fourier,gs,complement,median,0.33545157600551606
0.01,100.0,deeponet_families,fourier,gs,complement,p95,0.4931039593075207
0.01,100.0,deeponet_families,fourier,gs,complement,p99,0.5234291254276172
0.01,100.0,deeponet_families,fourier,gs,complement,worst,0.5288842189886682
0.01,100.0,deeponet_families,fourier,gs,complement,best,0.17843451874539482
0.01,100.0,deeponet_families,fourier,gs,complement,frac_above_1,0.0
0.01,100.0,deeponet_families,fourier,gs,complement,mean_squared_ratio,0.1207097030464301
0.01,100.0,deeponet_families,fourier,sgs_ssor,full,n,24
0.01,100.0,deeponet_families,fourier,sgs_ssor,full,mean,0.24067159218410086
0.01,100.0,deeponet_families,fourier,sgs_ssor,full,median,0.24860045496262945
0.01,100.0,deeponet_families,fourier,sgs_ssor,full,p95,0.3234017228459597
0.01,100.0,deeponet_families,fourier,sgs_ssor,full,p99,0.332551325117353
0.01,100.0,deeponet_families,fourier,sgs_ssor,full,worst,0.3345832483328352
0.01,100.0,deeponet_families,fourier,sgs_ssor,full,best,0.11470488325678506
0.01,100.0,deeponet_families,fourier,sgs_ssor,full,frac_above_1,0.0
0.01,100.0,deeponet_families,fourier,sgs_ssor,full,mean_squared_ratio,0.060722506057409587
0.01,100.0,deeponet_families,fourier,sgs_ssor,complement,n,24
0.01,100.0,deeponet_families,fourier,sgs_ssor,complement,mean,0.22239899689147316
0.01,100.0,deeponet_families,fourier,sgs_ssor,complement,median,0.23056366184514393
0.01,100.0,deeponet_families,fourier,sgs_ssor,complement,p95,0.31339231677540325
0.01,100.0,deeponet_families,fourier,sgs_ssor,complement,p99,0.3178333161384153
0.01,100.0,deeponet_families,fourier,sgs_ssor,complement,worst,0.31880274180225054
0.01,100.0,deeponet_families,fourier,sgs_ssor,complement,best,0.10860913535571017
0.01,100.0,deeponet_families,fourier,sgs_ssor,complement,frac_above_1,0.0
0.01,100.0,deeponet_families,fourier,sgs_ssor,complement,mean_squared_ratio,0.052208492863808
0.01,100.0,deeponet_families,fourier,deeponet_scale,full,n,24
0.01,100.0,deeponet_families,fourier,deeponet_scale,full,mean,0.4713721834195073
0.01,100.0,deeponet_families,fourier,deeponet_scale,full,median,0.4662079553954599
0.01,100.0,deeponet_families,fourier,deeponet_scale,full,p95,0.6961950777047592
0.01,100.0,deeponet_families,fourier,deeponet_scale,full,p99,0.7161383079129325
0.01,100.0,deeponet_families,fourier,deeponet_scale,full,worst,0.7218495796617731
0.01,100.0,deeponet_families,fourier,deeponet_scale,full,best,0.23518227832974956
0.01,100.0,deeponet_families,fourier,deeponet_scale,full,frac_above_1,0.0
0.01,100.0,deeponet_families,fourier,deeponet_scale,full,mean_squared_ratio,0.23964827648447687
0.01,100.0,deeponet_families,fourier,deeponet_scale,complement,n,24
0.01,100.0,deeponet_families,fourier,deeponet_scale,complement,mean,0.4356220537618308
0.01,100.0,deeponet_families,fourier,deeponet_scale,complement,median,0.44528260046896295
0.01,100.0,deeponet_families,fourier,deeponet_scale,complement,p95,0.6952266995119838
0.01,100.0,deeponet_families,fourier,deeponet_scale,complement,p99,0.7122712509712018
0.01,100.0,deeponet_families,fourier,deeponet_scale,complement,worst,0.7171638770657915
0.01,100.0,deeponet_families,fourier,deeponet_scale,complement,best,0.14115476176087033
0.01,100.0,deeponet_families,fourier,deeponet_scale,complement,frac_above_1,0.0
0.01,100.0,deeponet_families,fourier,deeponet_scale,complement,mean_squared_ratio,0.21517988439748237
0.01,100.0,deeponet_families,weak,jacobi,full,n,24
0.01,100.0,deeponet_families,weak,jacobi,full,mean,0.9559198865371267
0.01,100.0,deeponet_families,weak,jacobi,full,median,0.9774963605238824
0.01,100.0,deeponet_families,weak,jacobi,full,p95,0.9861123069159464
0.01,100.0,deeponet_families,weak,jacobi,full,p99,0.9861276989568611
0.01,100.0,deeponet_families,weak,jacobi,full,worst,0.986132296579472
0.01,100.0,deeponet_families,weak,jacobi,full,best,0.8186757861321995
0.01,100.0,deeponet_families,weak,jacobi,full,frac_above_1,0.0
0.01,100.0,deeponet_families,weak,jacobi,full,mean_squared_ratio,0.9158341996978866
0.01,100.0,deeponet_families,weak,jacobi,complement,n,24
0.01,100.0,deeponet_families,weak,jacobi,complement,mean,0.9556963086489892
0.01,100.0,deeponet_families,weak,jacobi,complement,median,0.97749194274913
0.01,100.0,deeponet_families,weak,jacobi,complement,p95,0.9861123048646765
0.01,100.0,deeponet_families,weak,jacobi,complement,p99,0.9861276984850689
0.01,100.0,deeponet_families,weak,jacobi,complement,worst,0.9861322965794717
0.01,100.0,deeponet_families,weak,jacobi,complement,best,0.815431825880722
0.01,100.0,deeponet_families,weak,jacobi,complement,frac_above_1,0.0
0.01,100.0,deeponet_families,weak,jacobi,complement,mean_squared_ratio,0.915460868619144
0.01,100.0,deeponet_families,weak,gs,full,n,24
0.01,100.0,deeponet_families,weak,gs,full,mean,0.903810696155717
0.01,100.0,deeponet_families,weak,gs,full,median,0.9432169084601373
0.01,100.0,deeponet_families,weak,gs,full,p95,0.9632594751891278
0.01,100.0,deeponet_families,weak,gs,full,p99,0.9636790061880831
0.01,100.0,deeponet_families,weak,gs,full,worst,0.963803706542138
0.01,100.0,deeponet_families,weak,gs,full,best,0.6947442017027325
0.01,100.0,deeponet_families,weak,gs,full,frac_above_1,0.0
0.01,100.0,deeponet_families,weak,gs,full,mean_squared_ratio,0.8235580922502309
0.01,100.0,deeponet_families,weak,gs,complement,n,24
0.01,100.0,deeponet_families,weak,gs,complement,mean,0.9033528109411235
0.01,100.0,deeponet_families,weak,gs,complement,median,0.9431367197449745
0.01,100.0,deeponet_families,weak,gs,complement,p95,0.9632171311846188
0.01,100.0,deeponet_families,weak,gs,complement,p99,0.9636403867024741
0.01,100.0,deeponet_families,weak,gs,complement,worst,0.9637667376525533
0.01,100.0,deeponet_families,weak,gs,complement,best,0.6927913845027295
0.01,100.0,deeponet_families,weak,gs,complement,frac_above_1,0.0
0.01,100.0,deeponet_families,weak,gs,complement,mean_squared_ratio,0.8228656652121161
0.01,100.0,deeponet_families,weak,sgs_ssor,full,n,24
0.01,100.0,deeponet_families,weak,sgs_ssor,full,mean,0.8273029620809366
0.01,100.0,deeponet_families,weak,sgs_ssor,full,median,0.8915860922621833
0.01,100.0,deeponet_families,weak,sgs_ssor,full,p95,0.9291664339450383
0.01,100.0,deeponet_families,weak,sgs_ssor,full,p99,0.9300996328003324
0.01,100.0,deeponet_families,weak,sgs_ssor,full,worst,0.9303766233842875
0.01,100.0,deeponet_families,weak,sgs_ssor,full,best,0.49453190912875
0.01,100.0,deeponet_families,weak,sgs_ssor,full,frac_above_1,0.0
0.01,100.0,deeponet_families,weak,sgs_ssor,full,mean_squared_ratio,0.7026593766381101
0.01,100.0,deeponet_families,weak,sgs_ssor,complement,n,24
0.01,100.0,deeponet_families,weak,sgs_ssor,complement,mean,0.8266889389288234
0.01,100.0,deeponet_families,weak,sgs_ssor,complement,median,0.8914868459586853
0.01,100.0,deeponet_families,weak,sgs_ssor,complement,p95,0.9291434030515031
0.01,100.0,deeponet_families,weak,sgs_ssor,complement,p99,0.9300619746555219
0.01,100.0,deeponet_families,weak,sgs_ssor,complement,worst,0.9303348199877514
0.01,100.0,deeponet_families,weak,sgs_ssor,complement,best,0.4911559135466921
0.01,100.0,deeponet_families,weak,sgs_ssor,complement,frac_above_1,0.0
0.01,100.0,deeponet_families,weak,sgs_ssor,complement,mean_squared_ratio,0.7019208143918529
0.01,100.0,deeponet_families,weak,deeponet_scale,full,n,24
0.01,100.0,deeponet_families,weak,deeponet_scale,full,mean,0.9325315227313368
0.01,100.0,deeponet_families,weak,deeponet_scale,full,median,0.9658792619375782
0.01,100.0,deeponet_families,weak,deeponet_scale,full,p95,0.9928314473535383
0.01,100.0,deeponet_families,weak,deeponet_scale,full,p99,0.9984312344042693
0.01,100.0,deeponet_families,weak,deeponet_scale,full,worst,0.9999596873989248
0.01,100.0,deeponet_families,weak,deeponet_scale,full,best,0.6128530014756512
0.01,100.0,deeponet_families,weak,deeponet_scale,full,frac_above_1,0.0
0.01,100.0,deeponet_families,weak,deeponet_scale,full,mean_squared_ratio,0.8798710481772382
0.01,100.0,deeponet_families,weak,deeponet_scale,complement,n,24
0.01,100.0,deeponet_families,weak,deeponet_scale,complement,mean,0.9249509831717723
0.01,100.0,deeponet_families,weak,deeponet_scale,complement,median,0.9612605086539072
0.01,100.0,deeponet_families,weak,deeponet_scale,complement,p95,0.9920768576950596
0.01,100.0,deeponet_families,weak,deeponet_scale,complement,p99,0.9973520583584136
0.01,100.0,deeponet_families,weak,deeponet_scale,complement,worst,0.9988211673990333
0.01,100.0,deeponet_families,weak,deeponet_scale,complement,best,0.5758582106866122
0.01,100.0,deeponet_families,weak,deeponet_scale,complement,frac_above_1,0.0
0.01,100.0,deeponet_families,weak,deeponet_scale,complement,mean_squared_ratio,0.8676807433296743
0.01,100.0,deeponet_families,survivor,jacobi,full,n,24
0.01,100.0,deeponet_families,survivor,jacobi,full,mean,0.8575121639852487
0.01,100.0,deeponet_families,survivor,jacobi,full,median,0.8866064399793918
0.01,100.0,deeponet_families,survivor,jacobi,full,p95,0.9626150004097743
0.01,100.0,deeponet_families,survivor,jacobi,full,p99,0.9693216434028774
0.01,100.0,deeponet_families,survivor,jacobi,full,worst,0.9710158599429402
0.01,100.0,deeponet_families,survivor,jacobi,full,best,0.6650077487661153
0.01,100.0,deeponet_families,survivor,jacobi,full,frac_above_1,0.0
0.01,100.0,deeponet_families,survivor,jacobi,full,mean_squared_ratio,0.744823575914225
0.01,100.0,deeponet_families,survivor,jacobi,complement,n,24
0.01,100.0,deeponet_families,survivor,jacobi,complement,mean,0.8388790930240143
0.01,100.0,deeponet_families,survivor,jacobi,complement,median,0.8723967312976524
0.01,100.0,deeponet_families,survivor,jacobi,complement,p95,0.9622318096712905
0.01,100.0,deeponet_families,survivor,jacobi,complement,p99,0.9682786206049543
0.01,100.0,deeponet_families,survivor,jacobi,complement,worst,0.9697774394690114
0.01,100.0,deeponet_families,survivor,jacobi,complement,best,0.6305524539237841
0.01,100.0,deeponet_families,survivor,jacobi,complement,frac_above_1,0.0
0.01,100.0,deeponet_families,survivor,jacobi,complement,mean_squared_ratio,0.7157888549711631
0.01,100.0,deeponet_families,survivor,gs,full,n,24
0.01,100.0,deeponet_families,survivor,gs,full,mean,0.688381785718473
0.01,100.0,deeponet_families,survivor,gs,full,median,0.5791413278481239
0.01,100.0,deeponet_families,survivor,gs,full,p95,0.9196267529089108
0.01,100.0,deeponet_families,survivor,gs,full,p99,0.9406756782614638
0.01,100.0,deeponet_families,survivor,gs,full,worst,0.9462727841133923
0.01,100.0,deeponet_families,survivor,gs,full,best,0.5220495430230161
0.01,100.0,deeponet_families,survivor,gs,full,frac_above_1,0.0
0.01,100.0,deeponet_families,survivor,gs,full,mean_squared_ratio,0.5027394485787854
0.01,100.0,deeponet_families,survivor,gs,complement,n,24
0.01,100.0,deeponet_families,survivor,gs,complement,mean,0.6610275491461746
0.01,100.0,deeponet_families,survivor,gs,complement,median,0.5314683597135319
0.01,100.0,deeponet_families,survivor,gs,complement,p95,0.9188993785042948
0.01,100.0,deeponet_families,survivor,gs,complement,p99,0.9387917010248339
0.01,100.0,deeponet_families,survivor,gs,complement,worst,0.9440407897453272
0.01,100.0,deeponet_families,survivor,gs,complement,best,0.46034384752723895
0.01,100.0,deeponet_families,survivor,gs,complement,frac_above_1,0.0
0.01,100.0,deeponet_families,survivor,gs,complement,mean_squared_ratio,0.4723734910627801
0.01,100.0,deeponet_families,survivor,sgs_ssor,full,n,24
0.01,100.0,deeponet_families,survivor,sgs_ssor,full,mean,0.5496360611897022
0.01,100.0,deeponet_families,survivor,sgs_ssor,full,median,0.4060361268158852
0.01,100.0,deeponet_families,survivor,sgs_ssor,full,p95,0.8607673258076045
0.01,100.0,deeponet_families,survivor,sgs_ssor,full,p99,0.8946484240408614
0.01,100.0,deeponet_families,survivor,sgs_ssor,full,worst,0.9039830009419872
0.01,100.0,deeponet_families,survivor,sgs_ssor,full,best,0.3205484007826634
0.01,100.0,deeponet_families,survivor,sgs_ssor,full,frac_above_1,0.0
0.01,100.0,deeponet_families,survivor,sgs_ssor,full,mean_squared_ratio,0.35345214324397306
0.01,100.0,deeponet_families,survivor,sgs_ssor,complement,n,24
0.01,100.0,deeponet_families,survivor,sgs_ssor,complement,mean,0.5400473752176798
0.01,100.0,deeponet_families,survivor,sgs_ssor,complement,median,0.3996543596655389
0.01,100.0,deeponet_families,survivor,sgs_ssor,complement,p95,0.8598790892404229
0.01,100.0,deeponet_families,survivor,sgs_ssor,complement,p99,0.8938504995724503
0.01,100.0,deeponet_families,survivor,sgs_ssor,complement,worst,0.9030933238400358
0.01,100.0,deeponet_families,survivor,sgs_ssor,complement,best,0.3042005882835351
0.01,100.0,deeponet_families,survivor,sgs_ssor,complement,frac_above_1,0.0
0.01,100.0,deeponet_families,survivor,sgs_ssor,complement,mean_squared_ratio,0.3460193844400881
0.01,100.0,deeponet_families,survivor,deeponet_scale,full,n,24
0.01,100.0,deeponet_families,survivor,deeponet_scale,full,mean,0.7087293101329212
0.01,100.0,deeponet_families,survivor,deeponet_scale,full,median,0.617057936941141
0.01,100.0,deeponet_families,survivor,deeponet_scale,full,p95,0.966628921664392
0.01,100.0,deeponet_families,survivor,deeponet_scale,full,p99,0.9753506573644037
0.01,100.0,deeponet_families,survivor,deeponet_scale,full,worst,0.9776971792912749
0.01,100.0,deeponet_families,survivor,deeponet_scale,full,best,0.47163319082111654
0.01,100.0,deeponet_families,survivor,deeponet_scale,full,frac_above_1,0.0
0.01,100.0,deeponet_families,survivor,deeponet_scale,full,mean_squared_ratio,0.5387457952155548
0.01,100.0,deeponet_families,survivor,deeponet_scale,complement,n,24
0.01,100.0,deeponet_families,survivor,deeponet_scale,complement,mean,0.6889422645820548
0.01,100.0,deeponet_families,survivor,deeponet_scale,complement,median,0.5975453395385175
0.01,100.0,deeponet_families,survivor,deeponet_scale,complement,p95,0.9593630332936085
0.01,100.0,deeponet_families,survivor,deeponet_scale,complement,p99,0.9653475684879614
0.01,100.0,deeponet_families,survivor,deeponet_scale,complement,worst,0.9668187408518961
0.01,100.0,deeponet_families,survivor,deeponet_scale,complement,best,0.4337974952439026
0.01,100.0,deeponet_families,survivor,deeponet_scale,complement,frac_above_1,0.0
0.01,100.0,deeponet_families,survivor,deeponet_scale,complement,mean_squared_ratio,0.5156299863824224
0.01,100.0,classical_stress,stress,jacobi,full,n,23
0.01,100.0,classical_stress,stress,jacobi,full,mean,0.8160060605034201
0.01,100.0,classical_stress,stress,jacobi,full,median,0.9176824506389119
0.01,100.0,classical_stress,stress,jacobi,full,p95,0.9861056153107386
0.01,100.0,classical_stress,stress,jacobi,full,p99,0.9861278988534958
0.01,100.0,classical_stress,stress,jacobi,full,worst,0.9861322965794712
0.01,100.0,classical_stress,stress,jacobi,full,best,0.3106456471192091
0.01,100.0,classical_stress,stress,jacobi,full,frac_above_1,0.0
0.01,100.0,classical_stress,stress,jacobi,full,mean_squared_ratio,0.715698276673334
0.01,100.0,classical_stress,stress,jacobi,complement,n,23
0.01,100.0,classical_stress,stress,jacobi,complement,mean,0.7679370262565135
0.01,100.0,classical_stress,stress,jacobi,complement,median,0.9082985915273001
0.01,100.0,classical_stress,stress,jacobi,complement,p95,0.9861056105306532
0.01,100.0,classical_stress,stress,jacobi,complement,p99,0.9861278984022157
0.01,100.0,classical_stress,stress,jacobi,complement,worst,0.9861322965794704
0.01,100.0,classical_stress,stress,jacobi,complement,best,0.022409434866082108
0.01,100.0,classical_stress,stress,jacobi,complement,frac_above_1,0.0
0.01,100.0,classical_stress,stress,jacobi,complement,mean_squared_ratio,0.6703227383792473
0.01,100.0,classical_stress,stress,gs,full,n,23
0.01,100.0,classical_stress,stress,gs,full,mean,0.7174498078330559
0.01,100.0,classical_stress,stress,gs,full,median,0.7417754320597842
0.01,100.0,classical_stress,stress,gs,full,p95,0.9638113086528609
0.01,100.0,classical_stress,stress,gs,full,p99,0.9638433681370737
0.01,100.0,classical_stress,stress,gs,full,worst,0.9638433681370737
0.01,100.0,classical_stress,stress,gs,full,best,0.3840265298198373
0.01,100.0,classical_stress,stress,gs,full,frac_above_1,0.0
0.01,100.0,classical_stress,stress,gs,full,mean_squared_ratio,0.5592790167218222
0.01,100.0,classical_stress,stress,gs,complement,n,23
0.01,100.0,classical_stress,stress,gs,complement,mean,0.6586545845076894
0.01,100.0,classical_stress,stress,gs,complement,median,0.7404926535272148
0.01,100.0,classical_stress,stress,gs,complement,p95,0.9637665286280236
0.01,100.0,classical_stress,stress,gs,complement,p99,0.9637985645380992
0.01,100.0,classical_stress,stress,gs,complement,worst,0.9637985645380993
0.01,100.0,classical_stress,stress,gs,complement,best,0.2784814493046181
0.01,100.0,classical_stress,stress,gs,complement,frac_above_1,0.0
0.01,100.0,classical_stress,stress,gs,complement,mean_squared_ratio,0.5091291276195401
0.01,100.0,classical_stress,stress,sgs_ssor,full,n,23
0.01,100.0,classical_stress,stress,sgs_ssor,full,mean,0.5965524636647149
0.01,100.0,classical_stress,stress,sgs_ssor,full,median,0.5641490955925718
0.01,100.0,classical_stress,stress,sgs_ssor,full,p95,0.9303734558969742
0.01,100.0,classical_stress,stress,sgs_ssor,full,p99,0.9304533433195658
0.01,100.0,classical_stress,stress,sgs_ssor,full,worst,0.9304533433195658
0.01,100.0,classical_stress,stress,sgs_ssor,full,best,0.20139671691132577
0.01,100.0,classical_stress,stress,sgs_ssor,full,frac_above_1,0.0
0.01,100.0,classical_stress,stress,sgs_ssor,full,mean_squared_ratio,0.42985168086598075
0.01,100.0,classical_stress,stress,sgs_ssor,complement,n,23
0.01,100.0,classical_stress,stress,sgs_ssor,complement,mean,0.5767349586983785
0.01,100.0,classical_stress,stress,sgs_ssor,complement,median,0.5617712448092314
0.01,100.0,classical_stress,stress,sgs_ssor,complement,p95,0.9303348052370691
0.01,100.0,classical_stress,stress,sgs_ssor,complement,p99,0.930412968828396
0.01,100.0,classical_stress,stress,sgs_ssor,complement,worst,0.930412968828396
0.01,100.0,classical_stress,stress,sgs_ssor,complement,best,0.16844145441534544
0.01,100.0,classical_stress,stress,sgs_ssor,complement,frac_above_1,0.0
0.01,100.0,classical_stress,stress,sgs_ssor,complement,mean_squared_ratio,0.41786839888358324
0.01,100.0,deeponet_stress,stress,jacobi,full,n,23
0.01,100.0,deeponet_stress,stress,jacobi,full,mean,0.8160060605034201
0.01,100.0,deeponet_stress,stress,jacobi,full,median,0.9176824506389119
0.01,100.0,deeponet_stress,stress,jacobi,full,p95,0.9861056153107386
0.01,100.0,deeponet_stress,stress,jacobi,full,p99,0.9861278988534958
0.01,100.0,deeponet_stress,stress,jacobi,full,worst,0.9861322965794712
0.01,100.0,deeponet_stress,stress,jacobi,full,best,0.3106456471192091
0.01,100.0,deeponet_stress,stress,jacobi,full,frac_above_1,0.0
0.01,100.0,deeponet_stress,stress,jacobi,full,mean_squared_ratio,0.715698276673334
0.01,100.0,deeponet_stress,stress,jacobi,complement,n,23
0.01,100.0,deeponet_stress,stress,jacobi,complement,mean,0.7679370262565135
0.01,100.0,deeponet_stress,stress,jacobi,complement,median,0.9082985915273001
0.01,100.0,deeponet_stress,stress,jacobi,complement,p95,0.9861056105306532
0.01,100.0,deeponet_stress,stress,jacobi,complement,p99,0.9861278984022157
0.01,100.0,deeponet_stress,stress,jacobi,complement,worst,0.9861322965794704
0.01,100.0,deeponet_stress,stress,jacobi,complement,best,0.022409434866082108
0.01,100.0,deeponet_stress,stress,jacobi,complement,frac_above_1,0.0
0.01,100.0,deeponet_stress,stress,jacobi,complement,mean_squared_ratio,0.6703227383792473
0.01,100.0,deeponet_stress,stress,gs,full,n,23
0.01,100.0,deeponet_stress,stress,gs,full,mean,0.7174498078330559
0.01,100.0,deeponet_stress,stress,gs,full,median,0.7417754320597842
0.01,100.0,deeponet_stress,stress,gs,full,p95,0.9638113086528609
0.01,100.0,deeponet_stress,stress,gs,full,p99,0.9638433681370737
0.01,100.0,deeponet_stress,stress,gs,full,worst,0.9638433681370737
0.01,100.0,deeponet_stress,stress,gs,full,best,0.3840265298198373
0.01,100.0,deeponet_stress,stress,gs,full,frac_above_1,0.0
0.01,100.0,deeponet_stress,stress,gs,full,mean_squared_ratio,0.5592790167218222
0.01,100.0,deeponet_stress,stress,gs,complement,n,23
0.01,100.0,deeponet_stress,stress,gs,complement,mean,0.6586545845076894
0.01,100.0,deeponet_stress,stress,gs,complement,median,0.7404926535272148
0.01,100.0,deeponet_stress,stress,gs,complement,p95,0.9637665286280236
0.01,100.0,deeponet_stress,stress,gs,complement,p99,0.9637985645380992
0.01,100.0,deeponet_stress,stress,gs,complement,worst,0.9637985645380993
0.01,100.0,deeponet_stress,stress,gs,complement,best,0.2784814493046181
0.01,100.0,deeponet_stress,stress,gs,complement,frac_above_1,0.0
0.01,100.0,deeponet_stress,stress,gs,complement,mean_squared_ratio,0.5091291276195401
0.01,100.0,deeponet_stress,stress,sgs_ssor,full,n,23
0.01,100.0,deeponet_stress,stress,sgs_ssor,full,mean,0.5965524636647149
0.01,100.0,deeponet_stress,stress,sgs_ssor,full,median,0.5641490955925718
0.01,100.0,deeponet_stress,stress,sgs_ssor,full,p95,0.9303734558969742
0.01,100.0,deeponet_stress,stress,sgs_ssor,full,p99,0.9304533433195658
0.01,100.0,deeponet_stress,stress,sgs_ssor,full,worst,0.9304533433195658
0.01,100.0,deeponet_stress,stress,sgs_ssor,full,best,0.20139671691132577
0.01,100.0,deeponet_stress,stress,sgs_ssor,full,frac_above_1,0.0
0.01,100.0,deeponet_stress,stress,sgs_ssor,full,mean_squared_ratio,0.42985168086598075
0.01,100.0,deeponet_stress,stress,sgs_ssor,complement,n,23
0.01,100.0,deeponet_stress,stress,sgs_ssor,complement,mean,0.5767349586983785
0.01,100.0,deeponet_stress,stress,sgs_ssor,complement,median,0.5617712448092314
0.01,100.0,deeponet_stress,stress,sgs_ssor,complement,p95,0.9303348052370691
0.01,100.0,deeponet_stress,stress,sgs_ssor,complement,p99,0.930412968828396
0.01,100.0,deeponet_stress,stress,sgs_ssor,complement,worst,0.930412968828396
0.01,100.0,deeponet_stress,stress,sgs_ssor,complement,best,0.16844145441534544
0.01,100.0,deeponet_stress,stress,sgs_ssor,complement,frac_above_1,0.0
0.01,100.0,deeponet_stress,stress,sgs_ssor,complement,mean_squared_ratio,0.41786839888358324
0.01,100.0,deeponet_stress,stress,deeponet_scale,full,n,23
0.01,100.0,deeponet_stress,stress,deeponet_scale,full,mean,0.6945104343334105
0.01,100.0,deeponet_stress,stress,deeponet_scale,full,median,0.8930409883643224
0.01,100.0,deeponet_stress,stress,deeponet_scale,full,p95,0.990674374284821
0.01,100.0,deeponet_stress,stress,deeponet_scale,full,p99,0.9933278678678226
0.01,100.0,deeponet_stress,stress,deeponet_scale,full,worst,0.994075227337102
0.01,100.0,deeponet_stress,stress,deeponet_scale,full,best,0.09594708972891133
0.01,100.0,deeponet_stress,stress,deeponet_scale,full,frac_above_1,0.0
0.01,100.0,deeponet_stress,stress,deeponet_scale,full,mean_squared_ratio,0.5680616265324518
0.01,100.0,deeponet_stress,stress,deeponet_scale,complement,n,23
0.01,100.0,deeponet_stress,stress,deeponet_scale,complement,mean,0.6480089118709444
0.01,100.0,deeponet_stress,stress,deeponet_scale,complement,median,0.889198187965419
0.01,100.0,deeponet_stress,stress,deeponet_scale,complement,p95,0.9900912047591872
0.01,100.0,deeponet_stress,stress,deeponet_scale,complement,p99,0.990536397506546
0.01,100.0,deeponet_stress,stress,deeponet_scale,complement,worst,0.9906563464464998
0.01,100.0,deeponet_stress,stress,deeponet_scale,complement,best,0.06464662591619785
0.01,100.0,deeponet_stress,stress,deeponet_scale,complement,frac_above_1,0.0
0.01,100.0,deeponet_stress,stress,deeponet_scale,complement,mean_squared_ratio,0.5346969733115607
0.01,100.0,vcycle,-,learned,stationary,mean_rate,0.9708174983140194
0.01,100.0,vcycle,-,learned,stationary,worst_rate,0.9744497801401096
0.01,100.0,vcycle,-,learned,stationary,mean_iterations,30.0
0.01,100.0,vcycle,-,learned,stationary,seconds_per_rhs,0.6914881750126369
0.001,1000.0,classical_families,gaussian,jacobi,full,n,24
0.001,1000.0,classical_families,gaussian,jacobi,full,mean,0.5378139696061656
0.001,1000.0,classical_families,gaussian,jacobi,full,median,0.5375407907578946
0.001,1000.0,classical_families,gaussian,jacobi,full,p95,0.5622352429810665
0.001,1000.0,classical_families,gaussian,jacobi,full,p99,0.5713855678095012
0.001,1000.0,classical_families,gaussian,jacobi,full,worst,0.5735892643378132
0.001,1000.0,classical_families,gaussian,jacobi,full,best,0.5120090914724205
0.001,1000.0,classical_families,gaussian,jacobi,full,frac_above_1,0.0
0.001,1000.0,classical_families,gaussian,jacobi,full,mean_squared_ratio,0.28947021293098485
0.001,1000.0,classical_families,gaussian,jacobi,complement,n,24
0.001,1000.0,classical_families,gaussian,jacobi,complement,mean,0.48813800793416773
0.001,1000.0,classical_families,gaussian,jacobi,complement,median,0.4884780449631964
0.001,1000.0,classical_families,gaussian,jacobi,complement,p95,0.5119261655898792
0.001,1000.0,classical_families,gaussian,jacobi,complement,p99,0.5221111380169308
0.001,1000.0,classical_families,gaussian,jacobi,complement,worst,0.5249856814298773
0.001,1000.0,classical_families,gaussian,jacobi,complement,best,0.4567594349219645
0.001,1000.0,classical_families,gaussian,jacobi,complement,frac_above_1,0.0
0.001,1000.0,classical_families,gaussian,jacobi,complement,mean_squared_ratio,0.2385492723250622
0.001,1000.0,classical_families,gaussian,gs,full,n,24
0.001,1000.0,classical_families,gaussian,gs,full,mean,0.4405086519138346
0.001,1000.0,classical_families,gaussian,gs,full,median,0.4399922753234647
0.001,1000.0,classical_families,gaussian,gs,full,p95,0.4498570854742578
0.001,1000.0,classical_families,gaussian,gs,full,p99,0.4539469484993972
0.001,1000.0,classical_families,gaussian,gs,full,worst,0.4551016251535747
0.001,1000.0,classical_families,gaussian,gs,full,best,0.4265294203598411
0.001,1000.0,classical_families,gaussian,gs,full,frac_above_1,0.0
0.001,1000.0,classical_families,gaussian,gs,full,mean_squared_ratio,0.1940858232318153
0.001,1000.0,classical_families,gaussian,gs,complement,n,24
0.001,1000.0,classical_families,gaussian,gs,complement,mean,0.36177233412213755
0.001,1000.0,classical_families,gaussian,gs,complement,median,0.361345845431976
0.001,1000.0,classical_families,gaussian,gs,complement,p95,0.37401704022450377
0.001,1000.0,classical_families,gaussian,gs,complement,p99,0.3782151185730579
0.001,1000.0,classical_families,gaussian,gs,complement,worst,0.37929009758939203
0.001,1000.0,classical_families,gaussian,gs,complement,best,0.3480418282817297
0.001,1000.0,classical_families,gaussian,gs,complement,frac_above_1,0.0
0.001,1000.0,classical_families,gaussian,gs,complement,mean_squared_ratio,0.13094184122987
0.001,1000.0,classical_families,gaussian,sgs_ssor,full,n,24
0.001,1000.0,classical_families,gaussian,sgs_ssor,full,mean,0.2508596045270882
0.001,1000.0,classical_families,gaussian,sgs_ssor,full,median,0.25064833959450294
0.001,1000.0,classical_families,gaussian,sgs_ssor,full,p95,0.25927392594234
0.001,1000.0,classical_families,gaussian,sgs_ssor,full,p99,0.26057242065237
0.001,1000.0,classical_families,gaussian,sgs_ssor,full,worst,0.2608966555724763
0.001,1000.0,classical_families,gaussian,sgs_ssor,full,best,0.2375940127761241
0.001,1000.0,classical_families,gaussian,sgs_ssor,full,frac_above_1,0.0
0.001,1000.0,classical_families,gaussian,sgs_ssor,full,mean_squared_ratio,0.06295569743325811
0.001,1000.0,classical_families,gaussian,sgs_ssor,complement,n,24
0.001,1000.0,classical_families,gaussian,sgs_ssor,complement,mean,0.2310327513759447
0.001,1000.0,classical_families,gaussian,sgs_ssor,complement,median,0.23024040731148931
0.001,1000.0,classical_families,gaussian,sgs_ssor,complement,p95,0.23944972441017667
0.001,1000.0,classical_families,gaussian,sgs_ssor,complement,p99,0.24023990809220813
0.001,1000.0,classical_families,gaussian,sgs_ssor,complement,worst,0.2403435503844069
0.001,1000.0,classical_families,gaussian,sgs_ssor,complement,best,0.22048957050884946
0.001,1000.0,classical_families,gaussian,sgs_ssor,complement,frac_above_1,0.0
0.001,1000.0,classical_families,gaussian,sgs_ssor,complement,mean_squared_ratio,0.053395967045866875
0.001,1000.0,classical_families,fourier,jacobi,full,n,24
0.001,1000.0,classical_families,fourier,jacobi,full,mean,0.47326360468930734
0.001,1000.0,classical_families,fourier,jacobi,full,median,0.4761575505658113
0.001,1000.0,classical_families,fourier,jacobi,full,p95,0.6672604393409663
0.001,1000.0,classical_families,fourier,jacobi,full,p99,0.7013734122932188
0.001,1000.0,classical_families,fourier,jacobi,full,worst,0.7095613312238505
0.001,1000.0,classical_families,fourier,jacobi,full,best,0.293136302408439
0.001,1000.0,classical_families,fourier,jacobi,full,frac_above_1,0.0
0.001,1000.0,classical_families,fourier,jacobi,full,mean_squared_ratio,0.2417196513480405
0.001,1000.0,classical_families,fourier,jacobi,complement,n,24
0.001,1000.0,classical_families,fourier,jacobi,complement,mean,0.4254070541898276
0.001,1000.0,classical_families,fourier,jacobi,complement,median,0.4277464056749229
0.001,1000.0,classical_families,fourier,jacobi,complement,p95,0.5944240640291999
0.001,1000.0,classical_families,fourier,jacobi,complement,p99,0.6750281518689956
0.001,1000.0,classical_families,fourier,jacobi,complement,worst,0.6988305717913224
0.001,1000.0,classical_families,fourier,jacobi,complement,best,0.15886002096002907
0.001,1000.0,classical_families,fourier,jacobi,complement,frac_above_1,0.0
0.001,1000.0,classical_families,fourier,jacobi,complement,mean_squared_ratio,0.19984393927472344
0.001,1000.0,classical_families,fourier,gs,full,n,24
0.001,1000.0,classical_families,fourier,gs,full,mean,0.42390774268610487
0.001,1000.0,classical_families,fourier,gs,full,median,0.4385124417510401
0.001,1000.0,classical_families,fourier,gs,full,p95,0.5113687923846112
0.001,1000.0,classical_families,fourier,gs,full,p99,0.5472862890489307
0.001,1000.0,classical_families,fourier,gs,full,worst,0.5574561242293773
0.001,1000.0,classical_families,fourier,gs,full,best,0.24033202349973407
0.001,1000.0,classical_families,fourier,gs,full,frac_above_1,0.0
0.001,1000.0,classical_families,fourier,gs,full,mean_squared_ratio,0.18472933094759306
0.001,1000.0,classical_families,fourier,gs,complement,n,24
0.001,1000.0,classical_families,fourier,gs,complement,mean,0.3380237294961839
0.001,1000.0,classical_families,fourier,gs,complement,median,0.33183647561442886
0.001,1000.0,classical_families,fourier,gs,complement,p95,0.4952188680384541
0.001,1000.0,classical_families,fourier,gs,complement,p99,0.5266252331267723
0.001,1000.0,classical_families,fourier,gs,complement,worst,0.532261377042701
0.001,1000.0,classical_families,fourier,gs,complement,best,0.17850536494783067
0.001,1000.0,classical_families,fourier,gs,complement,frac_above_1,0.0
0.001,1000.0,classical_families,fourier,gs,complement,mean_squared_ratio,0.12037757192808474
0.001,1000.0,classical_families,fourier,sgs_ssor,full,n,24
0.001,1000.0,classical_families,fourier,sgs_ssor,full,mean,0.24056758726489824
0.001,1000.0,classical_families,fourier,sgs_ssor,full,median,0.24512347223530145
0.001,1000.0,classical_families,fourier,sgs_ssor,full,p95,0.3196794142717606
0.001,1000.0,classical_families,fourier,sgs_ssor,full,p99,0.32781508851907126
0.001,1000.0,classical_families,fourier,sgs_ssor,full,worst,0.3298977614918771
0.001,1000.0,classical_families,fourier,sgs_ssor,full,best,0.11470946610540961
0.001,1000.0,classical_families,fourier,sgs_ssor,full,frac_above_1,0.0
0.001,1000.0,classical_families,fourier,sgs_ssor,full,mean_squared_ratio,0.06060197073050319
0.001,1000.0,classical_families,fourier,sgs_ssor,complement,n,24
0.001,1000.0,classical_families,fourier,sgs_ssor,complement,mean,0.22204973737616673
0.001,1000.0,classical_families,fourier,sgs_ssor,complement,median,0.23027567075228922
0.001,1000.0,classical_families,fourier,sgs_ssor,complement,p95,0.3080587584923739
0.001,1000.0,classical_families,fourier,sgs_ssor,complement,p99,0.3198806921026485
0.001,1000.0,classical_families,fourier,sgs_ssor,complement,worst,0.32295080594504283
0.001,1000.0,classical_families,fourier,sgs_ssor,complement,best,0.10856307135609497
0.001,1000.0,classical_families,fourier,sgs_ssor,complement,frac_above_1,0.0
0.001,1000.0,classical_families,fourier,sgs_ssor,complement,mean_squared_ratio,0.05198086918674196
0.001,1000.0,classical_families,weak,jacobi,full,n,24
0.001,1000.0,classical_families,weak,jacobi,full,mean,0.9607519508033723
0.001,1000.0,classical_families,weak,jacobi,full,median,0.9830844736465227
0.001,1000.0,classical_families,weak,jacobi,full,p95,0.9929551862534347
0.001,1000.0,classical_families,weak,jacobi,full,p99,0.9930439137617689
0.001,1000.0,classical_families,weak,jacobi,full,worst,0.9930704167837389
0.001,1000.0,classical_families,weak,jacobi,full,best,0.8214410969789003
0.001,1000.0,classical_families,weak,jacobi,full,frac_above_1,0.0
0.001,1000.0,classical_families,weak,jacobi,full,mean_squared_ratio,0.9251546898633984
0.001,1000.0,classical_families,weak,jacobi,complement,n,24
0.001,1000.0,classical_families,weak,jacobi,complement,mean,0.9605253112081575
0.001,1000.0,classical_families,weak,jacobi,complement,median,0.983078790486734
0.001,1000.0,classical_families,weak,jacobi,complement,p95,0.9929551837384885
0.001,1000.0,classical_families,weak,jacobi,complement,p99,0.993043913183331
0.001,1000.0,classical_families,weak,jacobi,complement,worst,0.9930704167837384
0.001,1000.0,classical_families,weak,jacobi,complement,best,0.8181558736404857
0.001,1000.0,classical_families,weak,jacobi,complement,frac_above_1,0.0
0.001,1000.0,classical_families,weak,jacobi,complement,mean_squared_ratio,0.9247746861655083
0.001,1000.0,classical_families,weak,gs,full,n,24
0.001,1000.0,classical_families,weak,gs,full,mean,0.915391983246156
0.001,1000.0,classical_families,weak,gs,full,median,0.9572820747792208
0.001,1000.0,classical_families,weak,gs,full,p95,0.9809799187567293
0.001,1000.0,classical_families,weak,gs,full,p99,0.9811686766358764
0.001,1000.0,classical_families,weak,gs,full,worst,0.9812238099524802
0.001,1000.0,classical_families,weak,gs,full,best,0.700601424304742
0.001,1000.0,classical_families,weak,gs,full,frac_above_1,0.0
0.001,1000.0,classical_families,weak,gs,full,mean_squared_ratio,0.8450365729611176
0.001,1000.0,classical_families,weak,gs,complement,n,24
0.001,1000.0,classical_families,weak,gs,complement,mean,0.9149511934447463
0.001,1000.0,classical_families,weak,gs,complement,median,0.9572149391273397
0.001,1000.0,classical_families,weak,gs,complement,p95,0.9809518072487897
0.001,1000.0,classical_families,weak,gs,complement,p99,0.9811394037449861
0.001,1000.0,classical_families,weak,gs,complement,worst,0.9811942115301401
0.001,1000.0,classical_families,weak,gs,complement,best,0.6986465355427174
0.001,1000.0,classical_families,weak,gs,complement,frac_above_1,0.0
0.001,1000.0,classical_families,weak,gs,complement,mean_squared_ratio,0.8443706236135826
0.001,1000.0,classical_families,weak,sgs_ssor,full,n,24
0.001,1000.0,classical_families,weak,sgs_ssor,full,mean,0.8482644635564934
0.001,1000.0,classical_families,weak,sgs_ssor,full,median,0.9180222182312245
0.001,1000.0,classical_families,weak,sgs_ssor,full,p95,0.962664523860113
0.001,1000.0,classical_families,weak,sgs_ssor,full,p99,0.9630247059953934
0.001,1000.0,classical_families,weak,sgs_ssor,full,worst,0.9631298455678224
0.001,1000.0,classical_families,weak,sgs_ssor,full,best,0.5025155687430336
0.001,1000.0,classical_families,weak,sgs_ssor,full,frac_above_1,0.0
0.001,1000.0,classical_families,weak,sgs_ssor,full,mean_squared_ratio,0.7393475683425709
0.001,1000.0,classical_families,weak,sgs_ssor,complement,n,24
0.001,1000.0,classical_families,weak,sgs_ssor,complement,mean,0.8476554010744843
0.001,1000.0,classical_families,weak,sgs_ssor,complement,median,0.9179081231303083
0.001,1000.0,classical_families,weak,sgs_ssor,complement,p95,0.9626548841144639
0.001,1000.0,classical_families,weak,sgs_ssor,complement,p99,0.9630139852955221
0.001,1000.0,classical_families,weak,sgs_ssor,complement,worst,0.9631187627794736
0.001,1000.0,classical_families,weak,sgs_ssor,complement,best,0.4991398519940994
0.001,1000.0,classical_families,weak,sgs_ssor,complement,frac_above_1,0.0
0.001,1000.0,classical_families,weak,sgs_ssor,complement,mean_squared_ratio,0.7386050680347535
0.001,1000.0,classical_families,survivor,jacobi,full,n,24
0.001,1000.0,classical_families,survivor,jacobi,full,mean,0.8593411385003273
0.001,1000.0,classical_families,survivor,jacobi,full,median,0.8900522703077611
0.001,1000.0,classical_families,survivor,jacobi,full,p95,0.9638031781705997
0.001,1000.0,classical_families,survivor,jacobi,full,p99,0.9721195858610069
0.001,1000.0,classical_families,survivor,jacobi,full,worst,0.9743454273249942
0.001,1000.0,classical_families,survivor,jacobi,full,best,0.6640822583672045
0.001,1000.0,classical_families,survivor,jacobi,full,frac_above_1,0.0
0.001,1000.0,classical_families,survivor,jacobi,full,mean_squared_ratio,0.7481093810073244
0.001,1000.0,classical_families,survivor,jacobi,complement,n,24
0.001,1000.0,classical_families,survivor,jacobi,complement,mean,0.8404514111898637
0.001,1000.0,classical_families,survivor,jacobi,complement,median,0.8751500481307277
0.001,1000.0,classical_families,survivor,jacobi,complement,p95,0.9633981755399069
0.001,1000.0,classical_families,survivor,jacobi,complement,p99,0.9711354308736864
0.001,1000.0,classical_families,survivor,jacobi,complement,worst,0.9731907332800265
0.001,1000.0,classical_families,survivor,jacobi,complement,best,0.6289754636148644
0.001,1000.0,classical_families,survivor,jacobi,complement,frac_above_1,0.0
0.001,1000.0,classical_families,survivor,jacobi,complement,mean_squared_ratio,0.7186155245470379
0.001,1000.0,classical_families,survivor,gs,full,n,24
0.001,1000.0,classical_families,survivor,gs,full,mean,0.6888742519404559
0.001,1000.0,classical_families,survivor,gs,full,median,0.5781037197194344
0.001,1000.0,classical_families,survivor,gs,full,p95,0.9237198095295616
0.001,1000.0,classical_families,survivor,gs,full,p99,0.9468183560054204
0.001,1000.0,classical_families,survivor,gs,full,worst,0.9531003131846703
0.001,1000.0,classical_families,survivor,gs,full,best,0.5211479102850353
0.001,1000.0,classical_families,survivor,gs,full,frac_above_1,0.0
0.001,1000.0,classical_families,survivor,gs,full,mean_squared_ratio,0.5043569161326951
0.001,1000.0,classical_families,survivor,gs,complement,n,24
0.001,1000.0,classical_families,survivor,gs,complement,mean,0.6611090367834865
0.001,1000.0,classical_families,survivor,gs,complement,median,0.5300740409531972
0.001,1000.0,classical_families,survivor,gs,complement,p95,0.9229721271020868
0.001,1000.0,classical_families,survivor,gs,complement,p99,0.9450544731874431
0.001,1000.0,classical_families,survivor,gs,complement,worst,0.951032133150397
0.001,1000.0,classical_families,survivor,gs,complement,best,0.45914017380776057
0.001,1000.0,classical_families,survivor,gs,complement,frac_above_1,0.0
0.001,1000.0,classical_families,survivor,gs,complement,mean_squared_ratio,0.4736123537910773
0.001,1000.0,classical_families,survivor,sgs_ssor,full,n,24
0.001,1000.0,classical_families,survivor,sgs_ssor,full,mean,0.5510531504468279
0.001,1000.0,classical_families,survivor,sgs_ssor,full,median,0.40521598120565716
0.001,1000.0,classical_families,survivor,sgs_ssor,full,p95,0.8679882921847293
0.001,1000.0,classical_families,survivor,sgs_ssor,full,p99,0.9060964724476696
0.001,1000.0,classical_families,survivor,sgs_ssor,full,worst,0.9166267890742484
0.001,1000.0,classical_families,survivor,sgs_ssor,full,best,0.3186371055738462
0.001,1000.0,classical_families,survivor,sgs_ssor,full,frac_above_1,0.0
0.001,1000.0,classical_families,survivor,sgs_ssor,full,mean_squared_ratio,0.3573189040410754
0.001,1000.0,classical_families,survivor,sgs_ssor,complement,n,24
0.001,1000.0,classical_families,survivor,sgs_ssor,complement,mean,0.541266649025844
0.001,1000.0,classical_families,survivor,sgs_ssor,complement,median,0.39870171653124997
0.001,1000.0,classical_families,survivor,sgs_ssor,complement,p95,0.8670512353727144
0.001,1000.0,classical_families,survivor,sgs_ssor,complement,p99,0.9053265537838268
0.001,1000.0,classical_families,survivor,sgs_ssor,complement,worst,0.9157856072835001
0.001,1000.0,classical_families,survivor,sgs_ssor,complement,best,0.3031097703304004
0.001,1000.0,classical_families,survivor,sgs_ssor,complement,frac_above_1,0.0
0.001,1000.0,classical_families,survivor,sgs_ssor,complement,mean_squared_ratio,0.3497733862562635
0.001,1000.0,deeponet_families,gaussian,jacobi,full,n,24
0.001,1000.0,deeponet_families,gaussian,jacobi,full,mean,0.5378139696061656
0.001,1000.0,deeponet_families,gaussian,jacobi,full,median,0.5375407907578946
0.001,1000.0,deeponet_families,gaussian,jacobi,full,p95,0.5622352429810665
0.001,1000.0,deeponet_families,gaussian,jacobi,full,p99,0.5713855678095012
0.001,1000.0,deeponet_families,gaussian,jacobi,full,worst,0.5735892643378132
0.001,1000.0,deeponet_families,gaussian,jacobi,full,best,0.5120090914724205
0.001,1000.0,deeponet_families,gaussian,jacobi,full,frac_above_1,0.0
0.001,1000.0,deeponet_families,gaussian,jacobi,full,mean_squared_ratio,0.28947021293098485
0.001,1000.0,deeponet_families,gaussian,jacobi,complement,n,24
0.001,1000.0,deeponet_families,gaussian,jacobi,complement,mean,0.48813800793416773
0.001,1000.0,deeponet_families,gaussian,jacobi,complement,median,0.4884780449631964
0.001,1000.0,deeponet_families,gaussian,jacobi,complement,p95,0.5119261655898792
0.001,1000.0,deeponet_families,gaussian,jacobi,complement,p99,0.5221111380169308
0.001,1000.0,deeponet_families,gaussian,jacobi,complement,worst,0.5249856814298773
0.001,1000.0,deeponet_families,gaussian,jacobi,complement,best,0.4567594349219645
0.001,1000.0,deeponet_families,gaussian,jacobi,complement,frac_above_1,0.0
0.001,1000.0,deeponet_families,gaussian,jacobi,complement,mean_squared_ratio,0.2385492723250622
0.001,1000.0,deeponet_families,gaussian,gs,full,n,24
0.001,1000.0,deeponet_families,gaussian,gs,full,mean,0.4405086519138346
0.001,1000.0,deeponet_families,gaussian,gs,full,median,0.4399922753234647
0.001,1000.0,deeponet_families,gaussian,gs,full,p95,0.4498570854742578
0.001,1000.0,deeponet_families,gaussian,gs,full,p99,0.4539469484993972
0.001,1000.0,deeponet_families,gaussian,gs,full,worst,0.4551016251535747
0.001,1000.0,deeponet_families,gaussian,gs,full,best,0.4265294203598411
0.001,1000.0,deeponet_families,gaussian,gs,full,frac_above_1,0.0
0.001,1000.0,deeponet_families,gaussian,gs,full,mean_squared_ratio,0.1940858232318153
0.001,1000.0,deeponet_families,gaussian,gs,complement,n,24
0.001,1000.0,deeponet_families,gaussian,gs,complement,mean,0.36177233412213755
0.001,1000.0,deeponet_families,gaussian,gs,complement,median,0.361345845431976
0.001,1000.0,deeponet_families,gaussian,gs,complement,p95,0.37401704022450377
0.001,1000.0,deeponet_families,gaussian,gs,complement,p99,0.3782151185730579
0.001,1000.0,deeponet_families,gaussian,gs,complement,worst,0.37929009758939203
0.001,1000.0,deeponet_families,gaussian,gs,complement,best,0.3480418282817297
0.001,1000.0,deeponet_families,gaussian,gs,complement,frac_above_1,0.0
0.001,1000.0,deeponet_families,gaussian,gs,complement,mean_squared_ratio,0.13094184122987
0.001,1000.0,deeponet_families,gaussian,sgs_ssor,full,n,24
0.001,1000.0,deeponet_families,gaussian,sgs_ssor,full,mean,0.2508596045270882
0.001,1000.0,deeponet_families,gaussian,sgs_ssor,full,median,0.25064833959450294
0.001,1000.0,deeponet_families,gaussian,sgs_ssor,full,p95,0.25927392594234
0.001,1000.0,deeponet_families,gaussian,sgs_ssor,full,p99,0.26057242065237
0.001,1000.0,deeponet_families,gaussian,sgs_ssor,full,worst,0.2608966555724763
0.001,1000.0,deeponet_families,gaussian,sgs_ssor,full,best,0.2375940127761241
0.001,1000.0,deeponet_families,gaussian,sgs_ssor,full,frac_above_1,0.0
0.001,1000.0,deeponet_families,gaussian,sgs_ssor,full,mean_squared_ratio,0.06295569743325811
0.001,1000.0,deeponet_families,gaussian,sgs_ssor,complement,n,24
0.001,1000.0,deeponet_families,gaussian,sgs_ssor,complement,mean,0.2310327513759447
0.001,1000.0,deeponet_families,gaussian,sgs_ssor,complement,median,0.23024040731148931
0.001,1000.0,deeponet_families,gaussian,sgs_ssor,complement,p95,0.23944972441017667
0.001,1000.0,deeponet_families,gaussian,sgs_ssor,complement,p99,0.24023990809220813
0.001,1000.0,deeponet_families,gaussian,sgs_ssor,complement,worst,0.2403435503844069
0.001,1000.0,deeponet_families,gaussian,sgs_ssor,complement,best,0.22048957050884946
0.001,1000.0,deeponet_families,gaussian,sgs_ssor,complement,frac_above_1,0.0
0.001,1000.0,deeponet_families,gaussian,sgs_ssor,complement,mean_squared_ratio,0.053395967045866875
0.001,1000.0,deeponet_families,gaussian,deeponet_scale,full,n,24
0.001,1000.0,deeponet_families,gaussian,deeponet_scale,full,mean,0.43159599019418393
0.001,1000.0,deeponet_families,gaussian,deeponet_scale,full,median,0.43016781095293155
0.001,1000.0,deeponet_families,gaussian,deeponet_scale,full,p95,0.4589656339280899
0.001,1000.0,deeponet_families,gaussian,deeponet_scale,full,p99,0.4624119534864793
0.001,1000.0,deeponet_families,gaussian,deeponet_scale,full,worst,0.4628899141033408
0.001,1000.0,deeponet_families,gaussian,deeponet_scale,full,best,0.40929888095861944
0.001,1000.0,deeponet_families,gaussian,deeponet_scale,full,frac_above_1,0.0
0.001,1000.0,deeponet_families,gaussian,deeponet_scale,full,mean_squared_ratio,0.18646548987330425
0.001,1000.0,deeponet_families,gaussian,deeponet_scale,complement,n,24
0.001,1000.0,deeponet_families,gaussian,deeponet_scale,complement,mean,0.3968338682139742
0.001,1000.0,deeponet_families,gaussian,deeponet_scale,complement,median,0.3950825192265241
0.001,1000.0,deeponet_families,gaussian,deeponet_scale,complement,p95,0.41853744490220185
0.001,1000.0,deeponet_families,gaussian,deeponet_scale,complement,p99,0.42525469255759346
0.001,1000.0,deeponet_families,gaussian,deeponet_scale,complement,worst,0.4269237617409731
0.001,1000.0,deeponet_families,gaussian,deeponet_scale,complement,best,0.3734333501521662
0.001,1000.0,deeponet_families,gaussian,deeponet_scale,complement,frac_above_1,0.0
0.001,1000.0,deeponet_families,gaussian,deeponet_scale,complement,mean_squared_ratio,0.1576591519299027
0.001,1000.0,deeponet_families,fourier,jacobi,full,n,24
0.001,1000.0,deeponet_families,fourier,jacobi,full,mean,0.47326360468930734
0.001,1000.0,deeponet_families,fourier,jacobi,full,median,0.4761575505658113
0.001,1000.0,deeponet_families,fourier,jacobi,full,p95,0.6672604393409663
0.001,1000.0,deeponet_families,fourier,jacobi,full,p99,0.7013734122932188
0.001,1000.0,deeponet_families,fourier,jacobi,full,worst,0.7095613312238505
0.001,1000.0,deeponet_families,fourier,jacobi,full,best,0.293136302408439
0.001,1000.0,deeponet_families,fourier,jacobi,full,frac_above_1,0.0
0.001,1000.0,deeponet_families,fourier,jacobi,full,mean_squared_ratio,0.2417196513480405
0.001,1000.0,deeponet_families,fourier,jacobi,complement,n,24
0.001,1000.0,deeponet_families,fourier,jacobi,complement,mean,0.4254070541898276
0.001,1000.0,deeponet_families,fourier,jacobi,complement,median,0.4277464056749229
0.001,1000.0,deeponet_families,fourier,jacobi,complement,p95,0.5944240640291999
0.001,1000.0,deeponet_families,fourier,jacobi,complement,p99,0.6750281518689956
0.001,1000.0,deeponet_families,fourier,jacobi,complement,worst,0.6988305717913224
0.001,1000.0,deeponet_families,fourier,jacobi,complement,best,0.15886002096002907
0.001,1000.0,deeponet_families,fourier,jacobi,complement,frac_above_1,0.0
0.001,1000.0,deeponet_families,fourier,jacobi,complement,mean_squared_ratio,0.19984393927472344
0.001,1000.0,deeponet_families,fourier,gs,full,n,24
0.001,1000.0,deeponet_families,fourier,gs,full,mean,0.42390774268610487
0.001,1000.0,deeponet_families,fourier,gs,full,median,0.4385124417510401
0.001,1000.0,deeponet_families,fourier,gs,full,p95,0.5113687923846112
0.001,1000.0,deeponet_families,fourier,gs,full,p99,0.5472862890489307
0.001,1000.0,deeponet_families,fourier,gs,full,worst,0.5574561242293773
0.001,1000.0,deeponet_families,fourier,gs,full,best,0.24033202349973407
0.001,1000.0,deeponet_families,fourier,gs,full,frac_above_1,0.0
0.001,1000.0,deeponet_families,fourier,gs,full,mean_squared_ratio,0.18472933094759306
0.001,1000.0,deeponet_families,fourier,gs,complement,n,24
0.001,1000.0,deeponet_families,fourier,gs,complement,mean,0.3380237294961839
0.001,1000.0,deeponet_families,fourier,gs,complement,median,0.33183647561442886
0.001,1000.0,deeponet_families,fourier,gs,complement,p95,0.4952188680384541
0.001,1000.0,deeponet_families,fourier,gs,complement,p99,0.5266252331267723
0.001,1000.0,deeponet_families,fourier,gs,complement,worst,0.532261377042701
0.001,1000.0,deeponet_families,fourier,gs,complement,best,0.17850536494783067
0.001,1000.0,deeponet_families,fourier,gs,complement,frac_above_1,0.0
0.001,1000.0,deeponet_families,fourier,gs,complement,mean_squared_ratio,0.12037757192808474
0.001,1000.0,deeponet_families,fourier,sgs_ssor,full,n,24
0.001,1000.0,deeponet_families,fourier,sgs_ssor,full,mean,0.24056758726489824
0.001,1000.0,deeponet_families,fourier,sgs_ssor,full,median,0.24512347223530145
0.001,1000.0,deeponet_families,fourier,sgs_ssor,full,p95,0.3196794142717606
0.001,1000.0,deeponet_families,fourier,sgs_ssor,full,p99,0.32781508851907126
0.001,1000.0,deeponet_families,fourier,sgs_ssor,full,worst,0.3298977614918771
0.001,1000.0,deeponet_families,fourier,sgs_ssor,full,best,0.11470946610540961
0.001,1000.0,deeponet_families,fourier,sgs_ssor,full,frac_above_1,0.0
0.001,1000.0,deeponet_families,fourier,sgs_ssor,full,mean_squared_ratio,0.06060197073050319
0.001,1000.0,deeponet_families,fourier,sgs_ssor,complement,n,24
0.001,1000.0,deeponet_families,fourier,sgs_ssor,complement,mean,0.22204973737616673
0.001,1000.0,deeponet_families,fourier,sgs_ssor,complement,median,0.23027567075228922
0.001,1000.0,deeponet_families,fourier,sgs_ssor,complement,p95,0.3080587584923739
0.001,1000.0,deeponet_families,fourier,sgs_ssor,complement,p99,0.3198806921026485
0.001,1000.0,deeponet_families,fourier,sgs_ssor,complement,worst,0.32295080594504283
0.001,1000.0,deeponet_families,fourier,sgs_ssor,complement,best,0.10856307135609497
0.001,1000.0,deeponet_families,fourier,sgs_ssor,complement,frac_above_1,0.0
0.001,1000.0,deeponet_families,fourier,sgs_ssor,complement,mean_squared_ratio,0.05198086918674196
0.001,1000.0,deeponet_families,fourier,deeponet_scale,full,n,24
0.001,1000.0,deeponet_families,fourier,deeponet_scale,full,mean,0.4753510491226751
0.001,1000.0,deeponet_families,fourier,deeponet_scale,full,median,0.47380998282727926
0.001,1000.0,deeponet_families,fourier,deeponet_scale,full,p95,0.6987199544890816
0.001,1000.0,deeponet_families,fourier,deeponet_scale,full,p99,0.7227994456290042
0.001,1000.0,deeponet_families,fourier,deeponet_scale,full,worst,0.7297774226357316
0.001,1000.0,deeponet_families,fourier,deeponet_scale,full,best,0.22053906185906788
0.001,1000.0,deeponet_families,fourier,deeponet_scale,full,frac_above_1,0.0
0.001,1000.0,deeponet_families,fourier,deeponet_scale,full,mean_squared_ratio,0.24393478951546524
0.001,1000.0,deeponet_families,fourier,deeponet_scale,complement,n,24
0.001,1000.0,deeponet_families,fourier,deeponet_scale,complement,mean,0.43742473350247635
0.001,1000.0,deeponet_families,fourier,deeponet_scale,complement,median,0.43438063053985687
0.001,1000.0,deeponet_families,fourier,deeponet_scale,complement,p95,0.6978032785916973
0.001,1000.0,deeponet_families,fourier,deeponet_scale,complement,p99,0.7176719303862331
0.001,1000.0,deeponet_families,fourier,deeponet_scale,complement,worst,0.7234329768909198
0.001,1000.0,deeponet_families,fourier,deeponet_scale,complement,best,0.12505354912324942
0.001,1000.0,deeponet_families,fourier,deeponet_scale,complement,frac_above_1,0.0
0.001,1000.0,deeponet_families,fourier,deeponet_scale,complement,mean_squared_ratio,0.2173304779777566
0.001,1000.0,deeponet_families,weak,jacobi,full,n,24
0.001,1000.0,deeponet_families,weak,jacobi,full,mean,0.9607519508033723
0.001,1000.0,deeponet_families,weak,jacobi,full,median,0.9830844736465227
0.001,1000.0,deeponet_families,weak,jacobi,full,p95,0.9929551862534347
0.001,1000.0,deeponet_families,weak,jacobi,full,p99,0.9930439137617689
0.001,1000.0,deeponet_families,weak,jacobi,full,worst,0.9930704167837389
0.001,1000.0,deeponet_families,weak,jacobi,full,best,0.8214410969789003
0.001,1000.0,deeponet_families,weak,jacobi,full,frac_above_1,0.0
0.001,1000.0,deeponet_families,weak,jacobi,full,mean_squared_ratio,0.9251546898633984
0.001,1000.0,deeponet_families,weak,jacobi,complement,n,24
0.001,1000.0,deeponet_families,weak,jacobi,complement,mean,0.9605253112081575
0.001,1000.0,deeponet_families,weak,jacobi,complement,median,0.983078790486734
0.001,1000.0,deeponet_families,weak,jacobi,complement,p95,0.9929551837384885
0.001,1000.0,deeponet_families,weak,jacobi,complement,p99,0.993043913183331
0.001,1000.0,deeponet_families,weak,jacobi,complement,worst,0.9930704167837384
0.001,1000.0,deeponet_families,weak,jacobi,complement,best,0.8181558736404857
0.001,1000.0,deeponet_families,weak,jacobi,complement,frac_above_1,0.0
0.001,1000.0,deeponet_families,weak,jacobi,complement,mean_squared_ratio,0.9247746861655083
0.001,1000.0,deeponet_families,weak,gs,full,n,24
0.001,1000.0,deeponet_families,weak,gs,full,mean,0.915391983246156
0.001,1000.0,deeponet_families,weak,gs,full,median,0.9572820747792208
0.001,1000.0,deeponet_families,weak,gs,full,p95,0.9809799187567293
0.001,1000.0,deeponet_families,weak,gs,full,p99,0.9811686766358764
0.001,1000.0,deeponet_families,weak,gs,full,worst,0.9812238099524802
0.001,1000.0,deeponet_families,weak,gs,full,best,0.700601424304742
0.001,1000.0,deeponet_families,weak,gs,full,frac_above_1,0.0
0.001,1000.0,deeponet_families,weak,gs,full,mean_squared_ratio,0.8450365729611176
0.001,1000.0,deeponet_families,weak,gs,complement,n,24
0.001,1000.0,deeponet_families,weak,gs,complement,mean,0.9149511934447463
0.001,1000.0,deeponet_families,weak,gs,complement,median,0.9572149391273397
0.001,1000.0,deeponet_families,weak,gs,complement,p95,0.9809518072487897
0.001,1000.0,deeponet_families,weak,gs,complement,p99,0.9811394037449861
0.001,1000.0,deeponet_families,weak,gs,complement,worst,0.9811942115301401
0.001,1000.0,deeponet_families,weak,gs,complement,best,0.6986465355427174
0.001,1000.0,deeponet_families,weak,gs,complement,frac_above_1,0.0
0.001,1000.0,deeponet_families,weak,gs,complement,mean_squared_ratio,0.8443706236135826
0.001,1000.0,deeponet_families,weak,sgs_ssor,full,n,24
0.001,1000.0,deeponet_families,weak,sgs_ssor,full,mean,0.8482644635564934
0.001,1000.0,deeponet_families,weak,sgs_ssor,full,median,0.9180222182312245
0.001,1000.0,deeponet_families,weak,sgs_ssor,full,p95,0.962664523860113
0.001,1000.0,deeponet_families,weak,sgs_ssor,full,p99,0.9630247059953934
0.001,1000.0,deeponet_families,weak,sgs_ssor,full,worst,0.9631298455678224
0.001,1000.0,deeponet_families,weak,sgs_ssor,full,best,0.5025155687430336
0.001,1000.0,deeponet_families,weak,sgs_ssor,full,frac_above_1,0.0
0.001,1000.0,deeponet_families,weak,sgs_ssor,full,mean_squared_ratio,0.7393475683425709
0.001,1000.0,deeponet_families,weak,sgs_ssor,complement,n,24
0.001,1000.0,deeponet_families,weak,sgs_ssor,complement,mean,0.8476554010744843
0.001,1000.0,deeponet_families,weak,sgs_ssor,complement,median,0.9179081231303083
0.001,1000.0,deeponet_families,weak,sgs_ssor,complement,p95,0.9626548841144639
0.001,1000.0,deeponet_families,weak,sgs_ssor,complement,p99,0.9630139852955221
0.001,1000.0,deeponet_families,weak,sgs_ssor,complement,worst,0.9631187627794736
0.001,1000.0,deeponet_families,weak,sgs_ssor,complement,best,0.4991398519940994
0.001,1000.0,deeponet_families,weak,sgs_ssor,complement,frac_above_1,0.0
0.001,1000.0,deeponet_families,weak,sgs_ssor,complement,mean_squared_ratio,0.7386050680347535
0.001,1000.0,deeponet_families,weak,deeponet_scale,full,n,24
0.001,1000.0,deeponet_families,weak,deeponet_scale,full,mean,0.9563707440338548
0.001,1000.0,deeponet_families,weak,deeponet_scale,full,median,0.980728154756408
0.001,1000.0,deeponet_families,weak,deeponet_scale,full,p95,0.9946588423512079
0.001,1000.0,deeponet_families,weak,deeponet_scale,full,p99,0.9954301066783546
0.001,1000.0,deeponet_families,weak,deeponet_scale,full,worst,0.9956365762395426
0.001,1000.0,deeponet_families,weak,deeponet_scale,full,best,0.8267198455824685
0.001,1000.0,deeponet_families,weak,deeponet_scale,full,frac_above_1,0.0
0.001,1000.0,deeponet_families,weak,deeponet_scale,full,mean_squared_ratio,0.9172229656273106
0.001,1000.0,deeponet_families,weak,deeponet_scale,complement,n,24
0.001,1000.0,deeponet_families,weak,deeponet_scale,complement,mean,0.9529094964007246
0.001,1000.0,deeponet_families,weak,deeponet_scale,complement,median,0.9789448868081265
0.001,1000.0,deeponet_families,weak,deeponet_scale,complement,p95,0.9946418851179671
0.001,1000.0,deeponet_families,weak,deeponet_scale,complement,p99,0.995413036076766
0.001,1000.0,deeponet_families,weak,deeponet_scale,complement,worst,0.9956166247342625
0.001,1000.0,deeponet_families,weak,deeponet_scale,complement,best,0.79308958532521
0.001,1000.0,deeponet_families,weak,deeponet_scale,complement,frac_above_1,0.0
0.001,1000.0,deeponet_families,weak,deeponet_scale,complement,mean_squared_ratio,0.9114230399968021
0.001,1000.0,deeponet_families,survivor,jacobi,full,n,24
0.001,1000.0,deeponet_families,survivor,jacobi,full,mean,0.8593411385003273
0.001,1000.0,deeponet_families,survivor,jacobi,full,median,0.8900522703077611
0.001,1000.0,deeponet_families,survivor,jacobi,full,p95,0.9638031781705997
0.001,1000.0,deeponet_families,survivor,jacobi,full,p99,0.9721195858610069
0.001,1000.0,deeponet_families,survivor,jacobi,full,worst,0.9743454273249942
0.001,1000.0,deeponet_families,survivor,jacobi,full,best,0.6640822583672045
0.001,1000.0,deeponet_families,survivor,jacobi,full,frac_above_1,0.0
0.001,1000.0,deeponet_families,survivor,jacobi,full,mean_squared_ratio,0.7481093810073244
0.001,1000.0,deeponet_families,survivor,jacobi,complement,n,24
0.001,1000.0,deeponet_families,survivor,jacobi,complement,mean,0.8404514111898637
0.001,1000.0,deeponet_families,survivor,jacobi,complement,median,0.8751500481307277
0.001,1000.0,deeponet_families,survivor,jacobi,complement,p95,0.9633981755399069
0.001,1000.0,deeponet_families,survivor,jacobi,complement,p99,0.9711354308736864
0.001,1000.0,deeponet_families,survivor,jacobi,complement,worst,0.9731907332800265
0.001,1000.0,deeponet_families,survivor,jacobi,complement,best,0.6289754636148644
0.001,1000.0,deeponet_families,survivor,jacobi,complement,frac_above_1,0.0
0.001,1000.0,deeponet_families,survivor,jacobi,complement,mean_squared_ratio,0.7186155245470379
0.001,1000.0,deeponet_families,survivor,gs,full,n,24
0.001,1000.0,deeponet_families,survivor,gs,full,mean,0.6888742519404559
0.001,1000.0,deeponet_families,survivor,gs,full,median,0.5781037197194344
0.001,1000.0,deeponet_families,survivor,gs,full,p95,0.9237198095295616
0.001,1000.0,deeponet_families,survivor,gs,full,p99,0.9468183560054204
0.001,1000.0,deeponet_families,survivor,gs,full,worst,0.9531003131846703
0.001,1000.0,deeponet_families,survivor,gs,full,best,0.5211479102850353
0.001,1000.0,deeponet_families,survivor,gs,full,frac_above_1,0.0
0.001,1000.0,deeponet_families,survivor,gs,full,mean_squared_ratio,0.5043569161326951
0.001,1000.0,deeponet_families,survivor,gs,complement,n,24
0.001,1000.0,deeponet_families,survivor,gs,complement,mean,0.6611090367834865
0.001,1000.0,deeponet_families,survivor,gs,complement,median,0.5300740409531972
0.001,1000.0,deeponet_families,survivor,gs,complement,p95,0.9229721271020868
0.001,1000.0,deeponet_families,survivor,gs,complement,p99,0.9450544731874431
0.001,1000.0,deeponet_families,survivor,gs,complement,worst,0.951032133150397
0.001,1000.0,deeponet_families,survivor,gs,complement,best,0.45914017380776057
0.001,1000.0,deeponet_families,survivor,gs,complement,frac_above_1,0.0
0.001,1000.0,deeponet_families,survivor,gs,complement,mean_squared_ratio,0.4736123537910773
0.001,1000.0,deeponet_families,survivor,sgs_ssor,full,n,24
0.001,1000.0,deeponet_families,survivor,sgs_ssor,full,mean,0.5510531504468279
0.001,1000.0,deeponet_families,survivor,sgs_ssor,full,median,0.40521598120565716
0.001,1000.0,deeponet_families,survivor,sgs_ssor,full,p95,0.8679882921847293
0.001,1000.0,deeponet_families,survivor,sgs_ssor,full,p99,0.9060964724476696
0.001,1000.0,deeponet_families,survivor,sgs_ssor,full,worst,0.9166267890742484
0.001,1000.0,deeponet_families,survivor,sgs_ssor,full,best,0.3186371055738462
0.001,1000.0,deeponet_families,survivor,sgs_ssor,full,frac_above_1,0.0
0.001,1000.0,deeponet_families,survivor,sgs_ssor,full,mean_squared_ratio,0.3573189040410754
0.001,1000.0,deeponet_families,survivor,sgs_ssor,complement,n,24
0.001,1000.0,deeponet_families,survivor,sgs_ssor,complement,mean,0.541266649025844
0.001,1000.0,deeponet_families,survivor,sgs_ssor,complement,median,0.39870171653124997
0.001,1000.0,deeponet_families,survivor,sgs_ssor,complement,p95,0.8670512353727144
0.001,1000.0,deeponet_families,survivor,sgs_ssor,complement,p99,0.9053265537838268
0.001,1000.0,deeponet_families,survivor,sgs_ssor,complement,worst,0.9157856072835001
0.001,1000.0,deeponet_families,survivor,sgs_ssor,complement,best,0.3031097703304004
0.001,1000.0,deeponet_families,survivor,sgs_ssor,complement,frac_above_1,0.0
0.001,1000.0,deeponet_families,survivor,sgs_ssor,complement,mean_squared_ratio,0.3497733862562635
0.001,1000.0,deeponet_families,survivor,deeponet_scale,full,n,24
0.001,1000.0,deeponet_families,survivor,deeponet_scale,full,mean,0.6968164732601806
0.001,1000.0,deeponet_families,survivor,deeponet_scale,full,median,0.6145948138368988
0.001,1000.0,deeponet_families,survivor,deeponet_scale,full,p95,0.9589045293859962
0.001,1000.0,deeponet_families,survivor,deeponet_scale,full,p99,0.9663976218320822
0.001,1000.0,deeponet_families,survivor,deeponet_scale,full,worst,0.967733703777722
0.001,1000.0,deeponet_families,survivor,deeponet_scale,full,best,0.4665703827294835
0.001,1000.0,deeponet_families,survivor,deeponet_scale,full,frac_above_1,0.0
0.001,1000.0,deeponet_families,survivor,deeponet_scale,full,mean_squared_ratio,0.5252749101424824
0.001,1000.0,deeponet_families,survivor,deeponet_scale,complement,n,24
0.001,1000.0,deeponet_families,survivor,deeponet_scale,complement,mean,0.680807520265175
0.001,1000.0,deeponet_families,survivor,deeponet_scale,complement,median,0.594981608817361
0.001,1000.0,deeponet_families,survivor,deeponet_scale,complement,p95,0.9575223760152741
0.001,1000.0,deeponet_families,survivor,deeponet_scale,complement,p99,0.9647715622647147
0.001,1000.0,deeponet_families,survivor,deeponet_scale,complement,worst,0.9658975301572813
0.001,1000.0,deeponet_families,survivor,deeponet_scale,complement,best,0.42905401520708286
0.001,1000.0,deeponet_families,survivor,deeponet_scale,complement,frac_above_1,0.0
0.001,1000.0,deeponet_families,survivor,deeponet_scale,complement,mean_squared_ratio,0.5074267653483123
0.001,1000.0,classical_stress,stress,jacobi,full,n,23
0.001,1000.0,classical_stress,stress,jacobi,full,mean,0.820101297226038
0.001,1000.0,classical_stress,stress,jacobi,full,median,0.9204545173533555
0.001,1000.0,classical_stress,stress,jacobi,full,p95,0.992920508606905
0.001,1000.0,classical_stress,stress,jacobi,full,p99,0.9930450660670709
0.001,1000.0,classical_stress,stress,jacobi,full,worst,0.9930704167837373
0.001,1000.0,classical_stress,stress,jacobi,full,best,0.314402806817719
0.001,1000.0,classical_stress,stress,jacobi,full,frac_above_1,0.0
0.001,1000.0,classical_stress,stress,jacobi,full,mean_squared_ratio,0.7227797367882781
0.001,1000.0,classical_stress,stress,jacobi,complement,n,23
0.001,1000.0,classical_stress,stress,jacobi,complement,mean,0.7715733519938175
0.001,1000.0,classical_stress,stress,jacobi,complement,median,0.9106357276677358
0.001,1000.0,classical_stress,stress,jacobi,complement,p95,0.9929205023915421
0.001,1000.0,classical_stress,stress,jacobi,complement,p99,0.9930450655137828
0.001,1000.0,classical_stress,stress,jacobi,complement,worst,0.9930704167837375
0.001,1000.0,classical_stress,stress,jacobi,complement,best,0.0225026877537854
0.001,1000.0,classical_stress,stress,jacobi,complement,frac_above_1,0.0
0.001,1000.0,classical_stress,stress,jacobi,complement,mean_squared_ratio,0.6767777924070623
0.001,1000.0,classical_stress,stress,gs,full,n,23
0.001,1000.0,classical_stress,stress,gs,full,mean,0.7231312802034321
0.001,1000.0,classical_stress,stress,gs,full,median,0.7482137164586747
0.001,1000.0,classical_stress,stress,gs,full,p95,0.9808842285966666
0.001,1000.0,classical_stress,stress,gs,full,p99,0.9811618821282545
0.001,1000.0,classical_stress,stress,gs,full,worst,0.9812238099524799
0.001,1000.0,classical_stress,stress,gs,full,best,0.3852583195559337
0.001,1000.0,classical_stress,stress,gs,full,frac_above_1,0.0
0.001,1000.0,classical_stress,stress,gs,full,mean_squared_ratio,0.5703650628266635
0.001,1000.0,classical_stress,stress,gs,complement,n,23
0.001,1000.0,classical_stress,stress,gs,complement,mean,0.663849422278054
0.001,1000.0,classical_stress,stress,gs,complement,median,0.7469361578915914
0.001,1000.0,classical_stress,stress,gs,complement,p95,0.9808573609449204
0.001,1000.0,classical_stress,stress,gs,complement,p99,0.9811327892665256
0.001,1000.0,classical_stress,stress,gs,complement,worst,0.981194211530139
0.001,1000.0,classical_stress,stress,gs,complement,best,0.27904248234970835
0.001,1000.0,classical_stress,stress,gs,complement,frac_above_1,0.0
0.001,1000.0,classical_stress,stress,gs,complement,mean_squared_ratio,0.5197490070628674
0.001,1000.0,classical_stress,stress,sgs_ssor,full,n,23
0.001,1000.0,classical_stress,stress,sgs_ssor,full,mean,0.607849978231654
0.001,1000.0,classical_stress,stress,sgs_ssor,full,median,0.5734468083248778
0.001,1000.0,classical_stress,stress,sgs_ssor,full,p95,0.9624907669465952
0.001,1000.0,classical_stress,stress,sgs_ssor,full,p99,0.9630130032676355
0.001,1000.0,classical_stress,stress,sgs_ssor,full,worst,0.9631298455678209
0.001,1000.0,classical_stress,stress,sgs_ssor,full,best,0.20299892196499605
0.001,1000.0,classical_stress,stress,sgs_ssor,full,frac_above_1,0.0
0.001,1000.0,classical_stress,stress,sgs_ssor,full,mean_squared_ratio,0.45063750783084067
0.001,1000.0,classical_stress,stress,sgs_ssor,complement,n,23
0.001,1000.0,classical_stress,stress,sgs_ssor,complement,mean,0.5877551418367962
0.001,1000.0,classical_stress,stress,sgs_ssor,complement,median,0.5710909167327846
0.001,1000.0,classical_stress,stress,sgs_ssor,complement,p95,0.9624774283982184
0.001,1000.0,classical_stress,stress,sgs_ssor,complement,p99,0.9630014342884532
0.001,1000.0,classical_stress,stress,sgs_ssor,complement,worst,0.963118762779473
0.001,1000.0,classical_stress,stress,sgs_ssor,complement,best,0.1693470165590034
0.001,1000.0,classical_stress,stress,sgs_ssor,complement,frac_above_1,0.0
0.001,1000.0,classical_stress,stress,sgs_ssor,complement,mean_squared_ratio,0.43847630401535004
0.001,1000.0,deeponet_stress,stress,jacobi,full,n,23
0.001,1000.0,deeponet_stress,stress,jacobi,full,mean,0.820101297226038
0.001,1000.0,deeponet_stress,stress,jacobi,full,median,0.9204545173533555
0.001,1000.0,deeponet_stress,stress,jacobi,full,p95,0.992920508606905
0.001,1000.0,deeponet_stress,stress,jacobi,full,p99,0.9930450660670709
0.001,1000.0,deeponet_stress,stress,jacobi,full,worst,0.9930704167837373
0.001,1000.0,deeponet_stress,stress,jacobi,full,best,0.314402806817719
0.001,1000.0,deeponet_stress,stress,jacobi,full,frac_above_1,0.0
0.001,1000.0,deeponet_stress,stress,jacobi,full,mean_squared_ratio,0.7227797367882781
0.001,1000.0,deeponet_stress,stress,jacobi,complement,n,23
0.001,1000.0,deeponet_stress,stress,jacobi,complement,mean,0.7715733519938175
0.001,1000.0,deeponet_stress,stress,jacobi,complement,median,0.9106357276677358
0.001,1000.0,deeponet_stress,stress,jacobi,complement,p95,0.9929205023915421
0.001,1000.0,deeponet_stress,stress,jacobi,complement,p99,0.9930450655137828
0.001,1000.0,deeponet_stress,stress,jacobi,complement,worst,0.9930704167837375
0.001,1000.0,deeponet_stress,stress,jacobi,complement,best,0.0225026877537854
0.001,1000.0,deeponet_stress,stress,jacobi,complement,frac_above_1,0.0
0.001,1000.0,deeponet_stress,stress,jacobi,complement,mean_squared_ratio,0.6767777924070623
0.001,1000.0,deeponet_stress,stress,gs,full,n,23
0.001,1000.0,deeponet_stress,stress,gs,full,mean,0.7231312802034321
0.001,1000.0,deeponet_stress,stress,gs,full,median,0.7482137164586747
0.001,1000.0,deeponet_stress,stress,gs,full,p95,0.9808842285966666
0.001,1000.0,deeponet_stress,stress,gs,full,p99,0.9811618821282545
0.001,1000.0,deeponet_stress,stress,gs,full,worst,0.9812238099524799
0.001,1000.0,deeponet_stress,stress,gs,full,best,0.3852583195559337
0.001,1000.0,deeponet_stress,stress,gs,full,frac_above_1,0.0
0.001,1000.0,deeponet_stress,stress,gs,full,mean_squared_ratio,0.5703650628266635
0.001,1000.0,deeponet_stress,stress,gs,complement,n,23
0.001,1000.0,deeponet_stress,stress,gs,complement,mean,0.663849422278054
0.001,1000.0,deeponet_stress,stress,gs,complement,median,0.7469361578915914
0.001,1000.0,deeponet_stress,stress,gs,complement,p95,0.9808573609449204
0.001,1000.0,deeponet_stress,stress,gs,complement,p99,0.9811327892665256
0.001,1000.0,deeponet_stress,stress,gs,complement,worst,0.981194211530139
0.001,1000.0,deeponet_stress,stress,gs,complement,best,0.27904248234970835
0.001,1000.0,deeponet_stress,stress,gs,complement,frac_above_1,0.0
0.001,1000.0,deeponet_stress,stress,gs,complement,mean_squared_ratio,0.5197490070628674
0.001,1000.0,deeponet_stress,stress,sgs_ssor,full,n,23
0.001,1000.0,deeponet_stress,stress,sgs_ssor,full,mean,0.607849978231654
0.001,1000.0,deeponet_stress,stress,sgs_ssor,full,median,0.5734468083248778
0.001,1000.0,deeponet_stress,stress,sgs_ssor,full,p95,0.9624907669465952
0.001,1000.0,deeponet_stress,stress,sgs_ssor,full,p99,0.9630130032676355
0.001,1000.0,deeponet_stress,stress,sgs_ssor,full,worst,0.9631298455678209
0.001,1000.0,deeponet_stress,stress,sgs_ssor,full,best,0.20299892196499605
0.001,1000.0,deeponet_stress,stress,sgs_ssor,full,frac_above_1,0.0
0.001,1000.0,deeponet_stress,stress,sgs_ssor,full,mean_squared_ratio,0.45063750783084067
0.001,1000.0,deeponet_stress,stress,sgs_ssor,complement,n,23
0.001,1000.0,deeponet_stress,stress,sgs_ssor,complement,mean,0.5877551418367962
0.001,1000.0,deeponet_stress,stress,sgs_ssor,complement,median,0.5710909167327846
0.001,1000.0,deeponet_stress,stress,sgs_ssor,complement,p95,0.9624774283982184
0.001,1000.0,deeponet_stress,stress,sgs_ssor,complement,p99,0.9630014342884532
0.001,1000.0,deeponet_stress,stress,sgs_ssor,complement,worst,0.963118762779473
0.001,1000.0,deeponet_stress,stress,sgs_ssor,complement,best,0.1693470165590034
0.001,1000.0,deeponet_stress,stress,sgs_ssor,complement,frac_above_1,0.0
0.001,1000.0,deeponet_stress,stress,sgs_ssor,complement,mean_squared_ratio,0.43847630401535004
0.001,1000.0,deeponet_stress,stress,deeponet_scale,full,n,23
0.001,1000.0,deeponet_stress,stress,deeponet_scale,full,mean,0.6889858793839571
0.001,1000.0,deeponet_stress,stress,deeponet_scale,full,median,0.8670230771707498
0.001,1000.0,deeponet_stress,stress,deeponet_scale,full,p95,0.9941414582860674
0.001,1000.0,deeponet_stress,stress,deeponet_scale,full,p99,0.9967543692166748
0.001,1000.0,deeponet_stress,stress,deeponet_scale,full,worst,0.9973695992692787
0.001,1000.0,deeponet_stress,stress,deeponet_scale,full,best,0.2403597751421497
0.001,1000.0,deeponet_stress,stress,deeponet_scale,full,frac_above_1,0.0
0.001,1000.0,deeponet_stress,stress,deeponet_scale,full,mean_squared_ratio,0.5611465417479176
0.001,1000.0,deeponet_stress,stress,deeponet_scale,complement,n,23
0.001,1000.0,deeponet_stress,stress,deeponet_scale,complement,mean,0.6440014251190638
0.001,1000.0,deeponet_stress,stress,deeponet_scale,complement,median,0.8657419189337786
0.001,1000.0,deeponet_stress,stress,deeponet_scale,complement,p95,0.9939740627902227
0.001,1000.0,deeponet_stress,stress,deeponet_scale,complement,p99,0.9966947646168426
0.001,1000.0,deeponet_stress,stress,deeponet_scale,complement,worst,0.9973449617420174
0.001,1000.0,deeponet_stress,stress,deeponet_scale,complement,best,0.09952933630984825
0.001,1000.0,deeponet_stress,stress,deeponet_scale,complement,frac_above_1,0.0
0.001,1000.0,deeponet_stress,stress,deeponet_scale,complement,mean_squared_ratio,0.5352274957372808
0.001,1000.0,vcycle,-,learned,stationary,mean_rate,0.9776239527864066
0.001,1000.0,vcycle,-,learned,stationary,worst_rate,0.9791334349990833
0.001,1000.0,vcycle,-,learned,stationary,mean_iterations,30.0
0.001,1000.0,vcycle,-,learned,stationary,seconds_per_rhs,0.6664080250193365
0.0001,10000.0,classical_families,gaussian,jacobi,full,n,24
0.0001,10000.0,classical_families,gaussian,jacobi,full,mean,0.5380149968678034
0.0001,10000.0,classical_families,gaussian,jacobi,full,median,0.5377470330401207
0.0001,10000.0,classical_families,gaussian,jacobi,full,p95,0.5624566074292601
0.0001,10000.0,classical_families,gaussian,jacobi,full,p99,0.5716048912997036
0.0001,10000.0,classical_families,gaussian,jacobi,full,worst,0.5738063850947003
0.0001,10000.0,classical_families,gaussian,jacobi,full,best,0.5121968693528157
0.0001,10000.0,classical_families,gaussian,jacobi,full,frac_above_1,0.0
0.0001,10000.0,classical_families,gaussian,jacobi,full,mean_squared_ratio,0.2896866592842811
0.0001,10000.0,classical_families,gaussian,jacobi,complement,n,24
0.0001,10000.0,classical_families,gaussian,jacobi,complement,mean,0.4882985058661517
0.0001,10000.0,classical_families,gaussian,jacobi,complement,median,0.48861716542479783
0.0001,10000.0,classical_families,gaussian,jacobi,complement,p95,0.5121091916718153
0.0001,10000.0,classical_families,gaussian,jacobi,complement,p99,0.5222990828258387
0.0001,10000.0,classical_families,gaussian,jacobi,complement,worst,0.525174130420881
0.0001,10000.0,classical_families,gaussian,jacobi,complement,best,0.4569121797786619
0.0001,10000.0,classical_families,gaussian,jacobi,complement,frac_above_1,0.0
0.0001,10000.0,classical_families,gaussian,jacobi,complement,mean_squared_ratio,0.23870628883595954
0.0001,10000.0,classical_families,gaussian,gs,full,n,24
0.0001,10000.0,classical_families,gaussian,gs,full,mean,0.44057030937103364
0.0001,10000.0,classical_families,gaussian,gs,full,median,0.440052559202483
0.0001,10000.0,classical_families,gaussian,gs,full,p95,0.44991367858058207
0.0001,10000.0,classical_families,gaussian,gs,full,p99,0.4540151092206289
0.0001,10000.0,classical_families,gaussian,gs,full,worst,0.4551738175430187
0.0001,10000.0,classical_families,gaussian,gs,full,best,0.4265928144298148
0.0001,10000.0,classical_families,gaussian,gs,full,frac_above_1,0.0
0.0001,10000.0,classical_families,gaussian,gs,full,mean_squared_ratio,0.19414014607089994
0.0001,10000.0,classical_families,gaussian,gs,complement,n,24
0.0001,10000.0,classical_families,gaussian,gs,complement,mean,0.36178426806674785
0.0001,10000.0,classical_families,gaussian,gs,complement,median,0.3613484831521023
0.0001,10000.0,classical_families,gaussian,gs,complement,p95,0.3740432789021038
0.0001,10000.0,classical_families,gaussian,gs,complement,p99,0.3782176381867197
0.0001,10000.0,classical_families,gaussian,gs,complement,worst,0.3792851026349776
0.0001,10000.0,classical_families,gaussian,gs,complement,best,0.34803996140561977
0.0001,10000.0,classical_families,gaussian,gs,complement,frac_above_1,0.0
0.0001,10000.0,classical_families,gaussian,gs,complement,mean_squared_ratio,0.13095048955852104
0.0001,10000.0,classical_families,gaussian,sgs_ssor,full,n,24
0.0001,10000.0,classical_families,gaussian,sgs_ssor,full,mean,0.25090397060460884
0.0001,10000.0,classical_families,gaussian,sgs_ssor,full,median,0.2506948446880747
0.0001,10000.0,classical_families,gaussian,sgs_ssor,full,p95,0.2593118570599656
0.0001,10000.0,classical_families,gaussian,sgs_ssor,full,p99,0.2606244610394296
0.0001,10000.0,classical_families,gaussian,sgs_ssor,full,worst,0.2609538400879761
0.0001,10000.0,classical_families,gaussian,sgs_ssor,full,best,0.23764139830198708
0.0001,10000.0,classical_families,gaussian,sgs_ssor,full,frac_above_1,0.0
0.0001,10000.0,classical_families,gaussian,sgs_ssor,full,mean_squared_ratio,0.06297793373199495
0.0001,10000.0,classical_families,gaussian,sgs_ssor,complement,n,24
0.0001,10000.0,classical_families,gaussian,sgs_ssor,complement,mean,0.23106088990052628
0.0001,10000.0,classical_families,gaussian,sgs_ssor,complement,median,0.2302623578247563
0.0001,10000.0,classical_families,gaussian,sgs_ssor,complement,p95,0.23946388321110873
0.0001,10000.0,classical_families,gaussian,sgs_ssor,complement,p99,0.24027626509092778
0.0001,10000.0,classical_families,gaussian,sgs_ssor,complement,worst,0.2403859786041936
0.0001,10000.0,classical_families,gaussian,sgs_ssor,complement,best,0.22052121630886873
0.0001,10000.0,classical_families,gaussian,sgs_ssor,complement,frac_above_1,0.0
0.0001,10000.0,classical_families,gaussian,sgs_ssor,complement,mean_squared_ratio,0.05340894363497356
0.0001,10000.0,classical_families,fourier,jacobi,full,n,24
0.0001,10000.0,classical_families,fourier,jacobi,full,mean,0.4732824099201531
0.0001,10000.0,classical_families,fourier,jacobi,full,median,0.4758624342741524
0.0001,10000.0,classical_families,fourier,jacobi,full,p95,0.6676090840578802
0.0001,10000.0,classical_families,fourier,jacobi,full,p99,0.7016767594701254
0.0001,10000.0,classical_families,fourier,jacobi,full,worst,0.7098493606401133
0.0001,10000.0,classical_families,fourier,jacobi,full,best,0.29320448054832865
0.0001,10000.0,classical_families,fourier,jacobi,full,frac_above_1,0.0
0.0001,10000.0,classical_families,fourier,jacobi,full,mean_squared_ratio,0.24177685993758782
0.0001,10000.0,classical_families,fourier,jacobi,complement,n,24
0.0001,10000.0,classical_families,fourier,jacobi,complement,mean,0.42538021225778255
0.0001,10000.0,classical_families,fourier,jacobi,complement,median,0.4274961564647447
0.0001,10000.0,classical_families,fourier,jacobi,complement,p95,0.5946982931275152
0.0001,10000.0,classical_families,fourier,jacobi,complement,p99,0.6753079277777608
0.0001,10000.0,classical_families,fourier,jacobi,complement,worst,0.6991057952898695
0.0001,10000.0,classical_families,fourier,jacobi,complement,best,0.1588588146830849
0.0001,10000.0,classical_families,fourier,jacobi,complement,frac_above_1,0.0
0.0001,10000.0,classical_families,fourier,jacobi,complement,mean_squared_ratio,0.19985099856657973
0.0001,10000.0,classical_families,fourier,gs,full,n,24
0.0001,10000.0,classical_families,fourier,gs,full,mean,0.42392464867385593
0.0001,10000.0,classical_families,fourier,gs,full,median,0.4385797774098193
0.0001,10000.0,classical_families,fourier,gs,full,p95,0.5116032766993248
0.0001,10000.0,classical_families,fourier,gs,full,p99,0.547616275100253
0.0001,10000.0,classical_families,fourier,gs,full,worst,0.5578083788126194
0.0001,10000.0,classical_families,fourier,gs,full,best,0.24036690684231007
0.0001,10000.0,classical_families,fourier,gs,full,frac_above_1,0.0
0.0001,10000.0,classical_families,fourier,gs,full,mean_squared_ratio,0.184745751018108
0.0001,10000.0,classical_families,fourier,gs,complement,n,24
0.0001,10000.0,classical_families,fourier,gs,complement,mean,0.33794969860770774
0.0001,10000.0,classical_families,fourier,gs,complement,median,0.33143478850256325
0.0001,10000.0,classical_families,fourier,gs,complement,p95,0.4954282931586972
0.0001,10000.0,classical_families,fourier,gs,complement,p99,0.5269432614829895
0.0001,10000.0,classical_families,fourier,gs,complement,worst,0.5325972974028286
0.0001,10000.0,classical_families,fourier,gs,complement,best,0.17851009493570044
0.0001,10000.0,classical_families,fourier,gs,complement,frac_above_1,0.0
0.0001,10000.0,classical_families,fourier,gs,complement,mean_squared_ratio,0.12033616769100736
0.0001,10000.0,classical_families,fourier,sgs_ssor,full,n,24
0.0001,10000.0,classical_families,fourier,sgs_ssor,full,mean,0.24053662871659143
0.0001,10000.0,classical_families,fourier,sgs_ssor,full,median,0.24458582795643882
0.0001,10000.0,classical_families,fourier,sgs_ssor,full,p95,0.3183428732837525
0.0001,10000.0,classical_families,fourier,sgs_ssor,full,p99,0.3277628000076074
0.0001,10000.0,classical_families,fourier,sgs_ssor,full,worst,0.3303153122610742
0.0001,10000.0,classical_families,fourier,sgs_ssor,full,best,0.11470424222809356
0.0001,10000.0,classical_families,fourier,sgs_ssor,full,frac_above_1,0.0
0.0001,10000.0,classical_families,fourier,sgs_ssor,full,mean_squared_ratio,0.06057983206298631
0.0001,10000.0,classical_families,fourier,sgs_ssor,complement,n,24
0.0001,10000.0,classical_families,fourier,sgs_ssor,complement,mean,0.2219915036156895
0.0001,10000.0,classical_families,fourier,sgs_ssor,complement,median,0.23023761666512182
0.0001,10000.0,classical_families,fourier,sgs_ssor,complement,p95,0.30804206050264515
0.0001,10000.0,classical_families,fourier,sgs_ssor,complement,p99,0.320270977594883
0.0001,10000.0,classical_families,fourier,sgs_ssor,complement,worst,0.3233682778355286
0.0001,10000.0,classical_families,fourier,sgs_ssor,complement,best,0.10855241329352756
0.0001,10000.0,classical_families,fourier,sgs_ssor,complement,frac_above_1,0.0
0.0001,10000.0,classical_families,fourier,sgs_ssor,complement,mean_squared_ratio,0.05194763092203133
0.0001,10000.0,classical_families,weak,jacobi,full,n,24
0.0001,10000.0,classical_families,weak,jacobi,full,mean,0.9611737461489822
0.0001,10000.0,classical_families,weak,jacobi,full,median,0.9835575375170648
0.0001,10000.0,classical_families,weak,jacobi,full,p95,0.993492138029257
0.0001,10000.0,classical_families,weak,jacobi,full,p99,0.9935855839680263
0.0001,10000.0,classical_families,weak,jacobi,full,worst,0.993613496391295
0.0001,10000.0,classical_families,weak,jacobi,full,best,0.8217163372568992
0.0001,10000.0,classical_families,weak,jacobi,full,frac_above_1,0.0
0.0001,10000.0,classical_families,weak,jacobi,full,mean_squared_ratio,0.9259684788140357
0.0001,10000.0,classical_families,weak,jacobi,complement,n,24
0.0001,10000.0,classical_families,weak,jacobi,complement,mean,0.9609468185392366
0.0001,10000.0,classical_families,weak,jacobi,complement,median,0.9835517158349808
0.0001,10000.0,classical_families,weak,jacobi,complement,p95,0.9934921355358438
0.0001,10000.0,classical_families,weak,jacobi,complement,p99,0.9935855833945411
0.0001,10000.0,classical_families,weak,jacobi,complement,worst,0.9936134963912948
0.0001,10000.0,classical_families,weak,jacobi,complement,best,0.8184271314185819
0.0001,10000.0,classical_families,weak,jacobi,complement,frac_above_1,0.0
0.0001,10000.0,classical_families,weak,jacobi,complement,mean_squared_ratio,0.9255878388018105
0.0001,10000.0,classical_families,weak,gs,full,n,24
0.0001,10000.0,classical_families,weak,gs,full,mean,0.9164169308329407
0.0001,10000.0,classical_families,weak,gs,full,median,0.9585595664741682
0.0001,10000.0,classical_families,weak,gs,full,p95,0.9824172438969383
0.0001,10000.0,classical_families,weak,gs,full,p99,0.9826225673641927
0.0001,10000.0,classical_families,weak,gs,full,worst,0.9826827438244803
0.0001,10000.0,classical_families,weak,gs,full,best,0.7011851686096813
0.0001,10000.0,classical_families,weak,gs,full,frac_above_1,0.0
0.0001,10000.0,classical_families,weak,gs,full,mean_squared_ratio,0.846943145156365
0.0001,10000.0,classical_families,weak,gs,complement,n,24
0.0001,10000.0,classical_families,weak,gs,complement,mean,0.9159774678477214
0.0001,10000.0,classical_families,weak,gs,complement,median,0.9584938504235382
0.0001,10000.0,classical_families,weak,gs,complement,p95,0.9823910737023791
0.0001,10000.0,classical_families,weak,gs,complement,p99,0.9825953356324472
0.0001,10000.0,classical_families,weak,gs,complement,worst,0.9826552149286067
0.0001,10000.0,classical_families,weak,gs,complement,best,0.6992300928576757
0.0001,10000.0,classical_families,weak,gs,complement,frac_above_1,0.0
0.0001,10000.0,classical_families,weak,gs,complement,mean_squared_ratio,0.8462791670699094
0.0001,10000.0,classical_families,weak,sgs_ssor,full,n,24
0.0001,10000.0,classical_families,weak,sgs_ssor,full,mean,0.8501482312096917
0.0001,10000.0,classical_families,weak,sgs_ssor,full,median,0.9204492151486038
0.0001,10000.0,classical_families,weak,sgs_ssor,full,p95,0.9654541348603243
0.0001,10000.0,classical_families,weak,sgs_ssor,full,p99,0.965847493576691
0.0001,10000.0,classical_families,weak,sgs_ssor,full,worst,0.9659627251094312
0.0001,10000.0,classical_families,weak,sgs_ssor,full,best,0.5033197762409523
0.0001,10000.0,classical_families,weak,sgs_ssor,full,frac_above_1,0.0
0.0001,10000.0,classical_families,weak,sgs_ssor,full,mean_squared_ratio,0.7426698768395315
0.0001,10000.0,classical_families,weak,sgs_ssor,complement,n,24
0.0001,10000.0,classical_families,weak,sgs_ssor,complement,mean,0.8495395774058553
0.0001,10000.0,classical_families,weak,sgs_ssor,complement,median,0.9203348785522347
0.0001,10000.0,classical_families,weak,sgs_ssor,complement,p95,0.965445099036258
0.0001,10000.0,classical_families,weak,sgs_ssor,complement,p99,0.9658374817927395
0.0001,10000.0,classical_families,weak,sgs_ssor,complement,worst,0.9659523858835642
0.0001,10000.0,classical_families,weak,sgs_ssor,complement,best,0.49994409628613673
0.0001,10000.0,classical_families,weak,sgs_ssor,complement,frac_above_1,0.0
0.0001,10000.0,classical_families,weak,sgs_ssor,complement,mean_squared_ratio,0.7419268616044187
0.0001,10000.0,classical_families,survivor,jacobi,full,n,24
0.0001,10000.0,classical_families,survivor,jacobi,full,mean,0.8594758252237439
0.0001,10000.0,classical_families,survivor,jacobi,full,median,0.8904081428572755
0.0001,10000.0,classical_families,survivor,jacobi,full,p95,0.9638314093918442
0.0001,10000.0,classical_families,survivor,jacobi,full,p99,0.972338301019557
0.0001,10000.0,classical_families,survivor,jacobi,full,worst,0.9746302762843323
0.0001,10000.0,classical_families,survivor,jacobi,full,best,0.6639522222097072
0.0001,10000.0,classical_families,survivor,jacobi,full,frac_above_1,0.0
0.0001,10000.0,classical_families,survivor,jacobi,full,mean_squared_ratio,0.748353355474818
0.0001,10000.0,classical_families,survivor,jacobi,complement,n,24
0.0001,10000.0,classical_families,survivor,jacobi,complement,mean,0.84055544391973
0.0001,10000.0,classical_families,survivor,jacobi,complement,median,0.8752892617436712
0.0001,10000.0,classical_families,survivor,jacobi,complement,p95,0.9634224430097186
0.0001,10000.0,classical_families,survivor,jacobi,complement,p99,0.971354072922889
0.0001,10000.0,classical_families,survivor,jacobi,complement,worst,0.9734767995337494
0.0001,10000.0,classical_families,survivor,jacobi,complement,best,0.6287735498555009
0.0001,10000.0,classical_families,survivor,jacobi,complement,frac_above_1,0.0
0.0001,10000.0,classical_families,survivor,jacobi,complement,mean_squared_ratio,0.7188056910469669
0.0001,10000.0,classical_families,survivor,gs,full,n,24
0.0001,10000.0,classical_families,survivor,gs,full,mean,0.688836225803084
0.0001,10000.0,classical_families,survivor,gs,full,median,0.577928449188373
0.0001,10000.0,classical_families,survivor,gs,full,p95,0.9239714625493437
0.0001,10000.0,classical_families,survivor,gs,full,p99,0.9473686510385445
0.0001,10000.0,classical_families,survivor,gs,full,worst,0.9537554078876648
0.0001,10000.0,classical_families,survivor,gs,full,best,0.5210292903593997
0.0001,10000.0,classical_families,survivor,gs,full,frac_above_1,0.0
0.0001,10000.0,classical_families,survivor,gs,full,mean_squared_ratio,0.5043830168775653
0.0001,10000.0,classical_families,survivor,gs,complement,n,24
0.0001,10000.0,classical_families,survivor,gs,complement,mean,0.6610195803648478
0.0001,10000.0,classical_families,survivor,gs,complement,median,0.5298587423984062
0.0001,10000.0,classical_families,survivor,gs,complement,p95,0.9232185154094819
0.0001,10000.0,classical_families,survivor,gs,complement,p99,0.9456060087224856
0.0001,10000.0,classical_families,survivor,gs,complement,worst,0.9516906865212763
0.0001,10000.0,classical_families,survivor,gs,complement,best,0.45895429750716743
0.0001,10000.0,classical_families,survivor,gs,complement,frac_above_1,0.0
0.0001,10000.0,classical_families,survivor,gs,complement,mean_squared_ratio,0.47358848307349
0.0001,10000.0,classical_families,survivor,sgs_ssor,full,n,24
0.0001,10000.0,classical_families,survivor,sgs_ssor,full,mean,0.5510555708888702
0.0001,10000.0,classical_families,survivor,sgs_ssor,full,median,0.4050245655894136
0.0001,10000.0,classical_families,survivor,sgs_ssor,full,p95,0.868428817146709
0.0001,10000.0,classical_families,survivor,sgs_ssor,full,p99,0.9071809295476682
0.0001,10000.0,classical_families,survivor,sgs_ssor,full,worst,0.9179011134920226
0.0001,10000.0,classical_families,survivor,sgs_ssor,full,best,0.31839990931675877
0.0001,10000.0,classical_families,survivor,sgs_ssor,full,frac_above_1,0.0
0.0001,10000.0,classical_families,survivor,sgs_ssor,full,mean_squared_ratio,0.35752889329167353
0.0001,10000.0,classical_families,survivor,sgs_ssor,complement,n,24
0.0001,10000.0,classical_families,survivor,sgs_ssor,complement,mean,0.5412437279226947
0.0001,10000.0,classical_families,survivor,sgs_ssor,complement,median,0.3984943689342001
0.0001,10000.0,classical_families,survivor,sgs_ssor,complement,p95,0.8674833198911579
0.0001,10000.0,classical_families,survivor,sgs_ssor,complement,p99,0.9064088466089221
0.0001,10000.0,classical_families,survivor,sgs_ssor,complement,worst,0.9170591448860242
0.0001,10000.0,classical_families,survivor,sgs_ssor,complement,best,0.30284850714709377
0.0001,10000.0,classical_families,survivor,sgs_ssor,complement,frac_above_1,0.0
0.0001,10000.0,classical_families,survivor,sgs_ssor,complement,mean_squared_ratio,0.34996765096622223
0.0001,10000.0,deeponet_families,gaussian,jacobi,full,n,24
0.0001,10000.0,deeponet_families,gaussian,jacobi,full,mean,0.5380149968678034
0.0001,10000.0,deeponet_families,gaussian,jacobi,full,median,0.5377470330401207
0.0001,10000.0,deeponet_families,gaussian,jacobi,full,p95,0.5624566074292601
0.0001,10000.0,deeponet_families,gaussian,jacobi,full,p99,0.5716048912997036
0.0001,10000.0,deeponet_families,gaussian,jacobi,full,worst,0.5738063850947003
0.0001,10000.0,deeponet_families,gaussian,jacobi,full,best,0.5121968693528157
0.0001,10000.0,deeponet_families,gaussian,jacobi,full,frac_above_1,0.0
0.0001,10000.0,deeponet_families,gaussian,jacobi,full,mean_squared_ratio,0.2896866592842811
0.0001,10000.0,deeponet_families,gaussian,jacobi,complement,n,24
0.0001,10000.0,deeponet_families,gaussian,jacobi,complement,mean,0.4882985058661517
0.0001,10000.0,deeponet_families,gaussian,jacobi,complement,median,0.48861716542479783
0.0001,10000.0,deeponet_families,gaussian,jacobi,complement,p95,0.5121091916718153
0.0001,10000.0,deeponet_families,gaussian,jacobi,complement,p99,0.5222990828258387
0.0001,10000.0,deeponet_families,gaussian,jacobi,complement,worst,0.525174130420881
0.0001,10000.0,deeponet_families,gaussian,jacobi,complement,best,0.4569121797786619
0.0001,10000.0,deeponet_families,gaussian,jacobi,complement,frac_above_1,0.0
0.0001,10000.0,deeponet_families,gaussian,jacobi,complement,mean_squared_ratio,0.23870628883595954
0.0001,10000.0,deeponet_families,gaussian,gs,full,n,24
0.0001,10000.0,deeponet_families,gaussian,gs,full,mean,0.44057030937103364
0.0001,10000.0,deeponet_families,gaussian,gs,full,median,0.440052559202483
0.0001,10000.0,deeponet_families,gaussian,gs,full,p95,0.44991367858058207
0.0001,10000.0,deeponet_families,gaussian,gs,full,p99,0.4540151092206289
0.0001,10000.0,deeponet_families,gaussian,gs,full,worst,0.4551738175430187
0.0001,10000.0,deeponet_families,gaussian,gs,full,best,0.4265928144298148
0.0001,10000.0,deeponet_families,gaussian,gs,full,frac_above_1,0.0
0.0001,10000.0,deeponet_families,gaussian,gs,full,mean_squared_ratio,0.19414014607089994
0.0001,10000.0,deeponet_families,gaussian,gs,complement,n,24
0.0001,10000.0,deeponet_families,gaussian,gs,complement,mean,0.36178426806674785
0.0001,10000.0,deeponet_families,gaussian,gs,complement,median,0.3613484831521023
0.0001,10000.0,deeponet_families,gaussian,gs,complement,p95,0.3740432789021038
0.0001,10000.0,deeponet_families,gaussian,gs,complement,p99,0.3782176381867197
0.0001,10000.0,deeponet_families,gaussian,gs,complement,worst,0.3792851026349776
0.0001,10000.0,deeponet_families,gaussian,gs,complement,best,0.34803996140561977
0.0001,10000.0,deeponet_families,gaussian,gs,complement,frac_above_1,0.0
0.0001,10000.0,deeponet_families,gaussian,gs,complement,mean_squared_ratio,0.13095048955852104
0.0001,10000.0,deeponet_families,gaussian,sgs_ssor,full,n,24
0.0001,10000.0,deeponet_families,gaussian,sgs_ssor,full,mean,0.25090397060460884
0.0001,10000.0,deeponet_families,gaussian,sgs_ssor,full,median,0.2506948446880747
0.0001,10000.0,deeponet_families,gaussian,sgs_ssor,full,p95,0.2593118570599656
0.0001,10000.0,deeponet_families,gaussian,sgs_ssor,full,p99,0.2606244610394296
0.0001,10000.0,deeponet_families,gaussian,sgs_ssor,full,worst,0.2609538400879761
0.0001,10000.0,deeponet_families,gaussian,sgs_ssor,full,best,0.23764139830198708
0.0001,10000.0,deeponet_families,gaussian,sgs_ssor,full,frac_above_1,0.0
0.0001,10000.0,deeponet_families,gaussian,sgs_ssor,full,mean_squared_ratio,0.06297793373199495
0.0001,10000.0,deeponet_families,gaussian,sgs_ssor,complement,n,24
0.0001,10000.0,deeponet_families,gaussian,sgs_ssor,complement,mean,0.23106088990052628
0.0001,10000.0,deeponet_families,gaussian,sgs_ssor,complement,median,0.2302623578247563
0.0001,10000.0,deeponet_families,gaussian,sgs_ssor,complement,p95,0.23946388321110873
0.0001,10000.0,deeponet_families,gaussian,sgs_ssor,complement,p99,0.24027626509092778
0.0001,10000.0,deeponet_families,gaussian,sgs_ssor,complement,worst,0.2403859786041936
0.0001,10000.0,deeponet_families,gaussian,sgs_ssor,complement,best,0.22052121630886873
0.0001,10000.0,deeponet_families,gaussian,sgs_ssor,complement,frac_above_1,0.0
0.0001,10000.0,deeponet_families,gaussian,sgs_ssor,complement,mean_squared_ratio,0.05340894363497356
0.0001,10000.0,deeponet_families,gaussian,deeponet_scale,full,n,24
0.0001,10000.0,deeponet_families,gaussian,deeponet_scale,full,mean,0.42518768822068603
0.0001,10000.0,deeponet_families,gaussian,deeponet_scale,full,median,0.4262189988382678
0.0001,10000.0,deeponet_families,gaussian,deeponet_scale,full,p95,0.44258039744265304
0.0001,10000.0,deeponet_families,gaussian,deeponet_scale,full,p99,0.44505071492153586
0.0001,10000.0,deeponet_families,gaussian,deeponet_scale,full,worst,0.44563132275536366
0.0001,10000.0,deeponet_families,gaussian,deeponet_scale,full,best,0.4071311615511379
0.0001,10000.0,deeponet_families,gaussian,deeponet_scale,full,frac_above_1,0.0
0.0001,10000.0,deeponet_families,gaussian,deeponet_scale,full,mean_squared_ratio,0.18088855469172369
0.0001,10000.0,deeponet_families,gaussian,deeponet_scale,complement,n,24
0.0001,10000.0,deeponet_families,gaussian,deeponet_scale,complement,mean,0.39272300418895273
0.0001,10000.0,deeponet_families,gaussian,deeponet_scale,complement,median,0.3927529540879978
0.0001,10000.0,deeponet_families,gaussian,deeponet_scale,complement,p95,0.41022240743919697
0.0001,10000.0,deeponet_families,gaussian,deeponet_scale,complement,p99,0.41666147745418586
0.0001,10000.0,deeponet_families,gaussian,deeponet_scale,complement,worst,0.41847911450882236
0.0001,10000.0,deeponet_families,gaussian,deeponet_scale,complement,best,0.37210259218175784
0.0001,10000.0,deeponet_families,gaussian,deeponet_scale,complement,frac_above_1,0.0
0.0001,10000.0,deeponet_families,gaussian,deeponet_scale,complement,mean_squared_ratio,0.15437891300091497
0.0001,10000.0,deeponet_families,fourier,jacobi,full,n,24
0.0001,10000.0,deeponet_families,fourier,jacobi,full,mean,0.4732824099201531
0.0001,10000.0,deeponet_families,fourier,jacobi,full,median,0.4758624342741524
0.0001,10000.0,deeponet_families,fourier,jacobi,full,p95,0.6676090840578802
0.0001,10000.0,deeponet_families,fourier,jacobi,full,p99,0.7016767594701254
0.0001,10000.0,deeponet_families,fourier,jacobi,full,worst,0.7098493606401133
0.0001,10000.0,deeponet_families,fourier,jacobi,full,best,0.29320448054832865
0.0001,10000.0,deeponet_families,fourier,jacobi,full,frac_above_1,0.0
0.0001,10000.0,deeponet_families,fourier,jacobi,full,mean_squared_ratio,0.24177685993758782
0.0001,10000.0,deeponet_families,fourier,jacobi,complement,n,24
0.0001,10000.0,deeponet_families,fourier,jacobi,complement,mean,0.42538021225778255
0.0001,10000.0,deeponet_families,fourier,jacobi,complement,median,0.4274961564647447
0.0001,10000.0,deeponet_families,fourier,jacobi,complement,p95,0.5946982931275152
0.0001,10000.0,deeponet_families,fourier,jacobi,complement,p99,0.6753079277777608
0.0001,10000.0,deeponet_families,fourier,jacobi,complement,worst,0.6991057952898695
0.0001,10000.0,deeponet_families,fourier,jacobi,complement,best,0.1588588146830849
0.0001,10000.0,deeponet_families,fourier,jacobi,complement,frac_above_1,0.0
0.0001,10000.0,deeponet_families,fourier,jacobi,complement,mean_squared_ratio,0.19985099856657973
0.0001,10000.0,deeponet_families,fourier,gs,full,n,24
0.0001,10000.0,deeponet_families,fourier,gs,full,mean,0.42392464867385593
0.0001,10000.0,deeponet_families,fourier,gs,full,median,0.4385797774098193
0.0001,10000.0,deeponet_families,fourier,gs,full,p95,0.5116032766993248
0.0001,10000.0,deeponet_families,fourier,gs,full,p99,0.547616275100253
0.0001,10000.0,deeponet_families,fourier,gs,full,worst,0.5578083788126194
0.0001,10000.0,deeponet_families,fourier,gs,full,best,0.24036690684231007
0.0001,10000.0,deeponet_families,fourier,gs,full,frac_above_1,0.0
0.0001,10000.0,deeponet_families,fourier,gs,full,mean_squared_ratio,0.184745751018108
0.0001,10000.0,deeponet_families,fourier,gs,complement,n,24
0.0001,10000.0,deeponet_families,fourier,gs,complement,mean,0.33794969860770774
0.0001,10000.0,deeponet_families,fourier,gs,complement,median,0.33143478850256325
0.0001,10000.0,deeponet_families,fourier,gs,complement,p95,0.4954282931586972
0.0001,10000.0,deeponet_families,fourier,gs,complement,p99,0.5269432614829895
0.0001,10000.0,deeponet_families,fourier,gs,complement,worst,0.5325972974028286
0.0001,10000.0,deeponet_families,fourier,gs,complement,best,0.17851009493570044
0.0001,10000.0,deeponet_families,fourier,gs,complement,frac_above_1,0.0
0.0001,10000.0,deeponet_families,fourier,gs,complement,mean_squared_ratio,0.12033616769100736
0.0001,10000.0,deeponet_families,fourier,sgs_ssor,full,n,24
0.0001,10000.0,deeponet_families,fourier,sgs_ssor,full,mean,0.24053662871659143
0.0001,10000.0,deeponet_families,fourier,sgs_ssor,full,median,0.24458582795643882
0.0001,10000.0,deeponet_families,fourier,sgs_ssor,full,p95,0.3183428732837525
0.0001,10000.0,deeponet_families,fourier,sgs_ssor,full,p99,0.3277628000076074
0.0001,10000.0,deeponet_families,fourier,sgs_ssor,full,worst,0.3303153122610742
0.0001,10000.0,deeponet_families,fourier,sgs_ssor,full,best,0.11470424222809356
0.0001,10000.0,deeponet_families,fourier,sgs_ssor,full,frac_above_1,0.0
0.0001,10000.0,deeponet_families,fourier,sgs_ssor,full,mean_squared_ratio,0.06057983206298631
0.0001,10000.0,deeponet_families,fourier,sgs_ssor,complement,n,24
0.0001,10000.0,deeponet_families,fourier,sgs_ssor,complement,mean,0.2219915036156895
0.0001,10000.0,deeponet_families,fourier,sgs_ssor,complement,median,0.23023761666512182
0.0001,10000.0,deeponet_families,fourier,sgs_ssor,complement,p95,0.30804206050264515
0.0001,10000.0,deeponet_families,fourier,sgs_ssor,complement,p99,0.320270977594883
0.0001,10000.0,deeponet_families,fourier,sgs_ssor,complement,worst,0.3233682778355286
0.0001,10000.0,deeponet_families,fourier,sgs_ssor,complement,best,0.10855241329352756
0.0001,10000.0,deeponet_families,fourier,sgs_ssor,complement,frac_above_1,0.0
0.0001,10000.0,deeponet_families,fourier,sgs_ssor,complement,mean_squared_ratio,0.05194763092203133
0.0001,10000.0,deeponet_families,fourier,deeponet_scale,full,n,24
0.0001,10000.0,deeponet_families,fourier,deeponet_scale,full,mean,0.46180711923972373
0.0001,10000.0,deeponet_families,fourier,deeponet_scale,full,median,0.45227979400939666
0.0001,10000.0,deeponet_families,fourier,deeponet_scale,full,p95,0.6988248017767104
0.0001,10000.0,deeponet_families,fourier,deeponet_scale,full,p99,0.7202042441054639
0.0001,10000.0,deeponet_families,fourier,deeponet_scale,full,worst,0.7263917588732361
0.0001,10000.0,deeponet_families,fourier,deeponet_scale,full,best,0.21379851442980638
0.0001,10000.0,deeponet_families,fourier,deeponet_scale,full,frac_above_1,0.0
0.0001,10000.0,deeponet_families,fourier,deeponet_scale,full,mean_squared_ratio,0.2328985459102754
0.0001,10000.0,deeponet_families,fourier,deeponet_scale,complement,n,24
0.0001,10000.0,deeponet_families,fourier,deeponet_scale,complement,mean,0.42801240258376455
0.0001,10000.0,deeponet_families,fourier,deeponet_scale,complement,median,0.4344369174434647
0.0001,10000.0,deeponet_families,fourier,deeponet_scale,complement,p95,0.6979978250162889
0.0001,10000.0,deeponet_families,fourier,deeponet_scale,complement,p99,0.7158959236332441
0.0001,10000.0,deeponet_families,fourier,deeponet_scale,complement,worst,0.7210803153832487
0.0001,10000.0,deeponet_families,fourier,deeponet_scale,complement,best,0.11965823272831552
0.0001,10000.0,deeponet_families,fourier,deeponet_scale,complement,frac_above_1,0.0
0.0001,10000.0,deeponet_families,fourier,deeponet_scale,complement,mean_squared_ratio,0.21100947248486088
0.0001,10000.0,deeponet_families,weak,jacobi,full,n,24
0.0001,10000.0,deeponet_families,weak,jacobi,full,mean,0.9611737461489822
0.0001,10000.0,deeponet_families,weak,jacobi,full,median,0.9835575375170648
0.0001,10000.0,deeponet_families,weak,jacobi,full,p95,0.993492138029257
0.0001,10000.0,deeponet_families,weak,jacobi,full,p99,0.9935855839680263
0.0001,10000.0,deeponet_families,weak,jacobi,full,worst,0.993613496391295
0.0001,10000.0,deeponet_families,weak,jacobi,full,best,0.8217163372568992
0.0001,10000.0,deeponet_families,weak,jacobi,full,frac_above_1,0.0
0.0001,10000.0,deeponet_families,weak,jacobi,full,mean_squared_ratio,0.9259684788140357
0.0001,10000.0,deeponet_families,weak,jacobi,complement,n,24
0.0001,10000.0,deeponet_families,weak,jacobi,complement,mean,0.9609468185392366
0.0001,10000.0,deeponet_families,weak,jacobi,complement,median,0.9835517158349808
0.0001,10000.0,deeponet_families,weak,jacobi,complement,p95,0.9934921355358438
0.0001,10000.0,deeponet_families,weak,jacobi,complement,p99,0.9935855833945411
0.0001,10000.0,deeponet_families,weak,jacobi,complement,worst,0.9936134963912948
0.0001,10000.0,deeponet_families,weak,jacobi,complement,best,0.8184271314185819
0.0001,10000.0,deeponet_families,weak,jacobi,complement,frac_above_1,0.0
0.0001,10000.0,deeponet_families,weak,jacobi,complement,mean_squared_ratio,0.9255878388018105
0.0001,10000.0,deeponet_families,weak,gs,full,n,24
0.0001,10000.0,deeponet_families,weak,gs,full,mean,0.9164169308329407
0.0001,10000.0,deeponet_families,weak,gs,full,median,0.9585595664741682
0.0001,10000.0,deeponet_families,weak,gs,full,p95,0.9824172438969383
0.0001,10000.0,deeponet_families,weak,gs,full,p99,0.9826225673641927
0.0001,10000.0,deeponet_families,weak,gs,full,worst,0.9826827438244803
0.0001,10000.0,deeponet_families,weak,gs,full,best,0.7011851686096813
0.0001,10000.0,deeponet_families,weak,gs,full,frac_above_1,0.0
0.0001,10000.0,deeponet_families,weak,gs,full,mean_squared_ratio,0.846943145156365
0.0001,10000.0,deeponet_families,weak,gs,complement,n,24
0.0001,10000.0,deeponet_families,weak,gs,complement,mean,0.9159774678477214
0.0001,10000.0,deeponet_families,weak,gs,complement,median,0.9584938504235382
0.0001,10000.0,deeponet_families,weak,gs,complement,p95,0.9823910737023791
0.0001,10000.0,deeponet_families,weak,gs,complement,p99,0.9825953356324472
0.0001,10000.0,deeponet_families,weak,gs,complement,worst,0.9826552149286067
0.0001,10000.0,deeponet_families,weak,gs,complement,best,0.6992300928576757
0.0001,10000.0,deeponet_families,weak,gs,complement,frac_above_1,0.0
0.0001,10000.0,deeponet_families,weak,gs,complement,mean_squared_ratio,0.8462791670699094
0.0001,10000.0,deeponet_families,weak,sgs_ssor,full,n,24
0.0001,10000.0,deeponet_families,weak,sgs_ssor,full,mean,0.8501482312096917
0.0001,10000.0,deeponet_families,weak,sgs_ssor,full,median,0.9204492151486038
0.0001,10000.0,deeponet_families,weak,sgs_ssor,full,p95,0.9654541348603243
0.0001,10000.0,deeponet_families,weak,sgs_ssor,full,p99,0.965847493576691
0.0001,10000.0,deeponet_families,weak,sgs_ssor,full,worst,0.9659627251094312
0.0001,10000.0,deeponet_families,weak,sgs_ssor,full,best,0.5033197762409523
0.0001,10000.0,deeponet_families,weak,sgs_ssor,full,frac_above_1,0.0
0.0001,10000.0,deeponet_families,weak,sgs_ssor,full,mean_squared_ratio,0.7426698768395315
0.0001,10000.0,deeponet_families,weak,sgs_ssor,complement,n,24
0.0001,10000.0,deeponet_families,weak,sgs_ssor,complement,mean,0.8495395774058553
0.0001,10000.0,deeponet_families,weak,sgs_ssor,complement,median,0.9203348785522347
0.0001,10000.0,deeponet_families,weak,sgs_ssor,complement,p95,0.965445099036258
0.0001,10000.0,deeponet_families,weak,sgs_ssor,complement,p99,0.9658374817927395
0.0001,10000.0,deeponet_families,weak,sgs_ssor,complement,worst,0.9659523858835642
0.0001,10000.0,deeponet_families,weak,sgs_ssor,complement,best,0.49994409628613673
0.0001,10000.0,deeponet_families,weak,sgs_ssor,complement,frac_above_1,0.0
0.0001,10000.0,deeponet_families,weak,sgs_ssor,complement,mean_squared_ratio,0.7419268616044187
0.0001,10000.0,deeponet_families,weak,deeponet_scale,full,n,24
0.0001,10000.0,deeponet_families,weak,deeponet_scale,full,mean,0.9554298076292316
0.0001,10000.0,deeponet_families,weak,deeponet_scale,full,median,0.9762916116585695
0.0001,10000.0,deeponet_families,weak,deeponet_scale,full,p95,0.9959739573240598
0.0001,10000.0,deeponet_families,weak,deeponet_scale,full,p99,0.9961519585598803
0.0001,10000.0,deeponet_families,weak,deeponet_scale,full,worst,0.9961729761614719
0.0001,10000.0,deeponet_families,weak,deeponet_scale,full,best,0.8172873498095103
0.0001,10000.0,deeponet_families,weak,deeponet_scale,full,frac_above_1,0.0
0.0001,10000.0,deeponet_families,weak,deeponet_scale,full,mean_squared_ratio,0.9156261088148567
0.0001,10000.0,deeponet_families,weak,deeponet_scale,complement,n,24
0.0001,10000.0,deeponet_families,weak,deeponet_scale,complement,mean,0.9514105392069547
0.0001,10000.0,deeponet_families,weak,deeponet_scale,complement,median,0.9751470662520749
0.0001,10000.0,deeponet_families,weak,deeponet_scale,complement,p95,0.9959358406852759
0.0001,10000.0,deeponet_families,weak,deeponet_scale,complement,p99,0.9961104463843797
0.0001,10000.0,deeponet_families,weak,deeponet_scale,complement,worst,0.9961257882832563
0.0001,10000.0,deeponet_families,weak,deeponet_scale,complement,best,0.7738482785307531
0.0001,10000.0,deeponet_families,weak,deeponet_scale,complement,frac_above_1,0.0
0.0001,10000.0,deeponet_families,weak,deeponet_scale,complement,mean_squared_ratio,0.9091079293146361
0.0001,10000.0,deeponet_families,survivor,jacobi,full,n,24
0.0001,10000.0,deeponet_families,survivor,jacobi,full,mean,0.8594758252237439
0.0001,10000.0,deeponet_families,survivor,jacobi,full,median,0.8904081428572755
0.0001,10000.0,deeponet_families,survivor,jacobi,full,p95,0.9638314093918442
0.0001,10000.0,deeponet_families,survivor,jacobi,full,p99,0.972338301019557
0.0001,10000.0,deeponet_families,survivor,jacobi,full,worst,0.9746302762843323
0.0001,10000.0,deeponet_families,survivor,jacobi,full,best,0.6639522222097072
0.0001,10000.0,deeponet_families,survivor,jacobi,full,frac_above_1,0.0
0.0001,10000.0,deeponet_families,survivor,jacobi,full,mean_squared_ratio,0.748353355474818
0.0001,10000.0,deeponet_families,survivor,jacobi,complement,n,24
0.0001,10000.0,deeponet_families,survivor,jacobi,complement,mean,0.84055544391973
0.0001,10000.0,deeponet_families,survivor,jacobi,complement,median,0.8752892617436712
0.0001,10000.0,deeponet_families,survivor,jacobi,complement,p95,0.9634224430097186
0.0001,10000.0,deeponet_families,survivor,jacobi,complement,p99,0.971354072922889
0.0001,10000.0,deeponet_families,survivor,jacobi,complement,worst,0.9734767995337494
0.0001,10000.0,deeponet_families,survivor,jacobi,complement,best,0.6287735498555009
0.0001,10000.0,deeponet_families,survivor,jacobi,complement,frac_above_1,0.0
0.0001,10000.0,deeponet_families,survivor,jacobi,complement,mean_squared_ratio,0.7188056910469669
0.0001,10000.0,deeponet_families,survivor,gs,full,n,24
0.0001,10000.0,deeponet_families,survivor,gs,full,mean,0.688836225803084
0.0001,10000.0,deeponet_families,survivor,gs,full,median,0.577928449188373
0.0001,10000.0,deeponet_families,survivor,gs,full,p95,0.9239714625493437
0.0001,10000.0,deeponet_families,survivor,gs,full,p99,0.9473686510385445
0.0001,10000.0,deeponet_families,survivor,gs,full,worst,0.9537554078876648
0.0001,10000.0,deeponet_families,survivor,gs,full,best,0.5210292903593997
0.0001,10000.0,deeponet_families,survivor,gs,full,frac_above_1,0.0
0.0001,10000.0,deeponet_families,survivor,gs,full,mean_squared_ratio,0.5043830168775653
0.0001,10000.0,deeponet_families,survivor,gs,complement,n,24
0.0001,10000.0,deeponet_families,survivor,gs,complement,mean,0.6610195803648478
0.0001,10000.0,deeponet_families,survivor,gs,complement,median,0.5298587423984062
0.0001,10000.0,deeponet_families,survivor,gs,complement,p95,0.9232185154094819
0.0001,10000.0,deeponet_families,survivor,gs,complement,p99,0.9456060087224856
0.0001,10000.0,deeponet_families,survivor,gs,complement,worst,0.9516906865212763
0.0001,10000.0,deeponet_families,survivor,gs,complement,best,0.45895429750716743
0.0001,10000.0,deeponet_families,survivor,gs,complement,frac_above_1,0.0
0.0001,10000.0,deeponet_families,survivor,gs,complement,mean_squared_ratio,0.47358848307349
0.0001,10000.0,deeponet_families,survivor,sgs_ssor,full,n,24
0.0001,10000.0,deeponet_families,survivor,sgs_ssor,full,mean,0.5510555708888702
0.0001,10000.0,deeponet_families,survivor,sgs_ssor,full,median,0.4050245655894136
0.0001,10000.0,deeponet_families,survivor,sgs_ssor,full,p95,0.868428817146709
0.0001,10000.0,deeponet_families,survivor,sgs_ssor,full,p99,0.9071809295476682
0.0001,10000.0,deeponet_families,survivor,sgs_ssor,full,worst,0.9179011134920226
0.0001,10000.0,deeponet_families,survivor,sgs_ssor,full,best,0.31839990931675877
0.0001,10000.0,deeponet_families,survivor,sgs_ssor,full,frac_above_1,0.0
0.0001,10000.0,deeponet_families,survivor,sgs_ssor,full,mean_squared_ratio,0.35752889329167353
0.0001,10000.0,deeponet_families,survivor,sgs_ssor,complement,n,24
0.0001,10000.0,deeponet_families,survivor,sgs_ssor,complement,mean,0.5412437279226947
0.0001,10000.0,deeponet_families,survivor,sgs_ssor,complement,median,0.3984943689342001
0.0001,10000.0,deeponet_families,survivor,sgs_ssor,complement,p95,0.8674833198911579
0.0001,10000.0,deeponet_families,survivor,sgs_ssor,complement,p99,0.9064088466089221
0.0001,10000.0,deeponet_families,survivor,sgs_ssor,complement,worst,0.9170591448860242
0.0001,10000.0,deeponet_families,survivor,sgs_ssor,complement,best,0.30284850714709377
0.0001,10000.0,deeponet_families,survivor,sgs_ssor,complement,frac_above_1,0.0
0.0001,10000.0,deeponet_families,survivor,sgs_ssor,complement,mean_squared_ratio,0.34996765096622223
0.0001,10000.0,deeponet_families,survivor,deeponet_scale,full,n,24
0.0001,10000.0,deeponet_families,survivor,deeponet_scale,full,mean,0.6953551079773922
0.0001,10000.0,deeponet_families,survivor,deeponet_scale,full,median,0.6147191702433339
0.0001,10000.0,deeponet_families,survivor,deeponet_scale,full,p95,0.9640399828981893
0.0001,10000.0,deeponet_families,survivor,deeponet_scale,full,p99,0.9687748131252426
0.0001,10000.0,deeponet_families,survivor,deeponet_scale,full,worst,0.9689770755998688
0.0001,10000.0,deeponet_families,survivor,deeponet_scale,full,best,0.4581511757962275
0.0001,10000.0,deeponet_families,survivor,deeponet_scale,full,frac_above_1,0.0
0.0001,10000.0,deeponet_families,survivor,deeponet_scale,full,mean_squared_ratio,0.5248506977631551
0.0001,10000.0,deeponet_families,survivor,deeponet_scale,complement,n,24
0.0001,10000.0,deeponet_families,survivor,deeponet_scale,complement,mean,0.6802338021555457
0.0001,10000.0,deeponet_families,survivor,deeponet_scale,complement,median,0.5951925580618185
0.0001,10000.0,deeponet_families,survivor,deeponet_scale,complement,p95,0.9530525593841171
0.0001,10000.0,deeponet_families,survivor,deeponet_scale,complement,p99,0.965009551469186
0.0001,10000.0,deeponet_families,survivor,deeponet_scale,complement,worst,0.967850914129194
0.0001,10000.0,deeponet_families,survivor,deeponet_scale,complement,best,0.4236830337037135
0.0001,10000.0,deeponet_families,survivor,deeponet_scale,complement,frac_above_1,0.0
0.0001,10000.0,deeponet_families,survivor,deeponet_scale,complement,mean_squared_ratio,0.5080079261359588
0.0001,10000.0,classical_stress,stress,jacobi,full,n,23
0.0001,10000.0,classical_stress,stress,jacobi,full,mean,0.8204568813550578
0.0001,10000.0,classical_stress,stress,jacobi,full,median,0.9207013559054557
0.0001,10000.0,classical_stress,stress,jacobi,full,p95,0.9934556828419315
0.0001,10000.0,classical_stress,stress,jacobi,full,p99,0.9935867975516469
0.0001,10000.0,classical_stress,stress,jacobi,full,worst,0.9936134963912954
0.0001,10000.0,classical_stress,stress,jacobi,full,best,0.31479897989947214
0.0001,10000.0,classical_stress,stress,jacobi,full,frac_above_1,0.0
0.0001,10000.0,classical_stress,stress,jacobi,full,mean_squared_ratio,0.7233831908604733
0.0001,10000.0,classical_stress,stress,jacobi,complement,n,23
0.0001,10000.0,classical_stress,stress,jacobi,complement,mean,0.7718787527465502
0.0001,10000.0,classical_stress,stress,jacobi,complement,median,0.9108361753515086
0.0001,10000.0,classical_stress,stress,jacobi,complement,p95,0.9934556766424011
0.0001,10000.0,classical_stress,stress,jacobi,complement,p99,0.9935867970030957
0.0001,10000.0,classical_stress,stress,jacobi,complement,worst,0.9936134963912948
0.0001,10000.0,classical_stress,stress,jacobi,complement,best,0.02251504770112149
0.0001,10000.0,classical_stress,stress,jacobi,complement,frac_above_1,0.0
0.0001,10000.0,classical_stress,stress,jacobi,complement,mean_squared_ratio,0.6773146042189321
0.0001,10000.0,classical_stress,stress,gs,full,n,23
0.0001,10000.0,classical_stress,stress,gs,full,mean,0.7235655002926239
0.0001,10000.0,classical_stress,stress,gs,full,median,0.7488517888044831
0.0001,10000.0,classical_stress,stress,gs,full,p95,0.9823175912507024
0.0001,10000.0,classical_stress,stress,gs,full,p99,0.9826167631553854
0.0001,10000.0,classical_stress,stress,gs,full,worst,0.9826827438244814
0.0001,10000.0,classical_stress,stress,gs,full,best,0.385393288656885
0.0001,10000.0,classical_stress,stress,gs,full,frac_above_1,0.0
0.0001,10000.0,classical_stress,stress,gs,full,mean_squared_ratio,0.5712447181137797
0.0001,10000.0,classical_stress,stress,gs,complement,n,23
0.0001,10000.0,classical_stress,stress,gs,complement,mean,0.6642290291390874
0.0001,10000.0,classical_stress,stress,gs,complement,median,0.7475748512497432
0.0001,10000.0,classical_stress,stress,gs,complement,p95,0.9822925733843278
0.0001,10000.0,classical_stress,stress,gs,complement,p99,0.9825896995089647
0.0001,10000.0,classical_stress,stress,gs,complement,worst,0.9826552149286054
0.0001,10000.0,classical_stress,stress,gs,complement,best,0.27909864120332445
0.0001,10000.0,classical_stress,stress,gs,complement,frac_above_1,0.0
0.0001,10000.0,classical_stress,stress,gs,complement,mean_squared_ratio,0.5205773719132606
0.0001,10000.0,classical_stress,stress,sgs_ssor,full,n,23
0.0001,10000.0,classical_stress,stress,sgs_ssor,full,mean,0.6087660405930141
0.0001,10000.0,classical_stress,stress,sgs_ssor,full,median,0.5743776003288973
0.0001,10000.0,classical_stress,stress,sgs_ssor,full,p95,0.9652715121917675
0.0001,10000.0,classical_stress,stress,sgs_ssor,full,p99,0.965837569092329
0.0001,10000.0,classical_stress,stress,sgs_ssor,full,worst,0.9659627251094315
0.0001,10000.0,classical_stress,stress,sgs_ssor,full,best,0.20318325648024624
0.0001,10000.0,classical_stress,stress,sgs_ssor,full,frac_above_1,0.0
0.0001,10000.0,classical_stress,stress,sgs_ssor,full,mean_squared_ratio,0.4523934307176679
0.0001,10000.0,classical_stress,stress,sgs_ssor,complement,n,23
0.0001,10000.0,classical_stress,stress,sgs_ssor,complement,mean,0.5886378101713912
0.0001,10000.0,classical_stress,stress,sgs_ssor,complement,median,0.5720240513746859
0.0001,10000.0,classical_stress,stress,sgs_ssor,complement,p95,0.965259039007685
0.0001,10000.0,classical_stress,stress,sgs_ssor,complement,p99,0.9658267739892503
0.0001,10000.0,classical_stress,stress,sgs_ssor,complement,worst,0.9659523858835636
0.0001,10000.0,classical_stress,stress,sgs_ssor,complement,best,0.16944475005841916
0.0001,10000.0,classical_stress,stress,sgs_ssor,complement,frac_above_1,0.0
0.0001,10000.0,classical_stress,stress,sgs_ssor,complement,mean_squared_ratio,0.44021194617375864
0.0001,10000.0,deeponet_stress,stress,jacobi,full,n,23
0.0001,10000.0,deeponet_stress,stress,jacobi,full,mean,0.8204568813550578
0.0001,10000.0,deeponet_stress,stress,jacobi,full,median,0.9207013559054557
0.0001,10000.0,deeponet_stress,stress,jacobi,full,p95,0.9934556828419315
0.0001,10000.0,deeponet_stress,stress,jacobi,full,p99,0.9935867975516469
0.0001,10000.0,deeponet_stress,stress,jacobi,full,worst,0.9936134963912954
0.0001,10000.0,deeponet_stress,stress,jacobi,full,best,0.31479897989947214
0.0001,10000.0,deeponet_stress,stress,jacobi,full,frac_above_1,0.0
0.0001,10000.0,deeponet_stress,stress,jacobi,full,mean_squared_ratio,0.7233831908604733
0.0001,10000.0,deeponet_stress,stress,jacobi,complement,n,23
0.0001,10000.0,deeponet_stress,stress,jacobi,complement,mean,0.7718787527465502
0.0001,10000.0,deeponet_stress,stress,jacobi,complement,median,0.9108361753515086
0.0001,10000.0,deeponet_stress,stress,jacobi,complement,p95,0.9934556766424011
0.0001,10000.0,deeponet_stress,stress,jacobi,complement,p99,0.9935867970030957
0.0001,10000.0,deeponet_stress,stress,jacobi,complement,worst,0.9936134963912948
0.0001,10000.0,deeponet_stress,stress,jacobi,complement,best,0.02251504770112149
0.0001,10000.0,deeponet_stress,stress,jacobi,complement,frac_above_1,0.0
0.0001,10000.0,deeponet_stress,stress,jacobi,complement,mean_squared_ratio,0.6773146042189321
0.0001,10000.0,deeponet_stress,stress,gs,full,n,23
0.0001,10000.0,deeponet_stress,stress,gs,full,mean,0.7235655002926239
0.0001,10000.0,deeponet_stress,stress,gs,full,median,0.7488517888044831
0.0001,10000.0,deeponet_stress,stress,gs,full,p95,0.9823175912507024
0.0001,10000.0,deeponet_stress,stress,gs,full,p99,0.9826167631553854
0.0001,10000.0,deeponet_stress,stress,gs,full,worst,0.9826827438244814
0.0001,10000.0,deeponet_stress,stress,gs,full,best,0.385393288656885
0.0001,10000.0,deeponet_stress,stress,gs,full,frac_above_1,0.0
0.0001,10000.0,deeponet_stress,stress,gs,full,mean_squared_ratio,0.5712447181137797
0.0001,10000.0,deeponet_stress,stress,gs,complement,n,23
0.0001,10000.0,deeponet_stress,stress,gs,complement,mean,0.6642290291390874
0.0001,10000.0,deeponet_stress,stress,gs,complement,median,0.7475748512497432
0.0001,10000.0,deeponet_stress,stress,gs,complement,p95,0.9822925733843278
0.0001,10000.0,deeponet_stress,stress,gs,complement,p99,0.9825896995089647
0.0001,10000.0,deeponet_stress,stress,gs,complement,worst,0.9826552149286054
0.0001,10000.0,deeponet_stress,stress,gs,complement,best,0.27909864120332445
0.0001,10000.0,deeponet_stress,stress,gs,complement,frac_above_1,0.0
0.0001,10000.0,deeponet_stress,stress,gs,complement,mean_squared_ratio,0.5205773719132606
0.0001,10000.0,deeponet_stress,stress,sgs_ssor,full,n,23
0.0001,10000.0,deeponet_stress,stress,sgs_ssor,full,mean,0.6087660405930141
0.0001,10000.0,deeponet_stress,stress,sgs_ssor,full,median,0.5743776003288973
0.0001,10000.0,deeponet_stress,stress,sgs_ssor,full,p95,0.9652715121917675
0.0001,10000.0,deeponet_stress,stress,sgs_ssor,full,p99,0.965837569092329
0.0001,10000.0,deeponet_stress,stress,sgs_ssor,full,worst,0.9659627251094315
0.0001,10000.0,deeponet_stress,stress,sgs_ssor,full,best,0.20318325648024624
0.0001,10000.0,deeponet_stress,stress,sgs_ssor,full,frac_above_1,0.0
0.0001,10000.0,deeponet_stress,stress,sgs_ssor,full,mean_squared_ratio,0.4523934307176679
0.0001,10000.0,deeponet_stress,stress,sgs_ssor,complement,n,23
0.0001,10000.0,deeponet_stress,stress,sgs_ssor,complement,mean,0.5886378101713912
0.0001,10000.0,deeponet_stress,stress,sgs_ssor,complement,median,0.5720240513746859
0.0001,10000.0,deeponet_stress,stress,sgs_ssor,complement,p95,0.965259039007685
0.0001,10000.0,deeponet_stress,stress,sgs_ssor,complement,p99,0.9658267739892503
0.0001,10000.0,deeponet_stress,stress,sgs_ssor,complement,worst,0.9659523858835636
0.0001,10000.0,deeponet_stress,stress,sgs_ssor,complement,best,0.16944475005841916
0.0001,10000.0,deeponet_stress,stress,sgs_ssor,complement,frac_above_1,0.0
0.0001,10000.0,deeponet_stress,stress,sgs_ssor,complement,mean_squared_ratio,0.44021194617375864
0.0001,10000.0,deeponet_stress,stress,deeponet_scale,full,n,23
0.0001,10000.0,deeponet_stress,stress,deeponet_scale,full,mean,0.6809362966249152
0.0001,10000.0,deeponet_stress,stress,deeponet_scale,full,median,0.8640824106149125
0.0001,10000.0,deeponet_stress,stress,deeponet_scale,full,p95,0.994760846148713
0.0001,10000.0,deeponet_stress,stress,deeponet_scale,full,p99,0.9952203786103183
0.0001,10000.0,deeponet_stress,stress,deeponet_scale,full,worst,0.995340951621582
0.0001,10000.0,deeponet_stress,stress,deeponet_scale,full,best,0.09334977806939554
0.0001,10000.0,deeponet_stress,stress,deeponet_scale,full,frac_above_1,0.0
0.0001,10000.0,deeponet_stress,stress,deeponet_scale,full,mean_squared_ratio,0.5597052030720162
0.0001,10000.0,deeponet_stress,stress,deeponet_scale,complement,n,23
0.0001,10000.0,deeponet_stress,stress,deeponet_scale,complement,mean,0.6382065726526774
0.0001,10000.0,deeponet_stress,stress,deeponet_scale,complement,median,0.8627883813409356
0.0001,10000.0,deeponet_stress,stress,deeponet_scale,complement,p95,0.9947509072859756
0.0001,10000.0,deeponet_stress,stress,deeponet_scale,complement,p99,0.995137443385023
0.0001,10000.0,deeponet_stress,stress,deeponet_scale,complement,worst,0.9952374597762867
0.0001,10000.0,deeponet_stress,stress,deeponet_scale,complement,best,0.059046835598048866
0.0001,10000.0,deeponet_stress,stress,deeponet_scale,complement,frac_above_1,0.0
0.0001,10000.0,deeponet_stress,stress,deeponet_scale,complement,mean_squared_ratio,0.5354807249622432
0.0001,10000.0,vcycle,-,learned,stationary,mean_rate,0.9784047432474274
0.0001,10000.0,vcycle,-,learned,stationary,worst_rate,0.9803637791850519
0.0001,10000.0,vcycle,-,learned,stationary,mean_iterations,30.0
0.0001,10000.0,vcycle,-,learned,stationary,seconds_per_rhs,0.6733057999808807
